-- MySQL dump 10.13  Distrib 8.0.45, for Linux (x86_64)
--
-- Host: localhost    Database: music_recommendation_system
-- ------------------------------------------------------
-- Server version	8.0.45

/*!40101 SET @OLD_CHARACTER_SET_CLIENT=@@CHARACTER_SET_CLIENT */;
/*!40101 SET @OLD_CHARACTER_SET_RESULTS=@@CHARACTER_SET_RESULTS */;
/*!40101 SET @OLD_COLLATION_CONNECTION=@@COLLATION_CONNECTION */;
/*!50503 SET NAMES utf8mb4 */;
/*!40103 SET @OLD_TIME_ZONE=@@TIME_ZONE */;
/*!40103 SET TIME_ZONE='+00:00' */;
/*!40014 SET @OLD_UNIQUE_CHECKS=@@UNIQUE_CHECKS, UNIQUE_CHECKS=0 */;
/*!40014 SET @OLD_FOREIGN_KEY_CHECKS=@@FOREIGN_KEY_CHECKS, FOREIGN_KEY_CHECKS=0 */;
/*!40101 SET @OLD_SQL_MODE=@@SQL_MODE, SQL_MODE='NO_AUTO_VALUE_ON_ZERO' */;
/*!40111 SET @OLD_SQL_NOTES=@@SQL_NOTES, SQL_NOTES=0 */;

--
-- Table structure for table `SequelizeMeta`
--

DROP TABLE IF EXISTS `SequelizeMeta`;
/*!40101 SET @saved_cs_client     = @@character_set_client */;
/*!50503 SET character_set_client = utf8mb4 */;
CREATE TABLE `SequelizeMeta` (
  `name` varchar(255) COLLATE utf8mb3_unicode_ci NOT NULL,
  PRIMARY KEY (`name`),
  UNIQUE KEY `name` (`name`)
) ENGINE=InnoDB DEFAULT CHARSET=utf8mb3 COLLATE=utf8mb3_unicode_ci;
/*!40101 SET character_set_client = @saved_cs_client */;

--
-- Dumping data for table `SequelizeMeta`
--

LOCK TABLES `SequelizeMeta` WRITE;
/*!40000 ALTER TABLE `SequelizeMeta` DISABLE KEYS */;
INSERT INTO `SequelizeMeta` VALUES ('20260426014241-init-database.js'),('20260426151349-add-genres-and-song-genres.js');
/*!40000 ALTER TABLE `SequelizeMeta` ENABLE KEYS */;
UNLOCK TABLES;

--
-- Table structure for table `artists`
--

DROP TABLE IF EXISTS `artists`;
/*!40101 SET @saved_cs_client     = @@character_set_client */;
/*!50503 SET character_set_client = utf8mb4 */;
CREATE TABLE `artists` (
  `artist_id` int NOT NULL AUTO_INCREMENT,
  `name` varchar(255) NOT NULL,
  `image_url` varchar(500) DEFAULT NULL,
  `normalized_name` varchar(255) NOT NULL,
  PRIMARY KEY (`artist_id`),
  UNIQUE KEY `normalized_name` (`normalized_name`)
) ENGINE=InnoDB AUTO_INCREMENT=218 DEFAULT CHARSET=utf8mb4 COLLATE=utf8mb4_0900_ai_ci;
/*!40101 SET character_set_client = @saved_cs_client */;

--
-- Dumping data for table `artists`
--

LOCK TABLES `artists` WRITE;
/*!40000 ALTER TABLE `artists` DISABLE KEYS */;
INSERT INTO `artists` VALUES (1,'Lã.',NULL,'lã.'),(2,'Log',NULL,'log'),(3,'TiB',NULL,'tib'),(4,'RPT MCK',NULL,'rptmck'),(5,'Nguyenn',NULL,'nguyenn'),(6,'@aric1407',NULL,'@aric1407'),(7,'Bập Bênh Team',NULL,'bậpbênhteam'),(8,'Doãn Hiếu',NULL,'doãnhiếu'),(9,'Bùi Công Nam',NULL,'bùicôngnam'),(10,'VIỆT',NULL,'việt'),(11,'DEUS',NULL,'deus'),(12,'Karik',NULL,'karik'),(13,'Gducky',NULL,'gducky'),(14,'Tân Trần',NULL,'tântrần'),(15,'LINH THỘN',NULL,'linhthộn'),(16,'GIA NGHI',NULL,'gianghi'),(17,'K-ICM',NULL,'k-icm'),(18,'B Ray',NULL,'bray'),(19,'Emcee L',NULL,'emceel'),(20,'Muộii',NULL,'muộii'),(21,'Bem',NULL,'bem'),(22,'Nguyen',NULL,'nguyen'),(23,'ImPoe',NULL,'impoe'),(24,'Nmọc',NULL,'nmọc'),(25,'Dmean',NULL,'dmean'),(26,'Astac',NULL,'astac'),(27,'JustaTee',NULL,'justatee'),(28,'Binz',NULL,'binz'),(29,'QUÂN A_P',NULL,'quâna_p'),(30,'Krix',NULL,'krix'),(31,'Rush',NULL,'rush'),(32,'Nhi Nhi',NULL,'nhinhi'),(33,'HuyR',NULL,'huyr'),(34,'Tùng Viu',NULL,'tùngviu'),(35,'DATKAA',NULL,'datkaa'),(36,'QT BEATZ',NULL,'qtbeatz'),(37,'Da LAB',NULL,'dalab'),(38,'Hoàng Tôn',NULL,'hoàngtôn'),(39,'YANBI',NULL,'yanbi'),(40,'Koo',NULL,'koo'),(41,'Rhyder',NULL,'rhyder'),(42,'Ash Island',NULL,'ashisland'),(43,'Dick',NULL,'dick'),(44,'Tofu',NULL,'tofu'),(45,'PC',NULL,'pc'),(46,'HIEUTHUHAI',NULL,'hieuthuhai'),(47,'HURRYKNG',NULL,'hurrykng'),(48,'REX',NULL,'rex'),(49,'HUYỀN TÂM MÔN',NULL,'huyềntâmmôn'),(50,'Huỳnh Văn',NULL,'huỳnhvăn'),(51,'Vũ Phụng Tiên',NULL,'vũphụngtiên'),(52,'Uyên Pím',NULL,'uyênpím'),(53,'Khoi Vu',NULL,'khoivu'),(54,'Duy Phúc',NULL,'duyphúc'),(55,'Long Cao',NULL,'longcao'),(56,'Chillies',NULL,'chillies'),(57,'Suni Hạ Linh',NULL,'sunihạlinh'),(58,'Rhymastic',NULL,'rhymastic'),(59,'UMIE',NULL,'umie'),(60,'RUM',NULL,'rum'),(61,'NIT',NULL,'nit'),(62,'MASEW',NULL,'masew'),(63,'Venn',NULL,'venn'),(64,'LÊ THIỆN HIẾU',NULL,'lêthiệnhiếu'),(65,'Ba Chú Bộ Đội',NULL,'bachúbộđội'),(66,'Kai06',NULL,'kai06'),(67,'Try92',NULL,'try92'),(68,'Vũ.',NULL,'vũ.'),(69,'Simon C',NULL,'simonc'),(70,'Wuy',NULL,'wuy'),(71,'Tuấn Cry',NULL,'tuấncry'),(72,'MR_A',NULL,'mr_a'),(73,'Wxrdie',NULL,'wxrdie'),(74,'Machiot',NULL,'machiot'),(75,'DT Tập Rap',NULL,'dttậprap'),(76,'Mai Xuân Thứ',NULL,'maixuânthứ'),(77,'FREAKY',NULL,'freaky'),(78,'CM1X',NULL,'cm1x'),(79,'SEANPOET',NULL,'seanpoet'),(80,'QUỲNH GAI',NULL,'quỳnhgai'),(81,'Minh Huy',NULL,'minhhuy'),(82,'Ssahita',NULL,'ssahita'),(83,'Duy Lion',NULL,'duylion'),(84,'DEAR JANE',NULL,'dearjane'),(85,'Specter',NULL,'specter'),(86,'Chu',NULL,'chu'),(87,'Củ Cải',NULL,'củcải'),(88,'DucMinh',NULL,'ducminh'),(89,'PhucXp',NULL,'phucxp'),(90,'ZEXZEX',NULL,'zexzex'),(91,'Obito',NULL,'obito'),(92,'SHIKI',NULL,'shiki'),(93,'VSTRA',NULL,'vstra'),(94,'Emma',NULL,'emma'),(95,'Seachains',NULL,'seachains'),(96,'TIEU SON',NULL,'tieuson'),(97,'6A6Y9ANG',NULL,'6a6y9ang'),(98,'WINNO',NULL,'winno'),(99,'QNT',NULL,'qnt'),(100,'TRUNG TRẦN',NULL,'trungtrần'),(101,'Vinh Khuat',NULL,'vinhkhuat'),(102,'BAN',NULL,'ban'),(103,'COOLKID',NULL,'coolkid'),(104,'PhongKhin',NULL,'phongkhin'),(105,'Dewie',NULL,'dewie'),(106,'Ronboogz',NULL,'ronboogz'),(107,'VSOUL',NULL,'vsoul'),(108,'Boyzed',NULL,'boyzed'),(109,'RPT Orijinn',NULL,'rptorijinn'),(110,'Xuân Định K_Y',NULL,'xuânđịnhk_y'),(111,'NamDuc',NULL,'namduc'),(112,'O.lew',NULL,'o.lew'),(113,'Lửa',NULL,'lửa'),(116,'ANFANG',NULL,'anfang'),(117,'ANDIEZ',NULL,'andiez'),(118,'Erik',NULL,'erik'),(119,'Davis',NULL,'davis'),(120,'Lena',NULL,'lena'),(121,'Khắc Việt',NULL,'khắcviệt'),(122,'Sáo',NULL,'sáo'),(123,'Heki',NULL,'heki'),(124,'SƠN TÙNG MTP',NULL,'sơntùngmtp'),(125,'NGHIIA',NULL,'nghiia'),(126,'RICKY STAR',NULL,'rickystar'),(127,'T.R.I',NULL,'t.r.i'),(128,'PHƯƠNG LY',NULL,'phươngly'),(129,'THỊNH SUY',NULL,'thịnhsuy'),(130,'Heily',NULL,'heily'),(131,'Gii',NULL,'gii'),(132,'Hiderway',NULL,'hiderway'),(133,'Mr T',NULL,'mrt'),(134,'Hằng Bingboong',NULL,'hằngbingboong'),(135,'Đạt G',NULL,'đạtg'),(136,'Lập Nguyên',NULL,'lậpnguyên'),(137,'Trịnh Đình Quang',NULL,'trịnhđìnhquang'),(138,'Trung Tự',NULL,'trungtự'),(139,'Thắng',NULL,'thắng'),(140,'Việt Anh',NULL,'việtanh'),(141,'TRỊNH THĂNG BÌNH',NULL,'trịnhthăngbình'),(142,'YẾN NỒI CƠM ĐIỆN',NULL,'yếnnồicơmđiện'),(143,'Tăng Duy Tân',NULL,'tăngduytân'),(144,'LyHan',NULL,'lyhan'),(145,'kis',NULL,'kis'),(146,'JOJH',NULL,'jojh'),(147,'Kuaan',NULL,'kuaan'),(148,'Tùng TeA',NULL,'tùngtea'),(149,'CLOW',NULL,'clow'),(150,'FLEPY',NULL,'flepy'),(151,'DARKC',NULL,'darkc'),(152,'KHOA',NULL,'khoa'),(153,'Kay Tran',NULL,'kaytran'),(154,'Duck V',NULL,'duckv'),(155,'Tyronee',NULL,'tyronee'),(156,'Nâu',NULL,'nâu'),(157,'Duongg',NULL,'duongg'),(158,'267',NULL,'267'),(159,'tlinh',NULL,'tlinh'),(160,'WREN EVANS',NULL,'wrenevans'),(161,'Charles',NULL,'charles'),(162,'Nguyễn Minh Cường',NULL,'nguyễnminhcường'),(163,'VƯƠNG ANH TÚ',NULL,'vươnganhtú'),(164,'THANH HƯNG',NULL,'thanhhưng'),(165,'buitruonglinh',NULL,'buitruonglinh'),(166,'h0n',NULL,'h0n'),(167,'Hai Dang Doo',NULL,'haidangdoo'),(168,'Weeza',NULL,'weeza'),(169,'MONSTAR',NULL,'monstar'),(170,'kris d',NULL,'krisd'),(171,'SOOBIN',NULL,'soobin'),(172,'Grey D',NULL,'greyd'),(173,'Dunghoangpham',NULL,'dunghoangpham'),(174,'Kuun Đức Nam',NULL,'kuunđứcnam'),(175,'Only C',NULL,'onlyc'),(176,'Lou Hoàng',NULL,'louhoàng'),(177,'Nguyễn Trung Đức',NULL,'nguyễntrungđức'),(180,'Cammie',NULL,'cammie'),(181,'TINO',NULL,'tino'),(182,'Nger',NULL,'nger'),(183,'Anh Quân Idol',NULL,'anhquânidol'),(184,'Khắc Anh',NULL,'khắcanh'),(185,'Vang',NULL,'vang'),(186,'Cloud 5',NULL,'cloud5'),(187,'Fishy',NULL,'fishy'),(188,'Trí Dũng',NULL,'trídũng'),(189,'LEMESE',NULL,'lemese'),(190,'CHANGG',NULL,'changg'),(191,'NAMNOIGI',NULL,'namnoigi'),(192,'Quyên Qui',NULL,'quyênqui'),(193,'ĐỨC TRƯỜNG',NULL,'đứctrường'),(194,'Quinn',NULL,'quinn'),(195,'Chilly',NULL,'chilly'),(196,'Sixkie Dawgz',NULL,'sixkiedawgz'),(197,'Dũng',NULL,'dũng'),(198,'PUPPY',NULL,'puppy'),(199,'Dangrangto',NULL,'dangrangto'),(200,'Cá',NULL,'cá'),(201,'CZEE',NULL,'czee'),(203,'2T',NULL,'2t'),(204,'Hoài Lâm',NULL,'hoàilâm'),(205,'WEAN',NULL,'wean'),(207,'Phùng Khánh Linh',NULL,'phungkhanhlinh'),(208,'Hngle',NULL,'hngle'),(209,'Ari',NULL,'ari'),(210,'Low G',NULL,'lowg'),(211,'Anh Khang',NULL,'anhkhang'),(212,'Hannie',NULL,'hannie'),(213,'Jack - J97',NULL,'jack-j97'),(214,'ICM',NULL,'icm'),(215,'Jack',NULL,'jack'),(216,'LIAM',NULL,'liam');
/*!40000 ALTER TABLE `artists` ENABLE KEYS */;
UNLOCK TABLES;

--
-- Table structure for table `artists_backup`
--

DROP TABLE IF EXISTS `artists_backup`;
/*!40101 SET @saved_cs_client     = @@character_set_client */;
/*!50503 SET character_set_client = utf8mb4 */;
CREATE TABLE `artists_backup` (
  `artist_id` int NOT NULL DEFAULT '0',
  `name` varchar(255) NOT NULL,
  `image_url` varchar(500) DEFAULT NULL
) ENGINE=InnoDB DEFAULT CHARSET=utf8mb4 COLLATE=utf8mb4_0900_ai_ci;
/*!40101 SET character_set_client = @saved_cs_client */;

--
-- Dumping data for table `artists_backup`
--

LOCK TABLES `artists_backup` WRITE;
/*!40000 ALTER TABLE `artists_backup` DISABLE KEYS */;
INSERT INTO `artists_backup` VALUES (1,'Lã.',NULL),(2,'Log',NULL),(3,'TiB',NULL),(4,'RPT MCK',NULL),(5,'Nguyenn',NULL),(6,'@aric1407',NULL),(7,'Bập Bênh Team',NULL),(8,'Doãn Hiếu',NULL),(9,'Bùi Công Nam',NULL),(10,'VIỆT',NULL),(11,'DEUS',NULL),(12,'Karik',NULL),(13,'Gducky',NULL),(14,'Tân Trần',NULL),(15,'LINH THỘN',NULL),(16,'GIA NGHI',NULL),(17,'K-ICM',NULL),(18,'B Ray',NULL),(19,'Emcee L',NULL),(20,'Muộii',NULL),(21,'Bem',NULL),(22,'Nguyen',NULL),(23,'ImPoe',NULL),(24,'Nmọc',NULL),(25,'Dmean',NULL),(26,'Astac',NULL),(27,'JustaTee',NULL),(28,'Binz',NULL),(29,'QUÂN A_P',NULL),(30,'Krix',NULL),(31,'Rush',NULL),(32,'Nhi Nhi',NULL),(33,'HuyR',NULL),(34,'Tùng Viu',NULL),(35,'DATKAA',NULL),(36,'QT BEATZ',NULL),(37,'Da LAB',NULL),(38,'Hoàng Tôn',NULL),(39,'YANBI',NULL),(40,'Koo',NULL),(41,'Rhyder',NULL),(42,'Ash Island',NULL),(43,'Dick',NULL),(44,'Tofu',NULL),(45,'PC',NULL),(46,'HIEUTHUHAI',NULL),(47,'HURRYKNG',NULL),(48,'REX',NULL),(49,'HUYỀN TÂM MÔN',NULL),(50,'Huỳnh Văn',NULL),(51,'Vũ Phụng Tiên',NULL),(52,'Uyên Pím',NULL),(53,'Khoi Vu',NULL),(54,'Duy Phúc',NULL),(55,'Long Cao',NULL),(56,'Chillies',NULL),(57,'Suni Hạ Linh',NULL),(58,'Rhymastic',NULL),(59,'UMIE',NULL),(60,'RUM',NULL),(61,'NIT',NULL),(62,'MASEW',NULL),(63,'Venn',NULL),(64,'LÊ THIỆN HIẾU',NULL),(65,'Ba Chú Bộ Đội',NULL),(66,'Kai06',NULL),(67,'Try92',NULL),(68,'Vũ.',NULL),(69,'Simon C',NULL),(70,'Wuy',NULL),(71,'Tuấn Cry',NULL),(72,'MR_A',NULL),(73,'Wxrdie',NULL),(74,'Machiot',NULL),(75,'DT Tập Rap',NULL),(76,'Mai Xuân Thứ',NULL),(77,'FREAKY',NULL),(78,'CM1X',NULL),(79,'SEANPOET',NULL),(80,'QUỲNH GAI',NULL),(81,'Minh Huy',NULL),(82,'Ssahita',NULL),(83,'Duy Lion',NULL),(84,'DEAR JANE',NULL),(85,'Specter',NULL),(86,'Chu',NULL),(87,'Củ Cải',NULL),(88,'DucMinh',NULL),(89,'PhucXp',NULL),(90,'ZEXZEX',NULL),(91,'Obito',NULL),(92,'SHIKI',NULL),(93,'VSTRA',NULL),(94,'Emma',NULL),(95,'Seachains',NULL),(96,'TIEU SON',NULL),(97,'6A6Y9ANG',NULL),(98,'WINNO',NULL),(99,'QNT',NULL),(100,'TRUNG TRẦN',NULL),(101,'Vinh Khuat',NULL),(102,'BAN',NULL),(103,'COOLKID',NULL),(104,'PhongKhin',NULL),(105,'Dewie',NULL),(106,'Ronboogz',NULL),(107,'VSOUL',NULL),(108,'Boyzed',NULL),(109,'RPT Orijinn',NULL),(110,'Xuân Định K_Y',NULL),(111,'NamDuc',NULL),(112,'O.lew',NULL),(113,'Lửa',NULL),(114,'SEANPOET',NULL),(115,'MUỘII',NULL),(116,'ANFANG',NULL),(117,'ANDIEZ',NULL),(118,'Erik',NULL),(119,'Davis',NULL),(120,'Lena',NULL),(121,'Khắc Việt',NULL),(122,'Sáo',NULL),(123,'Heki',NULL),(124,'SƠN TÙNG MTP',NULL),(125,'NGHIIA',NULL),(126,'RICKY STAR',NULL),(127,'T.R.I',NULL),(128,'PHƯƠNG LY',NULL),(129,'THỊNH SUY',NULL),(130,'Heily',NULL),(131,'Gii',NULL),(132,'Hiderway',NULL),(133,'Mr T',NULL),(134,'Hằng Bingboong',NULL),(135,'Đạt G',NULL),(136,'Lập Nguyên',NULL),(137,'Trịnh Đình Quang',NULL),(138,'Trung Tự',NULL),(139,'Thắng',NULL),(140,'Việt Anh',NULL),(141,'TRỊNH THĂNG BÌNH',NULL),(142,'YẾN NỒI CƠM ĐIỆN',NULL),(143,'Tăng Duy Tân',NULL),(144,'LyHan',NULL),(145,'kis',NULL),(146,'JOJH',NULL),(147,'Kuaan',NULL),(148,'Tùng TeA',NULL),(149,'CLOW',NULL),(150,'FLEPY',NULL),(151,'DARKC',NULL),(152,'KHOA',NULL),(153,'Kay Tran',NULL),(154,'Duck V',NULL),(155,'Tyronee',NULL),(156,'Nâu',NULL),(157,'Duongg',NULL),(158,'267',NULL),(159,'tlinh',NULL),(160,'WREN EVANS',NULL),(161,'Charles',NULL),(162,'Nguyễn Minh Cường',NULL),(163,'VƯƠNG ANH TÚ',NULL),(164,'THANH HƯNG',NULL),(165,'buitruonglinh',NULL),(166,'h0n',NULL),(167,'Hai Dang Doo',NULL),(168,'Weeza',NULL),(169,'MONSTAR',NULL),(170,'kris d',NULL),(171,'soobin hoàng sơn',NULL),(172,'Grey D',NULL),(173,'Dunghoangpham',NULL),(174,'Kuun Đức Nam',NULL),(175,'Only C',NULL),(176,'Lou Hoàng',NULL),(177,'Nguyễn Trung Đức',NULL),(178,'Andiez',NULL),(179,'T.R.I',NULL),(180,'Cammie',NULL),(181,'TINO',NULL),(182,'Nger',NULL),(183,'Anh Quân Idol',NULL),(184,'Khắc Anh',NULL),(185,'Vang',NULL),(186,'Cloud 5',NULL),(187,'fishy',NULL),(188,'Trí Dũng',NULL),(189,'LEMESE',NULL),(190,'CHANGG',NULL),(191,'NAMNOIGI',NULL),(192,'Quyên Qui',NULL),(193,'ĐỨC TRƯỜNG',NULL),(194,'Quinn',NULL),(195,'Chilly',NULL),(196,'Sixkie Dawgz',NULL),(197,'Dũng',NULL),(198,'PUPPY',NULL),(199,'DANGRANGTO',NULL),(200,'Cá',NULL),(201,'CZEE',NULL),(202,'Nguyên',NULL),(203,'2T',NULL),(204,'Hoài Lâm',NULL),(205,'WEAN',NULL),(206,'Sơn Tùng MTP ',NULL);
/*!40000 ALTER TABLE `artists_backup` ENABLE KEYS */;
UNLOCK TABLES;

--
-- Table structure for table `favorites`
--

DROP TABLE IF EXISTS `favorites`;
/*!40101 SET @saved_cs_client     = @@character_set_client */;
/*!50503 SET character_set_client = utf8mb4 */;
CREATE TABLE `favorites` (
  `user_id` int NOT NULL,
  `song_id` int NOT NULL,
  `created_at` datetime DEFAULT CURRENT_TIMESTAMP,
  `updated_at` datetime DEFAULT CURRENT_TIMESTAMP,
  PRIMARY KEY (`user_id`,`song_id`),
  KEY `song_id` (`song_id`),
  CONSTRAINT `favorites_ibfk_1` FOREIGN KEY (`user_id`) REFERENCES `users` (`user_id`) ON DELETE CASCADE,
  CONSTRAINT `favorites_ibfk_2` FOREIGN KEY (`song_id`) REFERENCES `songs` (`song_id`) ON DELETE CASCADE
) ENGINE=InnoDB DEFAULT CHARSET=utf8mb4 COLLATE=utf8mb4_0900_ai_ci;
/*!40101 SET character_set_client = @saved_cs_client */;

--
-- Dumping data for table `favorites`
--

LOCK TABLES `favorites` WRITE;
/*!40000 ALTER TABLE `favorites` DISABLE KEYS */;
INSERT INTO `favorites` VALUES (1,22,'2026-04-28 15:49:01','2026-04-28 15:49:01'),(1,39,'2026-04-28 07:43:09','2026-04-28 07:43:09'),(1,124,'2026-04-27 14:19:19','2026-04-27 14:19:19'),(1,133,'2026-04-28 09:42:41','2026-04-28 09:42:41'),(1,153,'2026-04-27 09:49:18','2026-04-27 09:49:18'),(1,172,'2026-04-27 09:23:26','2026-04-27 09:23:26'),(1,175,'2026-04-27 10:40:23','2026-04-27 10:40:23'),(1,178,'2026-04-27 09:13:41','2026-04-27 09:13:41'),(1,179,'2026-04-28 08:10:05','2026-04-28 08:10:05'),(1,180,'2026-04-28 14:22:46','2026-04-28 14:22:46'),(1,181,'2026-04-28 09:35:37','2026-04-28 09:35:37'),(1,182,'2026-04-28 15:56:53','2026-04-28 15:56:53');
/*!40000 ALTER TABLE `favorites` ENABLE KEYS */;
UNLOCK TABLES;

--
-- Table structure for table `genres`
--

DROP TABLE IF EXISTS `genres`;
/*!40101 SET @saved_cs_client     = @@character_set_client */;
/*!50503 SET character_set_client = utf8mb4 */;
CREATE TABLE `genres` (
  `genre_id` int NOT NULL AUTO_INCREMENT,
  `name` varchar(100) NOT NULL,
  `normalized_name` varchar(100) NOT NULL,
  PRIMARY KEY (`genre_id`),
  UNIQUE KEY `normalized_name` (`normalized_name`)
) ENGINE=InnoDB AUTO_INCREMENT=10 DEFAULT CHARSET=utf8mb4 COLLATE=utf8mb4_0900_ai_ci;
/*!40101 SET character_set_client = @saved_cs_client */;

--
-- Dumping data for table `genres`
--

LOCK TABLES `genres` WRITE;
/*!40000 ALTER TABLE `genres` DISABLE KEYS */;
INSERT INTO `genres` VALUES (1,'R&B','r&b'),(2,'Soul','soul'),(4,'Nhạc Trẻ','nhactre'),(5,'Ballad','ballad'),(6,'Rap Việt','rapviet'),(7,'Hip-Hop','hip-hop'),(8,'Pop','pop'),(9,'Việt Nam','vietnam');
/*!40000 ALTER TABLE `genres` ENABLE KEYS */;
UNLOCK TABLES;

--
-- Table structure for table `playlists`
--

DROP TABLE IF EXISTS `playlists`;
/*!40101 SET @saved_cs_client     = @@character_set_client */;
/*!50503 SET character_set_client = utf8mb4 */;
CREATE TABLE `playlists` (
  `playlist_id` int NOT NULL AUTO_INCREMENT,
  `name` varchar(255) DEFAULT NULL,
  `type` enum('DAILY_MIX','NORMAL') DEFAULT 'NORMAL',
  `mix_date` date DEFAULT NULL,
  PRIMARY KEY (`playlist_id`)
) ENGINE=InnoDB DEFAULT CHARSET=utf8mb4 COLLATE=utf8mb4_0900_ai_ci;
/*!40101 SET character_set_client = @saved_cs_client */;

--
-- Dumping data for table `playlists`
--

LOCK TABLES `playlists` WRITE;
/*!40000 ALTER TABLE `playlists` DISABLE KEYS */;
/*!40000 ALTER TABLE `playlists` ENABLE KEYS */;
UNLOCK TABLES;

--
-- Table structure for table `ratings`
--

DROP TABLE IF EXISTS `ratings`;
/*!40101 SET @saved_cs_client     = @@character_set_client */;
/*!50503 SET character_set_client = utf8mb4 */;
CREATE TABLE `ratings` (
  `rating_id` int NOT NULL AUTO_INCREMENT,
  `user_id` int NOT NULL,
  `song_id` int NOT NULL,
  `score` tinyint NOT NULL,
  `created_at` datetime DEFAULT CURRENT_TIMESTAMP,
  `updated_at` datetime DEFAULT CURRENT_TIMESTAMP,
  PRIMARY KEY (`rating_id`),
  UNIQUE KEY `ratings_user_id_song_id` (`user_id`,`song_id`),
  KEY `ratings_song_id` (`song_id`),
  CONSTRAINT `ratings_ibfk_1` FOREIGN KEY (`user_id`) REFERENCES `users` (`user_id`) ON DELETE CASCADE,
  CONSTRAINT `ratings_ibfk_2` FOREIGN KEY (`song_id`) REFERENCES `songs` (`song_id`) ON DELETE CASCADE
) ENGINE=InnoDB AUTO_INCREMENT=16 DEFAULT CHARSET=utf8mb4 COLLATE=utf8mb4_0900_ai_ci;
/*!40101 SET character_set_client = @saved_cs_client */;

--
-- Dumping data for table `ratings`
--

LOCK TABLES `ratings` WRITE;
/*!40000 ALTER TABLE `ratings` DISABLE KEYS */;
INSERT INTO `ratings` VALUES (1,1,175,3,'2026-04-27 03:59:39','2026-04-27 04:02:03'),(2,1,178,5,'2026-04-27 04:29:48','2026-04-27 04:29:48'),(3,3,178,3,'2026-04-27 04:33:20','2026-04-27 04:33:20'),(4,1,177,3,'2026-04-27 04:37:37','2026-04-27 04:39:53'),(5,1,172,5,'2026-04-27 09:19:05','2026-04-27 09:19:05'),(7,1,153,5,'2026-04-27 09:49:41','2026-04-27 09:49:41'),(8,1,124,4,'2026-04-27 14:19:24','2026-04-27 14:19:24'),(9,1,180,5,'2026-04-27 16:19:11','2026-04-27 16:19:11'),(10,1,169,4,'2026-04-27 16:19:39','2026-04-27 16:19:39'),(11,1,39,5,'2026-04-28 07:43:14','2026-04-28 07:43:14'),(12,1,181,5,'2026-04-28 09:35:40','2026-04-28 09:35:40'),(13,1,133,5,'2026-04-28 09:42:42','2026-04-28 09:42:42'),(14,1,22,5,'2026-04-28 15:49:03','2026-04-28 15:49:03'),(15,1,182,5,'2026-04-28 15:56:55','2026-04-28 15:56:55');
/*!40000 ALTER TABLE `ratings` ENABLE KEYS */;
UNLOCK TABLES;

--
-- Table structure for table `refresh_tokens`
--

DROP TABLE IF EXISTS `refresh_tokens`;
/*!40101 SET @saved_cs_client     = @@character_set_client */;
/*!50503 SET character_set_client = utf8mb4 */;
CREATE TABLE `refresh_tokens` (
  `token_id` int NOT NULL AUTO_INCREMENT,
  `token` varchar(255) NOT NULL COMMENT 'Hashed refresh token (SHA-256)',
  `expires_at` datetime NOT NULL,
  `user_id` int NOT NULL,
  `created_at` datetime DEFAULT CURRENT_TIMESTAMP,
  `updated_at` datetime DEFAULT CURRENT_TIMESTAMP,
  PRIMARY KEY (`token_id`),
  UNIQUE KEY `refresh_tokens_token` (`token`),
  KEY `refresh_tokens_user_id` (`user_id`),
  KEY `refresh_tokens_expires_at` (`expires_at`),
  CONSTRAINT `refresh_tokens_ibfk_1` FOREIGN KEY (`user_id`) REFERENCES `users` (`user_id`) ON DELETE CASCADE
) ENGINE=InnoDB AUTO_INCREMENT=13 DEFAULT CHARSET=utf8mb4 COLLATE=utf8mb4_0900_ai_ci;
/*!40101 SET character_set_client = @saved_cs_client */;

--
-- Dumping data for table `refresh_tokens`
--

LOCK TABLES `refresh_tokens` WRITE;
/*!40000 ALTER TABLE `refresh_tokens` DISABLE KEYS */;
INSERT INTO `refresh_tokens` VALUES (2,'eyJhbGciOiJIUzI1NiIsInR5cCI6IkpXVCJ9.eyJ1c2VySWQiOjIsInJvbGUiOiJzdXBlcl9hZG1pbiIsInNjb3BlIjoiYWRtaW4iLCJpYXQiOjE3NzcxOTY1MjksImV4cCI6MTc3NzgwMTMyOX0.sKGyyvvKplQLIKcHaYqckpccYF_dKpxIURzAvmyg-pg','2026-05-03 09:42:09',2,'2026-04-26 09:42:09','2026-04-26 09:42:09'),(3,'eyJhbGciOiJIUzI1NiIsInR5cCI6IkpXVCJ9.eyJ1c2VySWQiOjEsInVzZXJuYW1lIjoiZGluaGJhbzA1IiwiaWF0IjoxNzc3MjYzNDM2LCJleHAiOjE3Nzc4NjgyMzZ9.URIVF_qubxgXSXCTGNd0rTMDBVPm_f5M6X08VAjpdyI','2026-05-04 04:17:16',1,'2026-04-27 04:17:16','2026-04-27 04:17:16'),(5,'eyJhbGciOiJIUzI1NiIsInR5cCI6IkpXVCJ9.eyJ1c2VySWQiOjEsInVzZXJuYW1lIjoiZGluaGJhbzA1IiwiaWF0IjoxNzc3MjY0NjUyLCJleHAiOjE3Nzc4Njk0NTJ9.O9m4jmI7Q1SpDjpq7kUL2vfW4Sk5mwOCLbalgWJfyAw','2026-05-04 04:37:32',1,'2026-04-27 04:37:32','2026-04-27 04:37:32'),(6,'eyJhbGciOiJIUzI1NiIsInR5cCI6IkpXVCJ9.eyJ1c2VySWQiOjEsInVzZXJuYW1lIjoiZGluaGJhbzA1IiwiaWF0IjoxNzc3MjgwMDI5LCJleHAiOjE3Nzc4ODQ4Mjl9.UaiTyZPSiItliHmErwSwWD4B4cyC748qpYtDotQoNOU','2026-05-04 08:53:49',1,'2026-04-27 08:53:49','2026-04-27 08:53:49'),(9,'eyJhbGciOiJIUzI1NiIsInR5cCI6IkpXVCJ9.eyJ1c2VySWQiOjEsInVzZXJuYW1lIjoiZGluaGJhbzA1IiwiaWF0IjoxNzc3MzY4ODEwLCJleHAiOjE3Nzc5NzM2MTB9.J_K35BNekKsbfUBbW_2Hx8KfGnzrv5Mszw9QOnRSFzA','2026-05-05 09:33:30',1,'2026-04-28 09:33:30','2026-04-28 09:33:30'),(12,'eyJhbGciOiJIUzI1NiIsInR5cCI6IkpXVCJ9.eyJ1c2VySWQiOjEsInVzZXJuYW1lIjoiZGluaGJhbzA1IiwiaWF0IjoxNzc3Mzg2NTcyLCJleHAiOjE3Nzc5OTEzNzJ9.pKKKnsekiZ7DRpomdcmlzd5rE-9S23Q-vI2gNOkJAQs','2026-05-05 14:29:32',1,'2026-04-28 14:29:32','2026-04-28 14:29:32');
/*!40000 ALTER TABLE `refresh_tokens` ENABLE KEYS */;
UNLOCK TABLES;

--
-- Table structure for table `song_artists`
--

DROP TABLE IF EXISTS `song_artists`;
/*!40101 SET @saved_cs_client     = @@character_set_client */;
/*!50503 SET character_set_client = utf8mb4 */;
CREATE TABLE `song_artists` (
  `song_id` int NOT NULL,
  `artist_id` int NOT NULL,
  PRIMARY KEY (`song_id`,`artist_id`),
  KEY `artist_id` (`artist_id`),
  CONSTRAINT `song_artists_ibfk_1` FOREIGN KEY (`song_id`) REFERENCES `songs` (`song_id`) ON DELETE CASCADE,
  CONSTRAINT `song_artists_ibfk_2` FOREIGN KEY (`artist_id`) REFERENCES `artists` (`artist_id`) ON DELETE CASCADE
) ENGINE=InnoDB DEFAULT CHARSET=utf8mb4 COLLATE=utf8mb4_0900_ai_ci;
/*!40101 SET character_set_client = @saved_cs_client */;

--
-- Dumping data for table `song_artists`
--

LOCK TABLES `song_artists` WRITE;
/*!40000 ALTER TABLE `song_artists` DISABLE KEYS */;
INSERT INTO `song_artists` VALUES (7,1),(45,1),(7,2),(7,3),(45,3),(8,4),(82,4),(86,4),(91,4),(133,4),(9,5),(46,5),(67,5),(105,5),(9,6),(10,7),(11,8),(12,9),(13,10),(13,11),(14,12),(14,13),(15,14),(16,15),(162,15),(16,16),(17,17),(17,18),(146,18),(18,19),(18,20),(98,20),(19,21),(3,22),(19,22),(19,23),(21,24),(21,25),(21,26),(22,27),(108,27),(176,27),(182,27),(22,28),(182,28),(23,29),(83,29),(24,30),(24,31),(24,32),(25,33),(58,33),(25,34),(26,35),(30,35),(26,36),(27,37),(28,37),(31,38),(32,38),(124,38),(31,39),(111,39),(32,40),(35,41),(85,41),(164,41),(35,42),(37,43),(37,44),(37,45),(78,45),(79,45),(127,45),(38,46),(169,46),(39,47),(39,48),(40,49),(41,49),(42,50),(42,51),(59,51),(43,52),(44,53),(45,54),(47,55),(52,55),(48,56),(48,57),(48,58),(49,59),(50,60),(61,60),(94,60),(50,61),(61,61),(50,62),(146,62),(51,63),(53,64),(158,64),(54,65),(55,66),(55,67),(56,68),(70,68),(57,69),(57,70),(58,71),(62,72),(62,73),(62,74),(59,75),(63,75),(63,76),(64,77),(65,77),(64,78),(65,78),(97,79),(98,79),(65,80),(66,81),(69,82),(69,83),(70,84),(71,85),(71,86),(71,87),(72,88),(73,89),(75,90),(76,91),(77,91),(91,91),(102,91),(76,92),(77,93),(132,93),(102,95),(80,96),(80,97),(80,98),(110,98),(140,98),(82,99),(151,99),(82,100),(84,101),(85,102),(85,103),(86,104),(87,105),(88,106),(89,106),(90,106),(91,106),(93,106),(91,107),(92,109),(94,110),(95,111),(96,112),(97,113),(98,116),(1,117),(20,117),(99,117),(101,118),(136,118),(102,119),(102,120),(103,121),(104,122),(104,123),(106,124),(168,124),(171,124),(106,125),(107,126),(2,127),(107,127),(157,127),(108,128),(109,129),(115,129),(116,129),(110,130),(110,131),(110,132),(111,133),(111,134),(112,135),(146,135),(113,136),(122,136),(114,137),(117,138),(118,138),(119,138),(120,139),(120,140),(121,141),(122,142),(123,143),(124,144),(34,145),(125,145),(152,145),(126,146),(126,147),(127,148),(128,149),(128,150),(128,151),(129,152),(129,153),(129,154),(132,155),(134,156),(135,156),(136,156),(134,157),(135,157),(135,158),(137,158),(138,159),(156,159),(131,160),(139,160),(142,161),(143,162),(144,163),(4,164),(130,164),(145,164),(159,164),(29,165),(147,165),(148,166),(149,167),(149,168),(150,169),(155,169),(151,170),(153,171),(181,171),(156,172),(161,173),(162,174),(163,175),(163,176),(165,177),(2,180),(166,181),(5,182),(6,183),(6,184),(33,185),(33,186),(172,186),(36,187),(175,187),(36,188),(60,189),(60,190),(68,191),(68,192),(74,193),(81,194),(81,195),(100,196),(100,197),(141,198),(141,199),(172,199),(173,199),(157,200),(160,201),(51,203),(143,204),(138,205),(170,207),(174,208),(174,209),(176,210),(177,211),(178,212),(179,213),(180,214),(180,215),(180,216);
/*!40000 ALTER TABLE `song_artists` ENABLE KEYS */;
UNLOCK TABLES;

--
-- Table structure for table `song_artists_backup`
--

DROP TABLE IF EXISTS `song_artists_backup`;
/*!40101 SET @saved_cs_client     = @@character_set_client */;
/*!50503 SET character_set_client = utf8mb4 */;
CREATE TABLE `song_artists_backup` (
  `song_id` int NOT NULL,
  `artist_id` int NOT NULL
) ENGINE=InnoDB DEFAULT CHARSET=utf8mb4 COLLATE=utf8mb4_0900_ai_ci;
/*!40101 SET character_set_client = @saved_cs_client */;

--
-- Dumping data for table `song_artists_backup`
--

LOCK TABLES `song_artists_backup` WRITE;
/*!40000 ALTER TABLE `song_artists_backup` DISABLE KEYS */;
INSERT INTO `song_artists_backup` VALUES (7,1),(45,1),(7,2),(7,3),(45,3),(8,4),(82,4),(86,4),(91,4),(133,4),(9,5),(46,5),(67,5),(105,5),(9,6),(10,7),(11,8),(12,9),(13,10),(13,11),(14,12),(14,13),(15,14),(16,15),(162,15),(16,16),(17,17),(17,18),(146,18),(18,19),(18,20),(19,21),(19,22),(19,23),(21,24),(21,25),(21,26),(22,27),(108,27),(22,28),(23,29),(83,29),(24,30),(24,31),(24,32),(25,33),(58,33),(25,34),(26,35),(30,35),(26,36),(27,37),(28,37),(31,38),(32,38),(124,38),(31,39),(111,39),(32,40),(35,41),(85,41),(164,41),(35,42),(37,43),(37,44),(37,45),(78,45),(79,45),(127,45),(38,46),(39,47),(39,48),(40,49),(41,49),(42,50),(42,51),(59,51),(43,52),(44,53),(45,54),(47,55),(52,55),(48,56),(48,57),(48,58),(49,59),(50,60),(61,60),(94,60),(50,61),(61,61),(50,62),(146,62),(51,63),(53,64),(158,64),(54,65),(55,66),(55,67),(56,68),(70,68),(57,69),(57,70),(58,71),(62,72),(62,73),(62,74),(59,75),(63,75),(63,76),(64,77),(65,77),(64,78),(65,78),(65,80),(66,81),(69,82),(69,83),(70,84),(71,85),(71,86),(71,87),(72,88),(73,89),(75,90),(76,91),(77,91),(91,91),(102,91),(76,92),(77,93),(132,93),(102,95),(80,96),(80,97),(80,98),(110,98),(140,98),(82,99),(151,99),(82,100),(84,101),(85,102),(85,103),(86,104),(87,105),(88,106),(89,106),(90,106),(91,106),(93,106),(91,107),(92,109),(94,110),(95,111),(96,112),(97,113),(97,114),(98,114),(98,115),(98,116),(101,118),(136,118),(102,119),(102,120),(103,121),(104,122),(104,123),(106,124),(106,125),(107,126),(107,127),(108,128),(109,129),(115,129),(116,129),(110,130),(110,131),(110,132),(111,133),(111,134),(112,135),(146,135),(113,136),(122,136),(114,137),(117,138),(118,138),(119,138),(120,139),(120,140),(121,141),(122,142),(123,143),(124,144),(34,145),(125,145),(152,145),(126,146),(126,147),(127,148),(128,149),(128,150),(128,151),(129,152),(129,153),(129,154),(132,155),(134,156),(135,156),(136,156),(134,157),(135,157),(135,158),(137,158),(138,159),(156,159),(131,160),(139,160),(142,161),(143,162),(144,163),(4,164),(130,164),(145,164),(159,164),(29,165),(147,165),(148,166),(149,167),(149,168),(150,169),(155,169),(151,170),(153,171),(156,172),(161,173),(162,174),(163,175),(163,176),(165,177),(1,178),(20,178),(99,178),(2,179),(157,179),(2,180),(166,181),(5,182),(6,183),(6,184),(33,185),(33,186),(36,187),(36,188),(60,189),(60,190),(68,191),(68,192),(74,193),(81,194),(81,195),(100,196),(100,197),(141,198),(141,199),(157,200),(160,201),(3,202),(51,203),(143,204),(138,205),(168,206);
/*!40000 ALTER TABLE `song_artists_backup` ENABLE KEYS */;
UNLOCK TABLES;

--
-- Table structure for table `song_genres`
--

DROP TABLE IF EXISTS `song_genres`;
/*!40101 SET @saved_cs_client     = @@character_set_client */;
/*!50503 SET character_set_client = utf8mb4 */;
CREATE TABLE `song_genres` (
  `song_id` int NOT NULL,
  `genre_id` int NOT NULL,
  PRIMARY KEY (`song_id`,`genre_id`),
  KEY `song_genres_song_id` (`song_id`),
  KEY `song_genres_genre_id` (`genre_id`),
  CONSTRAINT `song_genres_ibfk_1` FOREIGN KEY (`song_id`) REFERENCES `songs` (`song_id`) ON DELETE CASCADE,
  CONSTRAINT `song_genres_ibfk_2` FOREIGN KEY (`genre_id`) REFERENCES `genres` (`genre_id`) ON DELETE CASCADE
) ENGINE=InnoDB DEFAULT CHARSET=utf8mb4 COLLATE=utf8mb4_0900_ai_ci;
/*!40101 SET character_set_client = @saved_cs_client */;

--
-- Dumping data for table `song_genres`
--

LOCK TABLES `song_genres` WRITE;
/*!40000 ALTER TABLE `song_genres` DISABLE KEYS */;
INSERT INTO `song_genres` VALUES (1,9),(2,9),(3,9),(4,9),(5,9),(6,9),(7,9),(8,9),(9,9),(10,9),(11,9),(12,9),(13,9),(14,9),(15,9),(16,9),(17,9),(18,9),(19,9),(20,9),(21,9),(22,9),(23,9),(24,9),(25,9),(26,9),(27,9),(28,9),(29,9),(30,9),(31,9),(32,9),(33,9),(34,9),(35,9),(36,9),(37,9),(38,9),(39,9),(40,9),(41,9),(42,9),(43,9),(44,9),(45,9),(46,9),(47,9),(48,9),(49,9),(50,9),(51,9),(52,9),(53,9),(54,9),(55,9),(56,9),(57,9),(58,9),(59,9),(60,9),(61,9),(62,9),(63,9),(64,9),(65,9),(66,9),(67,9),(68,9),(69,9),(70,9),(71,9),(72,9),(73,9),(74,9),(75,9),(76,9),(77,9),(78,9),(79,9),(80,9),(81,9),(82,9),(83,9),(84,9),(85,9),(86,9),(87,9),(88,9),(89,9),(90,9),(91,9),(92,9),(93,9),(94,9),(95,9),(96,9),(97,9),(98,9),(99,9),(100,9),(101,9),(102,9),(103,9),(104,9),(105,9),(106,9),(107,9),(108,9),(109,9),(110,9),(111,9),(112,9),(113,9),(114,9),(115,9),(116,9),(117,9),(118,9),(119,9),(120,9),(121,9),(122,9),(123,9),(124,9),(125,9),(126,9),(127,9),(128,9),(129,9),(130,9),(131,9),(132,9),(133,9),(134,9),(135,9),(136,9),(137,9),(138,9),(139,9),(140,9),(141,9),(142,9),(143,9),(144,9),(145,9),(146,9),(147,9),(148,9),(149,9),(150,9),(151,9),(152,9),(153,9),(155,9),(156,9),(157,9),(158,9),(159,9),(160,9),(161,9),(162,9),(163,9),(164,9),(165,9),(166,9),(168,9),(169,9),(170,9),(171,9),(172,9),(173,9),(174,1),(174,2),(174,9),(175,4),(175,5),(175,9),(176,6),(176,7),(176,9),(177,8),(177,9),(178,4),(178,8),(178,9),(179,4),(179,5),(179,8),(179,9),(180,4),(180,5),(180,8),(180,9),(181,4),(181,5),(181,8),(181,9),(182,1),(182,2),(182,4),(182,9);
/*!40000 ALTER TABLE `song_genres` ENABLE KEYS */;
UNLOCK TABLES;

--
-- Table structure for table `songs`
--

DROP TABLE IF EXISTS `songs`;
/*!40101 SET @saved_cs_client     = @@character_set_client */;
/*!50503 SET character_set_client = utf8mb4 */;
CREATE TABLE `songs` (
  `song_id` int NOT NULL AUTO_INCREMENT,
  `title` varchar(255) NOT NULL,
  `duration` int DEFAULT '0',
  `audio_url` varchar(500) NOT NULL,
  `image_url` varchar(500) DEFAULT NULL,
  `view_count` int DEFAULT '0' COMMENT 'Valid views after >=20s',
  `is_visible` tinyint(1) NOT NULL DEFAULT '1',
  `created_at` datetime DEFAULT CURRENT_TIMESTAMP,
  `updated_at` datetime DEFAULT CURRENT_TIMESTAMP,
  PRIMARY KEY (`song_id`)
) ENGINE=InnoDB AUTO_INCREMENT=183 DEFAULT CHARSET=utf8mb4 COLLATE=utf8mb4_0900_ai_ci;
/*!40101 SET character_set_client = @saved_cs_client */;

--
-- Dumping data for table `songs`
--

LOCK TABLES `songs` WRITE;
/*!40000 ALTER TABLE `songs` DISABLE KEYS */;
INSERT INTO `songs` VALUES (1,'1 Phút',376,'https://res.cloudinary.com/dpg7qezsj/video/upload/v1769949543/ptit_music/audio/f0pna8bif9vxmdabpsyc.mp4','https://is1-ssl.mzstatic.com/image/thumb/Music126/v4/d4/a5/3b/d4a53b67-a31a-fc8b-b8d1-80c2dad3a4b5/b52a805a-a737-46b9-a122-a9e4ed2abb43.jpg/600x600bb.jpg',0,1,'2026-02-01 20:17:23','2026-04-26 04:23:25'),(2,'2+3=5',162,'https://res.cloudinary.com/dpg7qezsj/video/upload/v1769949545/ptit_music/audio/coimxhpquttse4ayiv43.mp4','https://is1-ssl.mzstatic.com/image/thumb/Music116/v4/74/88/77/74887786-3341-b084-b88b-24a876a9ffe5/197187599691.jpg/600x600bb.jpg',0,1,'2026-02-01 20:17:23','2026-04-26 04:23:25'),(3,'Anh Sẽ Đón Em',189,'https://res.cloudinary.com/dpg7qezsj/video/upload/v1769949546/ptit_music/audio/tczjyqeyxlfbo8axfb6c.mp3','https://is1-ssl.mzstatic.com/image/thumb/Music116/v4/7d/65/9d/7d659d28-0de4-a651-53d9-70f193f593f4/cover.jpg/600x600bb.jpg',2,1,'2026-02-01 20:17:23','2026-04-26 09:43:24'),(4,'Anh Thề Đấy',340,'https://res.cloudinary.com/dpg7qezsj/video/upload/v1769949548/ptit_music/audio/czcgvrjq6dsntsw1toar.mp4','https://is1-ssl.mzstatic.com/image/thumb/Music221/v4/97/98/cd/9798cdd7-c8de-947a-0a5f-23c643e928e2/198391753626.jpg/600x600bb.jpg',0,1,'2026-02-01 20:17:23','2026-04-26 04:23:25'),(5,'Anh Biết',153,'https://res.cloudinary.com/dpg7qezsj/video/upload/v1769949549/ptit_music/audio/rgg7bh4vuzagw5hhhxft.mp4','https://is1-ssl.mzstatic.com/image/thumb/Music211/v4/8e/c5/61/8ec56121-aacf-c5f3-fb95-481b219211c0/3616847587573.jpg/600x600bb.jpg',0,1,'2026-02-01 20:17:23','2026-04-26 04:23:25'),(6,'Anh Mệt Rồi',297,'https://res.cloudinary.com/dpg7qezsj/video/upload/v1769949550/ptit_music/audio/svpq19l4fplntykvg0hw.mp4','https://is1-ssl.mzstatic.com/image/thumb/Music124/v4/ee/03/99/ee0399a3-b456-cc4c-3b84-eac03ae53e43/cover.jpg/600x600bb.jpg',1,1,'2026-02-01 20:17:23','2026-04-26 05:03:41'),(7,'Anh Thương Em Nhất Mà',194,'https://res.cloudinary.com/dpg7qezsj/video/upload/v1769949551/ptit_music/audio/bm3u8cat6o4pctxe4knn.mp3','https://is1-ssl.mzstatic.com/image/thumb/Music116/v4/a0/99/1f/a0991f3f-713b-d812-7d8a-bf5c9ed17d0a/190296346101.jpg/600x600bb.jpg',1,1,'2026-02-01 20:17:23','2026-04-26 04:51:20'),(8,'Anh Vẫn OK',193,'https://res.cloudinary.com/dpg7qezsj/video/upload/v1769949553/ptit_music/audio/lmoefglk7vbxfdtjqdbb.mp3','https://is1-ssl.mzstatic.com/image/thumb/Music114/v4/ee/bb/f2/eebbf204-00e9-7314-dfca-5fc20eb7d8e4/190295083502.jpg/600x600bb.jpg',1,1,'2026-02-01 20:17:23','2026-04-26 04:51:49'),(9,'Anh Đã Từ Bỏ Rồi Đấy',308,'https://res.cloudinary.com/dpg7qezsj/video/upload/v1769949554/ptit_music/audio/ajob1e7tdc8k9poogftg.mp3','https://is1-ssl.mzstatic.com/image/thumb/Music126/v4/31/b9/b0/31b9b0f5-125f-2c6e-1699-c76b843e8e0a/4587a87b-1984-4498-8d7d-98ae5b3df7bf.jpg/600x600bb.jpg',0,1,'2026-02-01 20:17:23','2026-04-26 04:23:25'),(10,'Ba Kể Con Nghe',388,'https://res.cloudinary.com/dpg7qezsj/video/upload/v1769949556/ptit_music/audio/gsmhvcjtbkmwxe4kfilk.mp4','https://is1-ssl.mzstatic.com/image/thumb/Music113/v4/1a/5e/44/1a5e44ae-9872-c953-457c-6972d67f7722/cover.jpg/600x600bb.jpg',0,1,'2026-02-01 20:17:23','2026-04-26 04:23:25'),(11,'Bao Lâu Ta Lại Yêu Một Người',235,'https://res.cloudinary.com/dpg7qezsj/video/upload/v1769949557/ptit_music/audio/lyltfxifkez2jhdpvfwa.mp3','https://is1-ssl.mzstatic.com/image/thumb/Music115/v4/0b/14/9d/0b149d08-c3bc-b261-2f20-44d57efb15f0/cover.jpg/600x600bb.jpg',0,1,'2026-02-01 20:17:23','2026-04-26 04:23:25'),(12,'Tết Này Con Sẽ Về',221,'https://res.cloudinary.com/dpg7qezsj/video/upload/v1769949559/ptit_music/audio/evikfghwwa4j8lmcjl0l.mp3','https://is1-ssl.mzstatic.com/image/thumb/Music116/v4/cc/88/a5/cc88a517-a596-99f5-0102-51ea5d3f1081/190296300479.jpg/600x600bb.jpg',7,1,'2026-02-01 20:17:23','2026-04-26 09:46:33'),(13,'Bông Hoa Chẳng Thuộc Về Ta',136,'https://res.cloudinary.com/dpg7qezsj/video/upload/v1769949560/ptit_music/audio/metyuucfgvhusua7uk0h.mp3','https://is1-ssl.mzstatic.com/image/thumb/Music221/v4/5c/f4/bb/5cf4bbb7-ee14-7a38-09e4-939729547291/199538055771.jpg/600x600bb.jpg',0,1,'2026-02-01 20:17:23','2026-04-26 04:23:25'),(14,'Bạn Đời',291,'https://res.cloudinary.com/dpg7qezsj/video/upload/v1769949561/ptit_music/audio/bsqwz9waydczgjoprnos.mp4','https://is1-ssl.mzstatic.com/image/thumb/Music116/v4/3a/48/93/3a489327-9939-cd14-13e6-d32b991bed74/5054197800085.jpg/600x600bb.jpg',0,1,'2026-02-01 20:17:23','2026-04-26 04:23:25'),(15,'Bỏ Em Vào Balo',194,'https://res.cloudinary.com/dpg7qezsj/video/upload/v1769949563/ptit_music/audio/xm73yyrrcv1gurad1tlj.mp3','https://is1-ssl.mzstatic.com/image/thumb/Music122/v4/6e/7d/ef/6e7defa1-b88e-3b0a-3c63-7baa835465cc/6aee44ec-083e-4c70-b74e-81612a8bc466.jpg/600x600bb.jpg',0,1,'2026-02-01 20:17:23','2026-04-26 04:23:25'),(16,'Cháu Xin Lỗi Chú',250,'https://res.cloudinary.com/dpg7qezsj/video/upload/v1769949564/ptit_music/audio/bjrdder5vhxlmdmqkqvi.mp3','https://is1-ssl.mzstatic.com/image/thumb/Music125/v4/48/0c/ac/480cac05-2737-6bd3-6fa9-5beaa2d8003c/190296445279.jpg/600x600bb.jpg',0,1,'2026-02-01 20:17:23','2026-04-26 04:23:25'),(17,'Con Trai Cưng',228,'https://res.cloudinary.com/dpg7qezsj/video/upload/v1769949565/ptit_music/audio/h7lcnccjxtistt46rgd3.mp3','https://is1-ssl.mzstatic.com/image/thumb/Music221/v4/e1/dc/4a/e1dc4aed-92a6-83ab-448d-220789a3637f/7316473340318_cover.jpg/600x600bb.jpg',0,1,'2026-02-01 20:17:23','2026-04-26 04:23:25'),(18,'Chuyện Đôi Ta',211,'https://res.cloudinary.com/dpg7qezsj/video/upload/v1769949566/ptit_music/audio/hacz9nnge5kzbuzeuwxl.mp3','https://is1-ssl.mzstatic.com/image/thumb/Music126/v4/cb/30/16/cb301693-14d3-a03e-9e3d-fa4f6a20baf5/190296357480.jpg/600x600bb.jpg',1,1,'2026-02-01 20:17:23','2026-04-26 13:31:44'),(19,'Chẳng Còn Thời Gian Ấy',279,'https://res.cloudinary.com/dpg7qezsj/video/upload/v1769949568/ptit_music/audio/xarsnpncizzsboiruyov.mp3','https://is1-ssl.mzstatic.com/image/thumb/Music221/v4/fe/76/e2/fe76e2f3-00ff-e84c-65f5-ce84611336fb/3617225840716.jpg/600x600bb.jpg',0,1,'2026-02-01 20:17:23','2026-04-26 04:23:25'),(20,'Chờ Đợi Có Đáng Sợ',287,'https://res.cloudinary.com/dpg7qezsj/video/upload/v1769949570/ptit_music/audio/gp1avwljq4l3cid8fue4.mp4','https://is1-ssl.mzstatic.com/image/thumb/Music112/v4/45/eb/9e/45eb9ea5-e244-2f6e-932f-4850ca8d9c8f/190296180637.jpg/600x600bb.jpg',0,1,'2026-02-01 20:17:23','2026-04-26 04:23:25'),(21,'Cold Don\'t',204,'https://res.cloudinary.com/dpg7qezsj/video/upload/v1769949571/ptit_music/audio/rhoywxrs4augv2aoayx6.mp4','https://is1-ssl.mzstatic.com/image/thumb/Music116/v4/56/ce/19/56ce195c-bac5-2ba6-219c-99514b3248c1/artwork.jpg/600x600bb.jpg',0,1,'2026-02-01 20:17:23','2026-04-26 04:23:25'),(22,'Crying Over You',336,'https://res.cloudinary.com/dpg7qezsj/video/upload/v1769949572/ptit_music/audio/c7pyyh81lbokslrof6rb.mp4','https://is1-ssl.mzstatic.com/image/thumb/Music126/v4/40/5c/0e/405c0e31-cd20-60ba-e1d4-430b2565c5af/197338909416.jpg/600x600bb.jpg',0,1,'2026-02-01 20:17:23','2026-04-26 04:23:25'),(23,'Có Ai Hẹn Hò Cùng Em Chưa',318,'https://res.cloudinary.com/dpg7qezsj/video/upload/v1769949573/ptit_music/audio/fhijdzjyiz0gg4wsyd0l.mp4','https://is1-ssl.mzstatic.com/image/thumb/Music126/v4/53/cd/22/53cd22cc-27de-da64-20af-82add3ee54da/197338677742.jpg/600x600bb.jpg',0,1,'2026-02-01 20:17:23','2026-04-26 04:23:25'),(24,'Cô Gái Này Là Của Ai',180,'https://res.cloudinary.com/dpg7qezsj/video/upload/v1769949575/ptit_music/audio/fs5tla0pjl6d0ihhbpzd.mp3','https://is1-ssl.mzstatic.com/image/thumb/Music221/v4/eb/b1/90/ebb190c9-46a4-4a2a-75b2-6b48bc142702/190296442599.jpg/600x600bb.jpg',0,1,'2026-02-01 20:17:23','2026-04-26 04:23:25'),(25,'Cô Gái M52',213,'https://res.cloudinary.com/dpg7qezsj/video/upload/v1769949577/ptit_music/audio/jitkfe1ohyqrp71vo071.mp3','https://is1-ssl.mzstatic.com/image/thumb/Music122/v4/07/88/f2/0788f2a0-c749-0654-f7d2-b7aefddf1960/cover.jpg/600x600bb.jpg',0,1,'2026-02-01 20:17:23','2026-04-26 04:23:25'),(26,'Người Có Thương',313,'https://res.cloudinary.com/dpg7qezsj/video/upload/v1769949578/ptit_music/audio/ia0y51vi4vxppkb5eiff.mp3','https://is1-ssl.mzstatic.com/image/thumb/Music115/v4/e4/61/55/e4615549-fe7b-2bf0-8d18-f789ea4893c0/cover.jpg/600x600bb.jpg',0,1,'2026-02-01 20:17:23','2026-04-26 04:23:25'),(27,'Một Nhà',191,'https://res.cloudinary.com/dpg7qezsj/video/upload/v1769949579/ptit_music/audio/harf4adqfwtdagqfpoxp.mp3','https://is1-ssl.mzstatic.com/image/thumb/Music128/v4/f3/ab/83/f3ab837f-f2f0-691e-6ac0-516f2db1d6d7/886447260524.jpg/600x600bb.jpg',0,1,'2026-02-01 20:17:23','2026-04-26 04:23:25'),(28,'Từ Ngày Em Đến',270,'https://res.cloudinary.com/dpg7qezsj/video/upload/v1769949581/ptit_music/audio/ylggxkml1ktsgm9rj2s2.mp3','https://is1-ssl.mzstatic.com/image/thumb/Music122/v4/c8/4b/63/c84b6375-8df3-fe19-729e-1d55edfd551b/196589537997.jpg/600x600bb.jpg',0,1,'2026-02-01 20:17:23','2026-04-26 04:23:25'),(29,'Dù Cho Mai Về Sau',214,'https://res.cloudinary.com/dpg7qezsj/video/upload/v1769949582/ptit_music/audio/g5je7ndngrqb8exljlpu.mp3','https://is1-ssl.mzstatic.com/image/thumb/Music125/v4/0a/ea/c3/0aeac351-5532-0ea2-27d2-a14c118d1964/190296442711.jpg/600x600bb.jpg',0,1,'2026-02-01 20:17:23','2026-04-26 04:23:25'),(30,'Dừng Thương',237,'https://res.cloudinary.com/dpg7qezsj/video/upload/v1769949583/ptit_music/audio/mdcsex9gxl6apuftvlur.mp3','https://is1-ssl.mzstatic.com/image/thumb/Music125/v4/4b/0c/4a/4b0c4a49-fd15-aad2-7343-a70af44ac6c5/cover.jpg/600x600bb.jpg',0,1,'2026-02-01 20:17:23','2026-04-26 04:23:25'),(31,'Em Không Quay Về',276,'https://res.cloudinary.com/dpg7qezsj/video/upload/v1769949585/ptit_music/audio/wldzcesvxht6xb83ptgm.mp4','https://is1-ssl.mzstatic.com/image/thumb/Music221/v4/2d/6b/02/2d6b02fa-60cd-035e-70c8-cf8cc0b15e54/cover.jpg/600x600bb.jpg',0,1,'2026-02-01 20:17:23','2026-04-26 04:23:25'),(32,'Em Còn Nhớ Anh Không',248,'https://res.cloudinary.com/dpg7qezsj/video/upload/v1769949586/ptit_music/audio/idiwgsozopsmetnguedl.mp3','https://is1-ssl.mzstatic.com/image/thumb/Music125/v4/9e/a9/5d/9ea95d3f-4d43-d29b-e5c0-e5b919d16f39/cover.jpg/600x600bb.jpg',0,1,'2026-02-01 20:17:23','2026-04-26 04:23:25'),(33,'Em Là Hoàng Hôn',227,'https://res.cloudinary.com/dpg7qezsj/video/upload/v1769949587/ptit_music/audio/n2ejyxecxnoft0aj2qff.mp4','https://is1-ssl.mzstatic.com/image/thumb/Music122/v4/46/94/7c/46947c42-5985-95e2-e1dd-916843416563/190296178764.jpg/600x600bb.jpg',0,1,'2026-02-01 20:17:23','2026-04-26 04:23:25'),(34,'Em Là Nhất',254,'https://res.cloudinary.com/dpg7qezsj/video/upload/v1769949590/ptit_music/audio/ronbo0c2htr6ej27tzlt.mp3','https://is1-ssl.mzstatic.com/image/thumb/Music221/v4/8e/1f/be/8e1fbeff-6654-4893-0b7b-7ee5e2fe7e9d/cover.jpg/600x600bb.jpg',0,1,'2026-02-01 20:17:23','2026-04-26 04:23:25'),(35,'Từ Chối Hiểu X Melody',183,'https://res.cloudinary.com/dpg7qezsj/video/upload/v1769949591/ptit_music/audio/njsrev1etb7xssnhzoo3.mp3','https://is1-ssl.mzstatic.com/image/thumb/Music114/v4/06/3e/9a/063e9a8f-1383-c601-efda-347e7d02ba66/cover.jpg/600x600bb.jpg',0,1,'2026-02-01 20:17:23','2026-04-26 04:23:25'),(36,'Forget Me Now',198,'https://res.cloudinary.com/dpg7qezsj/video/upload/v1769949592/ptit_music/audio/gfiifrtyx7uv1swmijsw.mp3','https://is1-ssl.mzstatic.com/image/thumb/Music116/v4/f0/75/24/f07524a4-953a-39ea-8f69-888014d4a43f/dc535002-fdb8-49ec-9832-f18d96f252bd.jpg/600x600bb.jpg',0,1,'2026-02-01 20:17:23','2026-04-26 04:23:25'),(37,'Ghé Qua',237,'https://res.cloudinary.com/dpg7qezsj/video/upload/v1769949594/ptit_music/audio/p2fukcinsrtymloiiv2y.mp3','https://is1-ssl.mzstatic.com/image/thumb/Music221/v4/5b/9e/fe/5b9efeb5-1b27-cf89-752c-b00954ef17e8/3616556356217.jpg/600x600bb.jpg',0,1,'2026-02-01 20:17:23','2026-04-26 04:23:25'),(38,'Không Thể Say',210,'https://res.cloudinary.com/dpg7qezsj/video/upload/v1769949595/ptit_music/audio/nmlkkixwdfsyxlgfv6gq.mp4','https://is1-ssl.mzstatic.com/image/thumb/Music112/v4/ed/3d/f8/ed3df866-2ec2-d4ca-4a25-498d5e56141c/196922882715_Cover.jpg/600x600bb.jpg',0,1,'2026-02-01 20:17:23','2026-04-26 04:23:25'),(39,'Chưa Phải Là Yêu',193,'https://res.cloudinary.com/dpg7qezsj/video/upload/v1769949597/ptit_music/audio/mavxn1q2s5ezqtt687mr.mp4','https://is1-ssl.mzstatic.com/image/thumb/Music126/v4/29/41/54/29415427-8a91-ad07-816f-62589a40a4df/197189982880.jpg/600x600bb.jpg',4,1,'2026-02-01 20:17:23','2026-04-28 09:00:26'),(40,'Lần Hẹn Hò Đầu Tiên',267,'https://res.cloudinary.com/dpg7qezsj/video/upload/v1769949598/ptit_music/audio/thcpyvft14liodzhwy2e.mp3','https://is1-ssl.mzstatic.com/image/thumb/Music211/v4/4d/6d/63/4d6d6341-f231-6fdf-434b-89aa277cd5c3/199999081722.png/600x600bb.jpg',0,1,'2026-02-01 20:17:23','2026-04-26 04:23:25'),(41,'Phố Đã Lên Đèn',281,'https://res.cloudinary.com/dpg7qezsj/video/upload/v1769949600/ptit_music/audio/ycv6jwgns5dxw0hk0vhx.mp3','https://is1-ssl.mzstatic.com/image/thumb/Music221/v4/23/aa/4e/23aa4e3a-2ab6-25f9-6bae-7778022b0772/5063287281321.jpg/600x600bb.jpg',0,1,'2026-02-01 20:17:23','2026-04-26 04:23:25'),(42,'Lưu Số Em Đi',261,'https://res.cloudinary.com/dpg7qezsj/video/upload/v1769949601/ptit_music/audio/xecre84ptlr9cgrnob3v.mp3','https://is1-ssl.mzstatic.com/image/thumb/Music221/v4/05/cc/52/05cc52df-4a8f-a1df-219a-487a37bf5073/3616841950281.jpg/600x600bb.jpg',0,1,'2026-02-01 20:17:23','2026-04-26 04:23:25'),(43,'Hãy Nói Đi',230,'https://res.cloudinary.com/dpg7qezsj/video/upload/v1769949603/ptit_music/audio/zw71c2dg0vkshrbqggmv.mp3','https://is1-ssl.mzstatic.com/image/thumb/Music211/v4/a5/d2/47/a5d247f3-81c2-8137-9b03-300e1742c518/cover.jpg/600x600bb.jpg',0,1,'2026-02-01 20:17:23','2026-04-26 04:23:25'),(44,'Hông Về Tình Yêu',197,'https://res.cloudinary.com/dpg7qezsj/video/upload/v1769949605/ptit_music/audio/xnpk5646g5uk0gll31ys.mp3','https://is1-ssl.mzstatic.com/image/thumb/Music122/v4/af/aa/62/afaa6250-e32a-0591-5e9a-e15866ae2baa/a316e1c7-baf2-4bd1-addb-cb8b1c3a116b.jpg/600x600bb.jpg',0,1,'2026-02-01 20:17:23','2026-04-26 04:23:25'),(45,'Hẹn Em Kiếp Sau',258,'https://res.cloudinary.com/dpg7qezsj/video/upload/v1769949606/ptit_music/audio/zly6m1tcox3rtrxshki3.mp3','https://is1-ssl.mzstatic.com/image/thumb/Music122/v4/0e/ca/39/0eca39b8-9531-8d06-dcd1-a230d584158c/5021732016263.jpg/600x600bb.jpg',0,1,'2026-02-01 20:17:23','2026-04-26 04:23:25'),(46,'Hẹn Em Ở Lần Yêu Thứ 2',366,'https://res.cloudinary.com/dpg7qezsj/video/upload/v1769949608/ptit_music/audio/o0xraxquwk1fgb1qkx2l.mp3','https://is1-ssl.mzstatic.com/image/thumb/Music126/v4/57/1f/66/571f664e-fe86-10fe-3e09-c6e98d2ad5cd/4a936fcd-cfd9-4cbd-891c-880980eb62ee.jpg/600x600bb.jpg',0,1,'2026-02-01 20:17:23','2026-04-26 04:23:25'),(47,'Hẹn Ngày Mai Yêu',300,'https://res.cloudinary.com/dpg7qezsj/video/upload/v1769949611/ptit_music/audio/bb06g9fo9exfw1xlwkd4.mp3','https://is1-ssl.mzstatic.com/image/thumb/Music115/v4/91/f6/2e/91f62e36-70dc-abe7-099d-3351995f462f/7321170408612.png/600x600bb.jpg',0,1,'2026-02-01 20:17:23','2026-04-26 04:23:25'),(48,'Cứ Chill Thôi',270,'https://res.cloudinary.com/dpg7qezsj/video/upload/v1769949613/ptit_music/audio/jo32riw89ms4jq4nwnfh.mp4','https://is1-ssl.mzstatic.com/image/thumb/Music124/v4/f7/f6/0c/f7f60cd1-cc3c-69e0-dff2-cffb5466d97d/190295180461.jpg/600x600bb.jpg',0,1,'2026-02-01 20:17:23','2026-04-26 04:23:25'),(49,'Không Yêu Xin Đừng Nói',244,'https://res.cloudinary.com/dpg7qezsj/video/upload/v1769949615/ptit_music/audio/flxmbxop3ggapnnindt1.mp3','https://is1-ssl.mzstatic.com/image/thumb/Music211/v4/07/e2/3d/07e23dd0-63cf-f28e-64c8-fde9df93bee1/3617057360932.jpg/600x600bb.jpg',0,1,'2026-02-01 20:17:23','2026-04-26 04:23:25'),(50,'Kém Duyên',225,'https://res.cloudinary.com/dpg7qezsj/video/upload/v1769949616/ptit_music/audio/eb1v7aumdzwhuefdnnpb.mp3','https://is1-ssl.mzstatic.com/image/thumb/Music211/v4/1c/c4/53/1cc4534b-bafe-7c41-1582-724e0e0c2adb/41eed555-ed6f-4026-9084-529e6a21261f.jpg/600x600bb.jpg',0,1,'2026-02-01 20:17:23','2026-04-26 04:23:25'),(51,'Liệu Giờ',268,'https://res.cloudinary.com/dpg7qezsj/video/upload/v1769949618/ptit_music/audio/cybrlbibibg0e0swjyhj.mp4','https://is1-ssl.mzstatic.com/image/thumb/Music211/v4/13/74/fb/1374fb8c-e4ba-3834-5a4b-625fb3fa394f/3617221348346.jpg/600x600bb.jpg',0,1,'2026-02-01 20:17:23','2026-04-26 04:23:25'),(52,'Em Của Anh Đừng Của Ai',227,'https://res.cloudinary.com/dpg7qezsj/video/upload/v1769949620/ptit_music/audio/zpzuoxxymj76jepfkfnb.mp4','https://is1-ssl.mzstatic.com/image/thumb/Music125/v4/d8/33/8b/d8338b2a-2d4e-f528-9af4-cd17d367f1b4/7321170408728.png/600x600bb.jpg',0,1,'2026-02-01 20:17:23','2026-04-26 04:23:25'),(53,'Xứng Đôi Cưới Thôi',202,'https://res.cloudinary.com/dpg7qezsj/video/upload/v1769949622/ptit_music/audio/utc6ksrecuxwg65bfwfc.mp3','https://is1-ssl.mzstatic.com/image/thumb/Music211/v4/58/97/5c/58975cf5-7152-b0a0-ae11-ebe6c61240cb/3617384846581_cover.png/600x600bb.jpg',0,1,'2026-02-01 20:17:23','2026-04-26 04:23:25'),(54,'Làm Người Yêu Anh Nhé Baby',192,'https://res.cloudinary.com/dpg7qezsj/video/upload/v1769949623/ptit_music/audio/xnmpszrn8ouctq7yzozd.mp3','https://is1-ssl.mzstatic.com/image/thumb/Music211/v4/5a/40/14/5a401430-46a7-4bbb-81a3-84ee69a8ec14/3616409813041.jpg/600x600bb.jpg',0,1,'2026-02-01 20:17:23','2026-04-26 04:23:25'),(55,'Lưu Luyến Sau Chia Tay',277,'https://res.cloudinary.com/dpg7qezsj/video/upload/v1769949624/ptit_music/audio/emxwirx0p6w4gg6cqbsb.mp3','https://is1-ssl.mzstatic.com/image/thumb/Music126/v4/9d/f6/54/9df65451-fce9-b0c4-86bd-8cf1931f1132/02fbbb08-bcbf-473e-80c4-6c5809c9b256.jpg/600x600bb.jpg',0,1,'2026-02-01 20:17:23','2026-04-26 04:23:25'),(56,'Lạ Lùng',262,'https://res.cloudinary.com/dpg7qezsj/video/upload/v1769949626/ptit_music/audio/yqafztdpy7k6k7vtqdmv.mp3','https://is1-ssl.mzstatic.com/image/thumb/Music113/v4/69/60/4d/69604d44-d64b-a140-2baa-8afff0c4d4d5/190295287191.jpg/600x600bb.jpg',0,1,'2026-02-01 20:17:23','2026-04-26 04:23:25'),(57,'Lạc Vào Trong Mơ',174,'https://res.cloudinary.com/dpg7qezsj/video/upload/v1769949627/ptit_music/audio/oqypfx3xnpguppvixkdh.mp3','https://is1-ssl.mzstatic.com/image/thumb/Music126/v4/5b/f0/fe/5bf0fe16-b922-d8d9-dc7c-13e58e692051/cover.jpg/600x600bb.jpg',0,1,'2026-02-01 20:17:23','2026-04-26 04:23:25'),(58,'Lấy Chồng Sớm Làm Gì',279,'https://res.cloudinary.com/dpg7qezsj/video/upload/v1769949628/ptit_music/audio/bposx3zashsyz4r2otoe.mp3','https://is1-ssl.mzstatic.com/image/thumb/Music221/v4/e5/25/3d/e5253db4-83a9-b28f-67c5-56a750750ae7/3617384942214.jpg/600x600bb.jpg',0,1,'2026-02-01 20:17:23','2026-04-26 04:23:25'),(59,'Lệ Lưu Ly',201,'https://res.cloudinary.com/dpg7qezsj/video/upload/v1769949630/ptit_music/audio/qy2dcgardymrop1bn0wt.mp3','https://is1-ssl.mzstatic.com/image/thumb/Music221/v4/72/3c/71/723c7186-c5f4-8dc1-d3d0-a097890bcb61/d9a7a55e-d2cb-4a3c-a4f9-90abd29e2c9f.jpg/600x600bb.jpg',0,1,'2026-02-01 20:17:23','2026-04-26 04:23:25'),(60,'Lỡ Say Bye Là Bye',215,'https://res.cloudinary.com/dpg7qezsj/video/upload/v1769949631/ptit_music/audio/s40peqba336htsqxy05i.mp3','https://is1-ssl.mzstatic.com/image/thumb/Music112/v4/e3/6b/4e/e36b4e69-a049-f946-37d5-747c61772924/190296177897.jpg/600x600bb.jpg',0,1,'2026-02-01 20:17:23','2026-04-26 04:23:25'),(61,'Mashup Lỡ Duyên',230,'https://res.cloudinary.com/dpg7qezsj/video/upload/v1769949632/ptit_music/audio/trjmpld3l7kbnge0ent8.mp3','https://is1-ssl.mzstatic.com/image/thumb/Music114/v4/cb/ef/d2/cbefd208-0abc-8dbb-7a54-f8be90de839e/dj.wovukjtg.jpg/600x600bb.jpg',0,1,'2026-02-01 20:17:23','2026-04-26 04:23:25'),(62,'Mưa Cứ Rơi',208,'https://res.cloudinary.com/dpg7qezsj/video/upload/v1769949633/ptit_music/audio/mkmwyfux3gzckha9zrih.mp4','https://is1-ssl.mzstatic.com/image/thumb/Music122/v4/76/8d/de/768ddec6-083f-d877-3b7e-98b86c7d5579/38118601-afbe-441a-a7e2-5818988b63ef.jpg/600x600bb.jpg',0,1,'2026-02-01 20:17:23','2026-04-26 04:23:25'),(63,'Muốn Nói Với Em',245,'https://res.cloudinary.com/dpg7qezsj/video/upload/v1769949635/ptit_music/audio/rglkgyl8fkojbnkclefr.mp3','https://is1-ssl.mzstatic.com/image/thumb/Music115/v4/ac/ff/f8/acfff880-08b4-a744-6e6a-b0faa513aeb3/190296417047.jpg/600x600bb.jpg',0,1,'2026-02-01 20:17:23','2026-04-26 04:23:25'),(64,'Muốn Quên Được Em',195,'https://res.cloudinary.com/dpg7qezsj/video/upload/v1769949636/ptit_music/audio/lhenf7ba8ecsnxnvblqu.mp4','https://is1-ssl.mzstatic.com/image/thumb/Music221/v4/9f/29/5a/9f295a41-6cf0-c3ab-19b4-facbf2699bff/3617224865161.jpg/600x600bb.jpg',0,1,'2026-02-01 20:17:23','2026-04-26 04:23:25'),(65,'Muốn Được Cùng Em',210,'https://res.cloudinary.com/dpg7qezsj/video/upload/v1769949637/ptit_music/audio/llgeojfnfhcgcomfqqqz.mp4','https://is1-ssl.mzstatic.com/image/thumb/Music221/v4/86/43/ae/8643ae54-3d6c-4d7b-644a-b7c54c1c69a7/190296382796.jpg/600x600bb.jpg',0,1,'2026-02-01 20:17:23','2026-04-26 04:23:25'),(66,'Miên Man',205,'https://res.cloudinary.com/dpg7qezsj/video/upload/v1769949639/ptit_music/audio/kwxlrznj6ta86cnf3wwl.mp3','https://is1-ssl.mzstatic.com/image/thumb/Music211/v4/35/c2/03/35c20341-3891-084c-1eb6-f7c24fc140e4/3617228889361.jpg/600x600bb.jpg',0,1,'2026-02-01 20:17:23','2026-04-26 04:23:25'),(67,'Mùa Luyến Lưu',224,'https://res.cloudinary.com/dpg7qezsj/video/upload/v1769949640/ptit_music/audio/j3uq9djfqkzzxpyfo7se.mp3','https://is1-ssl.mzstatic.com/image/thumb/Music126/v4/85/fc/b2/85fcb2f5-fb6d-a1c2-5351-15d1903ba74c/197338607572.jpg/600x600bb.jpg',0,1,'2026-02-01 20:17:23','2026-04-26 04:23:25'),(68,'Mơ',218,'https://res.cloudinary.com/dpg7qezsj/video/upload/v1769949641/ptit_music/audio/pkvoae38ptyibzlwmqcc.mp4','https://is1-ssl.mzstatic.com/image/thumb/Music126/v4/59/4f/d6/594fd62e-d6ba-b555-bcac-6b27ce172f11/197338179215.jpg/600x600bb.jpg',0,1,'2026-02-01 20:17:23','2026-04-26 04:23:25'),(69,'Mắt Nice Cha Cha Tune',185,'https://res.cloudinary.com/dpg7qezsj/video/upload/v1769949642/ptit_music/audio/elmsynbykrtfjaw3ufdr.mp3','https://is1-ssl.mzstatic.com/image/thumb/Music114/v4/33/2b/5e/332b5e45-942e-323d-7ba4-42d8522b27eb/190295091613.jpg/600x600bb.jpg',0,1,'2026-02-01 20:17:23','2026-04-26 04:23:25'),(70,'Những Lời Hứa Bỏ Quên',259,'https://res.cloudinary.com/dpg7qezsj/video/upload/v1769949644/ptit_music/audio/azn2sgr3tiwowq1vqueo.mp4','https://is1-ssl.mzstatic.com/image/thumb/Music116/v4/14/a1/1e/14a11edd-7f55-b810-95c2-404d5c6f80a1/5054197908231.jpg/600x600bb.jpg',0,1,'2026-02-01 20:17:23','2026-04-26 04:23:25'),(71,'Nghe Bài Này Đi Em',287,'https://res.cloudinary.com/dpg7qezsj/video/upload/v1769949645/ptit_music/audio/vleekodzqbyswqzhpuxq.mp3','https://is1-ssl.mzstatic.com/image/thumb/Music122/v4/ae/eb/ba/aeebba97-8f4a-0e2c-f6c9-cd2f3b7f1e75/2d923d43-44f2-44b0-b5b7-e28fb9d8da1c.jpg/600x600bb.jpg',0,1,'2026-02-01 20:17:23','2026-04-26 04:23:25'),(72,'Ngủ Sớm Đi Em',235,'https://res.cloudinary.com/dpg7qezsj/video/upload/v1769949646/ptit_music/audio/atn3ifnig7vl9qjtlyey.mp4','https://is1-ssl.mzstatic.com/image/thumb/Music122/v4/4f/05/1c/4f051c04-671a-1c95-cb23-2eb7a20837d7/b1f43f13-171a-4c3a-9307-20e98b79d16e.jpg/600x600bb.jpg',0,1,'2026-02-01 20:17:23','2026-04-26 04:23:25'),(73,'Như Anh Đã Thấy Em',336,'https://res.cloudinary.com/dpg7qezsj/video/upload/v1769949647/ptit_music/audio/r2v23j56rny2cocm0nzh.mp3','https://is1-ssl.mzstatic.com/image/thumb/Music211/v4/70/58/fb/7058fbcb-8b34-3d5c-3459-ad61b3fc0c8e/6cbc251e-df9f-446a-95da-90db3c67c12a.jpg/600x600bb.jpg',0,1,'2026-02-01 20:17:23','2026-04-26 04:23:25'),(74,'Nếu Biết Đó Là Lần Cuối',240,'https://res.cloudinary.com/dpg7qezsj/video/upload/v1769949649/ptit_music/audio/nadtmftie2ddkqjshzpb.mp3','https://is1-ssl.mzstatic.com/image/thumb/Music112/v4/c8/b9/27/c8b927e8-b527-4481-426e-62c211e53a5a/cover.jpg/600x600bb.jpg',0,1,'2026-02-01 20:17:23','2026-04-26 04:23:25'),(75,'Cho Ba Mẹ',576,'https://res.cloudinary.com/dpg7qezsj/video/upload/v1769949650/ptit_music/audio/qszq0sfejejrtpwoh5nc.mp3','https://is1-ssl.mzstatic.com/image/thumb/Music116/v4/3b/cf/0b/3bcf0b38-21a4-d92e-dde3-afe0bd5a2adc/197338662106.jpg/600x600bb.jpg',0,1,'2026-02-01 20:17:23','2026-04-26 04:23:25'),(76,'Tell The Kids I Love Them',224,'https://res.cloudinary.com/dpg7qezsj/video/upload/v1769949652/ptit_music/audio/gh6qgwcltyxl9c9khmhj.mp3','https://is1-ssl.mzstatic.com/image/thumb/Music126/v4/fc/d3/81/fcd381c9-451f-0917-da01-06678a92b85c/17UMGIM90308.rgb.jpg/600x600bb.jpg',0,1,'2026-02-01 20:17:23','2026-04-26 04:23:25'),(77,'Your Smile',202,'https://res.cloudinary.com/dpg7qezsj/video/upload/v1769949653/ptit_music/audio/ehr02wv756f5esttda5h.mp3','https://is1-ssl.mzstatic.com/image/thumb/Music112/v4/79/86/ae/7986ae00-4a80-5096-8859-65bcbec7949e/893614818273.jpg/600x600bb.jpg',0,1,'2026-02-01 20:17:23','2026-04-26 04:23:25'),(78,'10 Ngàn Năm',239,'https://res.cloudinary.com/dpg7qezsj/video/upload/v1769949654/ptit_music/audio/vhdkr40tcphla4b4bhyr.mp3','https://is1-ssl.mzstatic.com/image/thumb/Music221/v4/b0/a0/6b/b0a06b70-9ac4-0c6c-5383-adacaca080e4/3616554205081.jpg/600x600bb.jpg',1,1,'2026-02-01 20:17:23','2026-04-27 16:40:45'),(79,'Như Anh Mơ',361,'https://res.cloudinary.com/dpg7qezsj/video/upload/v1769949656/ptit_music/audio/lgob5gbz4fgr69zqwnhw.mp4','https://is1-ssl.mzstatic.com/image/thumb/Music221/v4/75/e0/44/75e04475-87ca-160b-8b5f-0cf71a73dcbf/3616550232975.jpg/600x600bb.jpg',0,1,'2026-02-01 20:17:23','2026-04-26 04:23:25'),(80,'Proud',231,'https://res.cloudinary.com/dpg7qezsj/video/upload/v1769949657/ptit_music/audio/duiphqmqlnietxzcez52.mp3','https://is1-ssl.mzstatic.com/image/thumb/Music211/v4/29/dc/1e/29dc1e2b-a3d2-9d54-95a9-b207375bedd0/3617386585969.jpg/600x600bb.jpg',0,1,'2026-02-01 20:17:23','2026-04-26 04:23:25'),(81,'Phố Cũ Còn Anh',234,'https://res.cloudinary.com/dpg7qezsj/video/upload/v1769949658/ptit_music/audio/it7k95qvgxyfdxqn7dc2.mp3','https://is1-ssl.mzstatic.com/image/thumb/Music122/v4/b6/93/e0/b693e011-9758-7211-70e7-aef12cc9580c/c8a41962-9f3a-4da6-8469-1c08c73dfe95.jpg/600x600bb.jpg',0,1,'2026-02-01 20:17:23','2026-04-26 04:23:25'),(82,'Querry',230,'https://res.cloudinary.com/dpg7qezsj/video/upload/v1769949660/ptit_music/audio/vzynmptxb3xtam6h7sgs.mp4','https://is1-ssl.mzstatic.com/image/thumb/Music211/v4/62/2c/8c/622c8c3b-5f6e-cb45-9d19-a86f5d360584/3616847629792.jpg/600x600bb.jpg',1,1,'2026-02-01 20:17:23','2026-04-28 09:45:20'),(83,'Bông Hoa Đẹp Nhất',315,'https://res.cloudinary.com/dpg7qezsj/video/upload/v1769949661/ptit_music/audio/jzpjjnmta5as1eq58bcc.mp3','https://is1-ssl.mzstatic.com/image/thumb/Music221/v4/36/21/40/36214055-6adc-bc28-ad0d-8c935864d7cb/5063341933845.jpg/600x600bb.jpg',0,1,'2026-02-01 20:17:23','2026-04-26 04:23:25'),(84,'Quá Lâu',177,'https://res.cloudinary.com/dpg7qezsj/video/upload/v1769949663/ptit_music/audio/erbvuimueaxprqnp1wvi.mp3','https://is1-ssl.mzstatic.com/image/thumb/Music124/v4/1f/ed/01/1fed015e-7b6e-07aa-6b81-e1868e46a6a8/artwork.jpg/600x600bb.jpg',0,1,'2026-02-01 20:17:23','2026-04-26 04:23:25'),(85,'Chịu Cách Mình Nói Thua',192,'https://res.cloudinary.com/dpg7qezsj/video/upload/v1769949664/ptit_music/audio/t5g4ut8winaoczecwbkf.mp4','https://is1-ssl.mzstatic.com/image/thumb/Music126/v4/1d/95/b3/1d95b376-ae6e-de03-a0c4-57ba64cdb112/cover.jpg/600x600bb.jpg',0,1,'2026-02-01 20:17:23','2026-04-26 04:23:25'),(86,'Tay To',165,'https://res.cloudinary.com/dpg7qezsj/video/upload/v1769949665/ptit_music/audio/ffbmb53rete92wswbyoo.mp3','https://is1-ssl.mzstatic.com/image/thumb/Music125/v4/ef/78/00/ef7800b0-6a5e-192f-3474-f3c04b1b289f/artwork.jpg/600x600bb.jpg',0,1,'2026-02-01 20:17:23','2026-04-26 04:23:25'),(87,'Rồi Một Ngày',175,'https://res.cloudinary.com/dpg7qezsj/video/upload/v1769949666/ptit_music/audio/y14oeomxoaiejd01pxac.mp3','https://is1-ssl.mzstatic.com/image/thumb/Music221/v4/cb/83/0e/cb830ef8-f922-7cce-5695-941f96da71ce/0.jpg/600x600bb.jpg',0,1,'2026-02-01 20:17:23','2026-04-26 04:23:25'),(88,'Anh Chỉ Muốn',172,'https://res.cloudinary.com/dpg7qezsj/video/upload/v1769949668/ptit_music/audio/b8gou9sskqycli40d5gl.mp3','https://is1-ssl.mzstatic.com/image/thumb/Music116/v4/65/c5/ae/65c5aebd-52d1-be33-1a74-320ae710cb49/2cbb5ff6-60bd-4ec2-98a3-bac796f8fd3f.jpg/600x600bb.jpg',0,1,'2026-02-01 20:17:23','2026-04-26 04:23:25'),(89,'Lan Man',216,'https://res.cloudinary.com/dpg7qezsj/video/upload/v1769949669/ptit_music/audio/sad7uqeuwzl2cshi1am7.mp3','https://is1-ssl.mzstatic.com/image/thumb/Music126/v4/a0/72/f7/a072f7c5-763a-2549-bc77-052076159a83/b9c69c6d-d693-402c-b7fe-ad80c0f07351.jpg/600x600bb.jpg',0,1,'2026-02-01 20:17:23','2026-04-26 04:23:25'),(90,'Nhắn Nhủ',241,'https://res.cloudinary.com/dpg7qezsj/video/upload/v1769949670/ptit_music/audio/ucbtri20fwfotgdzxhsk.mp4','https://is1-ssl.mzstatic.com/image/thumb/Music126/v4/45/6f/16/456f1658-aefd-1198-0b5f-e966152c09e3/2ed824a9-489f-41b1-9a24-9c3e9d310d09.jpg/600x600bb.jpg',0,1,'2026-02-01 20:17:23','2026-04-26 04:23:25'),(91,'Buồn Hay Vui',292,'https://res.cloudinary.com/dpg7qezsj/video/upload/v1769949671/ptit_music/audio/r0pdd2hirb7gmjpmq4lh.mp4','https://is1-ssl.mzstatic.com/image/thumb/Music221/v4/26/ed/8c/26ed8cd7-e27b-4bfe-2659-4eaa1660314b/3617382170244.jpg/600x600bb.jpg',0,1,'2026-02-01 20:17:23','2026-04-26 04:23:25'),(92,'Don\'t Côi',147,'https://res.cloudinary.com/dpg7qezsj/video/upload/v1769949673/ptit_music/audio/uguunhvswv0qgbelwvcu.mp3','https://is1-ssl.mzstatic.com/image/thumb/Music221/v4/53/6a/31/536a312d-d639-2d13-b93d-b8c75a8956e4/25881.jpg/600x600bb.jpg',0,1,'2026-02-01 20:17:23','2026-04-26 04:23:25'),(93,'Khi Mà',229,'https://res.cloudinary.com/dpg7qezsj/video/upload/v1769949674/ptit_music/audio/wqemazdt1wwgou6q5opy.mp3','https://is1-ssl.mzstatic.com/image/thumb/Music112/v4/2b/b4/48/2bb44873-1ab4-e616-9fb4-d484627e9e1c/ac7ca051-faa6-461f-9f8a-f427e8c8c33e.jpg/600x600bb.jpg',0,1,'2026-02-01 20:17:23','2026-04-26 04:23:25'),(94,'Người Em Cố Đô',241,'https://res.cloudinary.com/dpg7qezsj/video/upload/v1769949675/ptit_music/audio/leylrzlw6qvfb2sztzoo.mp4','https://is1-ssl.mzstatic.com/image/thumb/Music115/v4/9f/dc/b4/9fdcb497-91c2-d5f0-3cf9-22e49057d8f3/190296442315.jpg/600x600bb.jpg',0,1,'2026-02-01 20:17:23','2026-04-26 04:23:25'),(95,'Rượu Tình',138,'https://res.cloudinary.com/dpg7qezsj/video/upload/v1769949677/ptit_music/audio/ueqmnxf0ri59x9xypka0.mp4','https://is1-ssl.mzstatic.com/image/thumb/Music211/v4/8b/18/ff/8b18ffa9-5493-066b-8d65-2ab309c38eff/050811079320_cover.jpg/600x600bb.jpg',0,1,'2026-02-01 20:17:23','2026-04-26 04:23:25'),(96,'Rồi Ta Sẽ Ngắm Pháo Hoa Cùng Nhau',283,'https://res.cloudinary.com/dpg7qezsj/video/upload/v1769949678/ptit_music/audio/lrt98i6hwsgc9rqsasxv.mp3','https://is1-ssl.mzstatic.com/image/thumb/Music221/v4/b3/78/f2/b378f202-8354-f8c4-e13e-4bc4685f9ebe/3617054831336.jpg/600x600bb.jpg',0,1,'2026-02-01 20:17:23','2026-04-26 04:23:25'),(97,'Em Thích',179,'https://res.cloudinary.com/dpg7qezsj/video/upload/v1769949679/ptit_music/audio/ahcu20iagq8ovuo2c1qg.mp3','https://is1-ssl.mzstatic.com/image/thumb/Music211/v4/0c/ac/75/0cac75e7-19d9-1d3e-d75a-fd3c2a86b6db/199066166390.jpg/600x600bb.jpg',0,1,'2026-02-01 20:17:23','2026-04-26 04:23:25'),(98,'Iu Là Đây',221,'https://res.cloudinary.com/dpg7qezsj/video/upload/v1769949681/ptit_music/audio/rjzubf50bmxcilogw62b.mp3','https://is1-ssl.mzstatic.com/image/thumb/Music126/v4/c6/d0/4b/c6d04bca-623e-77f7-7170-71889537b106/197338832318.jpg/600x600bb.jpg',0,1,'2026-02-01 20:17:23','2026-04-26 04:23:25'),(99,'Suýt Nữa Thì',286,'https://res.cloudinary.com/dpg7qezsj/video/upload/v1769949682/ptit_music/audio/rrtflflgjt7wblcat4wo.mp3','https://is1-ssl.mzstatic.com/image/thumb/Music116/v4/26/24/71/2624711a-048a-98d4-23da-6d4d5ec9981c/59511a85-ff45-4534-abf7-4b1b3692d9ee.jpg/600x600bb.jpg',0,1,'2026-02-01 20:17:23','2026-04-26 04:23:25'),(100,'Sau Những Lần Đau',140,'https://res.cloudinary.com/dpg7qezsj/video/upload/v1769949683/ptit_music/audio/eccrv8tmuingvfpf9idl.mp3','https://is1-ssl.mzstatic.com/image/thumb/Music126/v4/65/52/0d/65520d86-1b79-385f-c123-e32e9b18c0d5/cover.jpg/600x600bb.jpg',0,1,'2026-02-01 20:17:23','2026-04-26 04:23:25'),(101,'Sau Tất Cả',235,'https://res.cloudinary.com/dpg7qezsj/video/upload/v1769949685/ptit_music/audio/p2nb2tqujdxxkci51end.mp4','https://is1-ssl.mzstatic.com/image/thumb/Music125/v4/ce/2b/e4/ce2be4be-4bad-a72e-00f1-5fa4c624c229/759004309083_cover.jpg/600x600bb.jpg',0,1,'2026-02-01 20:17:23','2026-04-26 04:23:25'),(102,'Simple Love',238,'https://res.cloudinary.com/dpg7qezsj/video/upload/v1769949686/ptit_music/audio/qdyzu85liiczvdtvvkbj.mp3','https://is1-ssl.mzstatic.com/image/thumb/Music221/v4/77/e0/54/77e05477-3a3b-f67e-2918-98f46b28c5d3/3617053768909.jpg/600x600bb.jpg',0,1,'2026-02-01 20:17:23','2026-04-26 04:23:25'),(103,'Suy Nghĩ Trong Anh',257,'https://res.cloudinary.com/dpg7qezsj/video/upload/v1769949687/ptit_music/audio/cujjgxueh06i5zvpszbn.mp4','https://is1-ssl.mzstatic.com/image/thumb/Music211/v4/60/dc/1f/60dc1f9d-682a-562a-4b23-fcdf3fbb4f33/196872058758.jpg/600x600bb.jpg',0,1,'2026-02-01 20:17:23','2026-04-26 04:23:25'),(104,'Ngồi Nhìn Em Khóc',273,'https://res.cloudinary.com/dpg7qezsj/video/upload/v1769949689/ptit_music/audio/te0uqjcxvgahjkiwboon.mp3','https://is1-ssl.mzstatic.com/image/thumb/Music116/v4/e2/1a/49/e21a49ee-4cbb-0f0e-43f1-b8baf6554a9c/197338767955.jpg/600x600bb.jpg',0,1,'2026-02-01 20:17:23','2026-04-26 04:23:25'),(105,'Sóng',177,'https://res.cloudinary.com/dpg7qezsj/video/upload/v1769949690/ptit_music/audio/k704kieakksck58yixjp.mp3','https://is1-ssl.mzstatic.com/image/thumb/Music125/v4/49/3d/ab/493dab54-f920-9043-6181-80993b8116c9/19UMGIM53909.rgb.jpg/600x600bb.jpg',0,1,'2026-02-01 20:17:23','2026-04-26 04:23:25'),(106,'Chúng Ta Của Hiện Tại - Lofi version',200,'https://res.cloudinary.com/dpg7qezsj/video/upload/v1769949691/ptit_music/audio/pop1ef7fhval3jvagddc.mp3','https://is1-ssl.mzstatic.com/image/thumb/Music211/v4/3e/a9/15/3ea9154d-71ff-fe3f-e291-70ed965f0845/24UMGIM48787.rgb.jpg/600x600bb.jpg',0,1,'2026-02-01 20:17:23','2026-04-26 04:23:25'),(107,'Thiên Thần Tình Yêu',275,'https://res.cloudinary.com/dpg7qezsj/video/upload/v1769949692/ptit_music/audio/yaggzisk3ngznctyolzd.mp3','https://is1-ssl.mzstatic.com/image/thumb/Music221/v4/4b/c9/dc/4bc9dc27-e354-d007-6cc4-d3be836b597d/196622740070.jpg/600x600bb.jpg',0,1,'2026-02-01 20:17:23','2026-04-26 04:23:25'),(108,'Thằng Điên',286,'https://res.cloudinary.com/dpg7qezsj/video/upload/v1769949693/ptit_music/audio/ivo5a4c6uw2jswuknwqh.mp3','https://is1-ssl.mzstatic.com/image/thumb/Music122/v4/59/df/49/59df49c3-e2d2-5100-948e-498ac96357ed/5054197233067.jpg/600x600bb.jpg',0,1,'2026-02-01 20:17:23','2026-04-26 04:23:25'),(109,'Mai Mình Xa',137,'https://res.cloudinary.com/dpg7qezsj/video/upload/v1769949695/ptit_music/audio/y3gzadaabton11i2b41x.mp3','https://is1-ssl.mzstatic.com/image/thumb/Music122/v4/3b/40/92/3b409268-2d70-f371-e0c2-2602865bf4a0/cover.jpg/600x600bb.jpg',0,1,'2026-02-01 20:17:23','2026-04-26 04:23:25'),(110,'Tell Ur Mom II',216,'https://res.cloudinary.com/dpg7qezsj/video/upload/v1769949696/ptit_music/audio/qpqaifyrk85tfbzthvdd.mp3','https://is1-ssl.mzstatic.com/image/thumb/Music122/v4/43/c2/7c/43c27ca5-5f18-af5f-0468-2784ba80b9e2/c2099249-976f-41cd-b41e-4bbb06e610e4.jpg/600x600bb.jpg',1,1,'2026-02-01 20:17:23','2026-04-26 09:35:57'),(111,'Thu Cuối',309,'https://res.cloudinary.com/dpg7qezsj/video/upload/v1769949698/ptit_music/audio/umzvkr7gnc5kndxvshzl.mp3','https://is1-ssl.mzstatic.com/image/thumb/Music62/v4/e2/4c/60/e24c6085-a0fb-10a7-eac5-953658827059/64.jpg/600x600bb.jpg',0,1,'2026-02-01 20:17:23','2026-04-26 04:23:25'),(112,'Thêm Bao Nhiêu Lâu',312,'https://res.cloudinary.com/dpg7qezsj/video/upload/v1769949700/ptit_music/audio/hwfx9rjzw2twmzggaeou.mp3','https://is1-ssl.mzstatic.com/image/thumb/Music221/v4/6e/f8/43/6ef84363-20e2-c9f8-708b-1e6192e77c91/3617056654995.jpg/600x600bb.jpg',0,1,'2026-02-01 20:17:23','2026-04-26 04:23:25'),(113,'Thì Thầm Thích Thả Thính',227,'https://res.cloudinary.com/dpg7qezsj/video/upload/v1769949701/ptit_music/audio/abjoeippoo5eslumhgun.mp4','https://is1-ssl.mzstatic.com/image/thumb/Music122/v4/ab/03/4c/ab034cff-d518-7d37-9286-3935e59ba103/190296181467.jpg/600x600bb.jpg',0,1,'2026-02-01 20:17:23','2026-04-26 04:23:25'),(114,'Thất Tình',395,'https://res.cloudinary.com/dpg7qezsj/video/upload/v1769949702/ptit_music/audio/inotmke7ssj0viz0u5c6.mp4','https://is1-ssl.mzstatic.com/image/thumb/Music211/v4/aa/33/d7/aa33d798-faa3-d949-30f5-c1decdd6aba3/5021732016690.jpg/600x600bb.jpg',0,1,'2026-02-01 20:17:23','2026-04-26 04:23:25'),(115,'Nghe Em',284,'https://res.cloudinary.com/dpg7qezsj/video/upload/v1769949704/ptit_music/audio/rkefs085oerdmhnoqdy6.mp3','https://is1-ssl.mzstatic.com/image/thumb/Music113/v4/80/f7/2b/80f72b01-d4ea-c43e-680a-69db23f7f149/194491573676.jpg/600x600bb.jpg',0,1,'2026-02-01 20:17:23','2026-04-26 04:23:25'),(116,'Thắc Mắc',221,'https://res.cloudinary.com/dpg7qezsj/video/upload/v1769949705/ptit_music/audio/appo9fnqv815od2vco0m.mp3','https://is1-ssl.mzstatic.com/image/thumb/Music112/v4/ff/39/f1/ff39f112-07e9-0b74-36fb-9c5e8dbf4b74/cover.jpg/600x600bb.jpg',0,1,'2026-02-01 20:17:23','2026-04-26 04:23:25'),(117,'Ba',175,'https://res.cloudinary.com/dpg7qezsj/video/upload/v1769949707/ptit_music/audio/lq5bdwafnstgbxxbusuu.mp3','https://is1-ssl.mzstatic.com/image/thumb/Music113/v4/1a/5e/44/1a5e44ae-9872-c953-457c-6972d67f7722/cover.jpg/600x600bb.jpg',0,1,'2026-02-01 20:17:23','2026-04-26 04:23:25'),(118,'Mẹ',173,'https://res.cloudinary.com/dpg7qezsj/video/upload/v1769949708/ptit_music/audio/bzinev7rgtheol0ieldq.mp3','https://is1-ssl.mzstatic.com/image/thumb/Music126/v4/4d/d6/c4/4dd6c4ab-0749-9417-30eb-a6551ac53108/190296286179.jpg/600x600bb.jpg',0,1,'2026-02-01 20:17:23','2026-04-26 04:23:25'),(119,'Váy Cưới',166,'https://res.cloudinary.com/dpg7qezsj/video/upload/v1769949709/ptit_music/audio/wtvc2mdk69igodyjjcip.mp3','https://is1-ssl.mzstatic.com/image/thumb/Music116/v4/76/b1/7a/76b17a55-b407-14d7-946e-cc99140f9a0e/196292895612.jpg/600x600bb.jpg',0,1,'2026-02-01 20:17:23','2026-04-26 04:23:25'),(120,'Trước Khi Em Tồn Tại',237,'https://res.cloudinary.com/dpg7qezsj/video/upload/v1769949711/ptit_music/audio/gwr5qdewudl7ynikcgo9.mp3','https://is1-ssl.mzstatic.com/image/thumb/Music116/v4/a5/74/b4/a574b408-776e-0617-a994-3eeeb7f6a8fc/cover.jpg/600x600bb.jpg',0,1,'2026-02-01 20:17:23','2026-04-26 04:23:25'),(121,'Tâm Sự Tuổi 30',295,'https://res.cloudinary.com/dpg7qezsj/video/upload/v1769949713/ptit_music/audio/wzrrwusobnwkdpcf6bvr.mp3','https://is1-ssl.mzstatic.com/image/thumb/Music221/v4/c1/a9/11/c1a91101-f398-5f36-be12-bbd04f852d06/cover.jpg/600x600bb.jpg',0,1,'2026-02-01 20:17:23','2026-04-26 04:23:25'),(122,'Tình Ka Ngọt Ngào',238,'https://res.cloudinary.com/dpg7qezsj/video/upload/v1769949714/ptit_music/audio/f37kzriym55jw8yjx6qh.mp3','https://is1-ssl.mzstatic.com/image/thumb/Music211/v4/23/3a/27/233a27d1-6f0c-5aed-e92b-9b78fd7be6b8/199538424409.jpg/600x600bb.jpg',0,1,'2026-02-01 20:17:23','2026-04-26 04:23:25'),(123,'Tình Đầu',296,'https://res.cloudinary.com/dpg7qezsj/video/upload/v1769949715/ptit_music/audio/dlyyncsnbsj8czn5cnxf.mp4','https://is1-ssl.mzstatic.com/image/thumb/Music221/v4/ed/f2/03/edf203a3-a8ca-0657-7ba5-8754edd4da9e/cover.jpg/600x600bb.jpg',0,1,'2026-02-01 20:17:23','2026-04-26 04:23:25'),(124,'Tình Yêu Ngủ Quên',202,'https://res.cloudinary.com/dpg7qezsj/video/upload/v1769949717/ptit_music/audio/pv8539chpmtnoew8bfba.mp4','https://is1-ssl.mzstatic.com/image/thumb/Music125/v4/12/a7/f3/12a7f369-d0d7-7e6c-3871-2a222b340c8d/cover.jpg/600x600bb.jpg',3,1,'2026-02-01 20:17:23','2026-04-27 14:33:52'),(125,'Tình Ca Tình Ta',212,'https://res.cloudinary.com/dpg7qezsj/video/upload/v1769949718/ptit_music/audio/so85dziy47babberi6g5.mp3','https://is1-ssl.mzstatic.com/image/thumb/Music115/v4/49/98/ad/4998ad9f-9d2c-69c2-323a-6f404cf108bd/190296640940.jpg/600x600bb.jpg',0,1,'2026-02-01 20:17:23','2026-04-26 04:23:25'),(126,'Tình Cờ Tôi Thích Em',218,'https://res.cloudinary.com/dpg7qezsj/video/upload/v1769949719/ptit_music/audio/tycc7xppsoeyansqyisf.mp3','https://is1-ssl.mzstatic.com/image/thumb/Music221/v4/9a/ba/4c/9aba4cde-de0f-7790-472e-8f2a8986d145/3617220623352.jpg/600x600bb.jpg',1,1,'2026-02-01 20:17:23','2026-04-27 14:57:03'),(127,'Già Cùng Nhau Là Được',235,'https://res.cloudinary.com/dpg7qezsj/video/upload/v1769949721/ptit_music/audio/msybkz1dkjiv8cmnzv6n.mp3','https://is1-ssl.mzstatic.com/image/thumb/Music211/v4/d2/60/91/d26091bd-96ee-8058-af9a-280ee7dc708a/3616550232944.jpg/600x600bb.jpg',0,1,'2026-02-01 20:17:23','2026-04-26 04:23:25'),(128,'Tương Tư',207,'https://res.cloudinary.com/dpg7qezsj/video/upload/v1769949723/ptit_music/audio/ixncnjrkvjtssbh7nfzk.mp4','https://is1-ssl.mzstatic.com/image/thumb/Music221/v4/61/30/7f/61307f95-8bde-9009-5a9f-6224272b720a/artwork.jpg/600x600bb.jpg',0,1,'2026-02-01 20:17:23','2026-04-26 04:23:25'),(129,'Tết Đong Đầy',243,'https://res.cloudinary.com/dpg7qezsj/video/upload/v1769949724/ptit_music/audio/ggbxohvcm14uhwaqhonk.mp3','https://is1-ssl.mzstatic.com/image/thumb/Music221/v4/3a/32/34/3a32344b-6912-2148-6736-172e4095e998/3617054096360.jpg/600x600bb.jpg',0,1,'2026-02-01 20:17:23','2026-04-26 04:23:25'),(130,'Tệ Thật, Anh Nhớ Em',287,'https://res.cloudinary.com/dpg7qezsj/video/upload/v1769949726/ptit_music/audio/ionftslrvdezuyqwwvdi.mp3','https://is1-ssl.mzstatic.com/image/thumb/Music221/v4/92/5b/36/925b36d0-efcd-e79f-d0ab-d37d97515b1c/190296136320.jpg/600x600bb.jpg',0,1,'2026-02-01 20:17:23','2026-04-26 04:23:25'),(131,'Từng Quen',175,'https://res.cloudinary.com/dpg7qezsj/video/upload/v1769949727/ptit_music/audio/hg9l8ks1fqhqnwfe9alf.mp3','https://is1-ssl.mzstatic.com/image/thumb/Music116/v4/cb/42/10/cb421004-d27a-6c08-a542-fa2e7ac3bb58/23UM1IM21988.rgb.jpg/600x600bb.jpg',0,1,'2026-02-01 20:17:23','2026-04-26 04:23:25'),(132,'Internet Love',219,'https://res.cloudinary.com/dpg7qezsj/video/upload/v1769949729/ptit_music/audio/jawne3jftqwjcdgd9crq.mp3','https://is1-ssl.mzstatic.com/image/thumb/Music126/v4/89/db/48/89db4834-3415-d84f-1507-a394e89e7069/195940793225.jpg/600x600bb.jpg',0,1,'2026-02-01 20:17:23','2026-04-26 04:23:25'),(133,'Va Vào Giai Điệu Này',197,'https://res.cloudinary.com/dpg7qezsj/video/upload/v1769949731/ptit_music/audio/xygxdqrqzyuaipmekogs.mp3','https://is1-ssl.mzstatic.com/image/thumb/Music116/v4/5d/0f/0f/5d0f0ffe-4e76-cbbf-b551-93f6f8ce3068/197188116262.jpg/600x600bb.jpg',1,1,'2026-02-01 20:17:23','2026-04-28 09:41:43'),(134,'3107',232,'https://res.cloudinary.com/dpg7qezsj/video/upload/v1769949732/ptit_music/audio/e9oocqze1fporfmuzfpx.mp3','https://is1-ssl.mzstatic.com/image/thumb/Music211/v4/69/04/d8/6904d8d7-0766-75ed-67d5-bee0d1e1e62a/085365292932.jpg/600x600bb.jpg',0,1,'2026-02-01 20:17:23','2026-04-26 04:23:25'),(135,'3107-3',235,'https://res.cloudinary.com/dpg7qezsj/video/upload/v1769949734/ptit_music/audio/byyeu77xe4ecospxy2bo.mp3','https://is1-ssl.mzstatic.com/image/thumb/Music115/v4/e8/54/89/e8548918-cf07-1db8-ac9f-f66e3767a1ca/21UMGIM68821.rgb.jpg/600x600bb.jpg',0,1,'2026-02-01 20:17:23','2026-04-26 04:23:25'),(136,'3107-4',213,'https://res.cloudinary.com/dpg7qezsj/video/upload/v1769949736/ptit_music/audio/lwafirlkkiella9okjoe.mp3','https://is1-ssl.mzstatic.com/image/thumb/Music112/v4/6d/92/17/6d9217f9-384d-ca69-9f40-6ebc6c03ae08/22UMGIM84262.rgb.jpg/600x600bb.jpg',0,1,'2026-02-01 20:17:23','2026-04-26 04:23:25'),(137,'Id 072019',302,'https://res.cloudinary.com/dpg7qezsj/video/upload/v1769949737/ptit_music/audio/xavtefak03lqktrdnwya.mp3','https://is1-ssl.mzstatic.com/image/thumb/Music126/v4/56/6d/a7/566da7e5-df40-f0f9-4c80-26663f5f47e3/23UMGIM87583.rgb.jpg/600x600bb.jpg',0,1,'2026-02-01 20:17:23','2026-04-26 04:23:25'),(138,'Shhhhhhh...',238,'https://res.cloudinary.com/dpg7qezsj/video/upload/v1769949739/ptit_music/audio/j3gv3xoacueh4dstfw9f.mp4','https://is1-ssl.mzstatic.com/image/thumb/Music126/v4/38/8a/50/388a50a7-7534-c3f9-36a0-306a1ff62bc3/197190030846.jpg/600x600bb.jpg',1,1,'2026-02-01 20:17:23','2026-04-26 13:45:59'),(139,'Thích Em Hơi Nhiều',200,'https://res.cloudinary.com/dpg7qezsj/video/upload/v1769949740/ptit_music/audio/nrx0uzj90a2unbcwyxff.mp3','https://is1-ssl.mzstatic.com/image/thumb/Music115/v4/2d/65/9a/2d659aab-02b5-a50c-fa12-64f877663899/21UMGIM52353.rgb.jpg/600x600bb.jpg',0,1,'2026-02-01 20:17:23','2026-04-26 04:23:25'),(140,'Biết Iu 1 Người',180,'https://res.cloudinary.com/dpg7qezsj/video/upload/v1769949741/ptit_music/audio/xgouwlnmnobk0odjrf0b.mp4','https://is1-ssl.mzstatic.com/image/thumb/Music122/v4/9d/fc/85/9dfc8500-efac-5f3a-d5b5-caf7aa52961c/63809958-4242-4e7e-8f0d-955543475461.jpg/600x600bb.jpg',1,1,'2026-02-01 20:17:23','2026-04-26 04:29:55'),(141,'Wrong Times',211,'https://res.cloudinary.com/dpg7qezsj/video/upload/v1769949743/ptit_music/audio/tn0qba7bpmhwarkdwij9.mp3','https://is1-ssl.mzstatic.com/image/thumb/Music126/v4/4c/e8/5e/4ce85efa-9da0-13b6-b1c9-0f3c34e683e7/769a6a74-44e3-4382-8a1b-cd727ea861fb.jpg/600x600bb.jpg',0,1,'2026-02-01 20:17:23','2026-04-26 04:23:25'),(142,'Xe Đạp',248,'https://res.cloudinary.com/dpg7qezsj/video/upload/v1769949745/ptit_music/audio/oirzdepiqm5xc3ocm88v.mp3','https://is1-ssl.mzstatic.com/image/thumb/Music/42/aa/0e/mzi.mmfqzpge.jpg/600x600bb.jpg',0,1,'2026-02-01 20:17:23','2026-04-26 04:23:25'),(143,'Xin Lỗi Vì Đã Yêu Nhau',288,'https://res.cloudinary.com/dpg7qezsj/video/upload/v1769949746/ptit_music/audio/um7niydgjo3lm5tx87yw.mp4','https://is1-ssl.mzstatic.com/image/thumb/Music124/v4/bb/b4/4e/bbb44e2e-d314-5f85-73bb-11679c8b3a16/21UMGIM21738.rgb.jpg/600x600bb.jpg',1,1,'2026-02-01 20:17:23','2026-04-26 04:25:03'),(144,'Yêu Không Cần Hứa',225,'https://res.cloudinary.com/dpg7qezsj/video/upload/v1769949747/ptit_music/audio/gcc5jekbxofaupohnthh.mp4','https://is1-ssl.mzstatic.com/image/thumb/Music211/v4/39/93/eb/3993eb2d-a2a5-e5f7-c490-0137eb48d8cc/198391758058.jpg/600x600bb.jpg',0,1,'2026-02-01 20:17:23','2026-04-26 04:23:25'),(145,'Yêu Nhiều Ghen Nhiều',259,'https://res.cloudinary.com/dpg7qezsj/video/upload/v1769949749/ptit_music/audio/xp0lgb8kvsohgcivmkgi.mp4','https://is1-ssl.mzstatic.com/image/thumb/Music221/v4/08/3e/1e/083e1e40-1dec-b230-1d0a-36bea83b30cf/198391738272.jpg/600x600bb.jpg',0,1,'2026-02-01 20:17:23','2026-04-26 04:23:25'),(146,'Yêu Người Như Anh',200,'https://res.cloudinary.com/dpg7qezsj/video/upload/v1769949750/ptit_music/audio/pcda0vcxufpalaq4xsoj.mp3','https://is1-ssl.mzstatic.com/image/thumb/Music112/v4/dd/52/34/dd523418-cd92-3e74-c1ec-ed973869390e/190296034985.jpg/600x600bb.jpg',0,1,'2026-02-01 20:17:23','2026-04-26 04:23:25'),(147,'Yêu Người Có Ước Mơ',286,'https://res.cloudinary.com/dpg7qezsj/video/upload/v1769949751/ptit_music/audio/wu1pmmkjc5vtcqxxwvg8.mp3','https://is1-ssl.mzstatic.com/image/thumb/Music221/v4/a9/2d/05/a92d0536-15ee-6b5c-6b76-e32a7de7429c/3617054602738.jpg/600x600bb.jpg',0,1,'2026-02-01 20:17:23','2026-04-26 04:23:25'),(148,'Yêu Đơn Phương Là Gì',218,'https://res.cloudinary.com/dpg7qezsj/video/upload/v1769949753/ptit_music/audio/mfhprfql9fzywvzmhrcv.mp3','https://is1-ssl.mzstatic.com/image/thumb/Music112/v4/eb/d8/a2/ebd8a2ef-4ae5-53a9-ec19-65892885582b/cover.jpg/600x600bb.jpg',0,1,'2026-02-01 20:17:23','2026-04-26 04:23:25'),(149,'Chuyện Chúng Ta Sau Này',246,'https://res.cloudinary.com/dpg7qezsj/video/upload/v1769949754/ptit_music/audio/aonpikzkdpcclee6kjdo.mp4','https://is1-ssl.mzstatic.com/image/thumb/Music116/v4/4d/60/16/4d6016b5-f8b8-755a-87d3-6f0676aad62d/59174c45-0a6f-4d6c-870f-def6f8e88bf2.jpg/600x600bb.jpg',0,1,'2026-02-01 20:17:23','2026-04-26 04:23:25'),(150,'Có Hẹn Với Thanh Xuân',268,'https://res.cloudinary.com/dpg7qezsj/video/upload/v1769949756/ptit_music/audio/m0hx1vpaatnyqywzb6gn.mp3','https://is1-ssl.mzstatic.com/image/thumb/Music115/v4/6b/45/48/6b4548ac-5dee-ec1b-1132-b2366d738566/190296526817.jpg/600x600bb.jpg',0,1,'2026-02-01 20:17:23','2026-04-26 04:23:25'),(151,'Em Làm Gì Mùa Dịch',194,'https://res.cloudinary.com/dpg7qezsj/video/upload/v1769949757/ptit_music/audio/ink4wlekltspa7f7o3j1.mp4','https://i.scdn.co/image/ab67616d00001e02b37cf8e9a8c13073f67c4c3b',0,1,'2026-02-01 20:17:23','2026-04-26 04:23:25'),(152,'Đắm Tình',231,'https://res.cloudinary.com/dpg7qezsj/video/upload/v1769949759/ptit_music/audio/gunukgdbrjtw6jvvl6ig.mp3','https://is1-ssl.mzstatic.com/image/thumb/Music112/v4/10/9a/4d/109a4d89-0a46-51fe-c3bd-5b9ff2876ddb/5054197326424.jpg/600x600bb.jpg',0,1,'2026-02-01 20:17:23','2026-04-26 04:23:25'),(153,'Nếu Ngày Ấy',293,'https://res.cloudinary.com/dpg7qezsj/video/upload/v1769949760/ptit_music/audio/xrxrzn99eg5edoeqtujw.mp4','https://is1-ssl.mzstatic.com/image/thumb/Music211/v4/0f/f1/4c/0ff14c5e-6dad-5a20-e74c-6c8687a3b364/3616400236450.jpg/600x600bb.jpg',1,1,'2026-02-01 20:17:23','2026-04-27 09:49:28'),(155,'Tình Yêu Chậm Trễ',245,'https://res.cloudinary.com/dpg7qezsj/video/upload/v1769949765/ptit_music/audio/cbwwawoffytsnmb1xtl9.mp4','https://is1-ssl.mzstatic.com/image/thumb/Music115/v4/94/38/a4/9438a45d-1953-8446-ef9a-8dc1c5085ace/190296496431.jpg/600x600bb.jpg',0,1,'2026-02-01 20:17:23','2026-04-26 04:23:25'),(156,'Vaicaunoicokhiennguoithaydoi',226,'https://res.cloudinary.com/dpg7qezsj/video/upload/v1769949768/ptit_music/audio/m2n7ohad7uggw2evf9rs.mp3','https://is1-ssl.mzstatic.com/image/thumb/Music116/v4/16/5c/93/165c9379-865f-bae6-f51b-8b0a016f738d/602448151407_Cover.jpg/600x600bb.jpg',0,1,'2026-02-01 20:17:23','2026-04-26 04:23:25'),(157,'Ánh Sao Và Bầu Trời',261,'https://res.cloudinary.com/dpg7qezsj/video/upload/v1769949769/ptit_music/audio/qdlozsqyo4ctbzsiayv6.mp3','https://is1-ssl.mzstatic.com/image/thumb/Music125/v4/00/b0/60/00b060c0-b9fe-57bc-7627-94a66a158fe9/190296486593.jpg/600x600bb.jpg',0,1,'2026-02-01 20:17:23','2026-04-26 04:23:25'),(158,'Ông Bà Anh',208,'https://res.cloudinary.com/dpg7qezsj/video/upload/v1769949771/ptit_music/audio/uagsblu1mjpcxuy4wknr.mp3','https://is1-ssl.mzstatic.com/image/thumb/Music112/v4/ff/c0/26/ffc0263a-2b05-6047-1f0a-632eebd76c48/5021732015136.jpg/600x600bb.jpg',0,1,'2026-02-01 20:17:23','2026-04-26 04:23:25'),(159,'Đúng Người Đúng Thời Điểm',297,'https://res.cloudinary.com/dpg7qezsj/video/upload/v1769949772/ptit_music/audio/podwyqqi6rc4baj2nsgi.mp4','https://is1-ssl.mzstatic.com/image/thumb/Music211/v4/38/30/72/3830723b-ab41-840c-b2b6-627317270589/198391715549.jpg/600x600bb.jpg',0,1,'2026-02-01 20:17:23','2026-04-26 04:23:25'),(160,'Đâu Ai Dám Hứa',224,'https://res.cloudinary.com/dpg7qezsj/video/upload/v1769949774/ptit_music/audio/ynjsp3wz7vvf6jwe7odq.mp3','https://is1-ssl.mzstatic.com/image/thumb/Music126/v4/d5/fd/56/d5fd56ec-eeda-d5c1-799f-98382f0d1ceb/cover.jpg/600x600bb.jpg',0,1,'2026-02-01 20:17:23','2026-04-26 04:23:25'),(161,'Đêm Trăng Tình Yêu',265,'https://res.cloudinary.com/dpg7qezsj/video/upload/v1769949776/ptit_music/audio/uijy01o3kh6wfqhyqga9.mp4','https://is1-ssl.mzstatic.com/image/thumb/Music126/v4/95/ac/c0/95acc04b-22c1-e426-c171-4ecad6cdda71/197188402891.jpg/600x600bb.jpg',0,1,'2026-02-01 20:17:23','2026-04-26 04:23:25'),(162,'Tình Cờ Yêu Em',254,'https://res.cloudinary.com/dpg7qezsj/video/upload/v1769949777/ptit_music/audio/zfmfh3ksujpby3pcefwl.mp3','https://is1-ssl.mzstatic.com/image/thumb/Music116/v4/aa/db/70/aadb7026-56b0-7e54-b5ad-443b41d5d7b6/7a5f8e01-2807-4371-acf5-341e2f34ef0e.jpg/600x600bb.jpg',1,1,'2026-02-01 20:17:23','2026-04-26 08:49:42'),(163,'Đếm Ngày Xa Em',264,'https://res.cloudinary.com/dpg7qezsj/video/upload/v1769949778/ptit_music/audio/wyc6zawxgnmknw09ax4u.mp3','https://is1-ssl.mzstatic.com/image/thumb/Music114/v4/4a/57/9b/4a579ba8-0245-ee75-4c45-48731dfb6dc4/cover.jpg/600x600bb.jpg',0,1,'2026-02-01 20:17:23','2026-04-26 04:23:25'),(164,'Để Anh Một Mình',242,'https://res.cloudinary.com/dpg7qezsj/video/upload/v1769949780/ptit_music/audio/k6tqie0unh7b1cqgswij.mp3','https://is1-ssl.mzstatic.com/image/thumb/Music221/v4/2d/6b/02/2d6b02fa-60cd-035e-70c8-cf8cc0b15e54/cover.jpg/600x600bb.jpg',0,1,'2026-02-01 20:17:23','2026-04-26 04:23:25'),(165,'Độc Thân Không Phải Là Ế',212,'https://res.cloudinary.com/dpg7qezsj/video/upload/v1769949781/ptit_music/audio/guvnqnhmsq4dccqnelet.mp3','https://is1-ssl.mzstatic.com/image/thumb/Music221/v4/cc/8e/d3/cc8ed38a-4250-dacd-c891-e29e7f71a04a/5063585169659_cover.jpg/600x600bb.jpg',0,1,'2026-02-01 20:17:23','2026-04-26 04:23:25'),(166,'Ừ Có Anh Đây',365,'https://res.cloudinary.com/dpg7qezsj/video/upload/v1769949782/ptit_music/audio/hekccy0jkeq2qylbuani.mp3','https://is1-ssl.mzstatic.com/image/thumb/Music124/v4/ea/13/c2/ea13c2ff-f73b-982d-6c0f-d325a86a1805/8445281670665.jpg/600x600bb.jpg',1,1,'2026-02-01 20:17:23','2026-04-26 04:44:28'),(168,'Nơi này có anh',279,'https://res.cloudinary.com/dz2yltymf/video/upload/v1777198320/music/audio/cizrdk8g5mje1edjhys9.mp3','https://res.cloudinary.com/dz2yltymf/image/upload/v1777198321/music/image/lom19a6ydejjqjqr7u7u.jpg',0,1,'2026-04-26 10:12:04','2026-04-26 10:12:04'),(169,'Người Im Lặng Gặp Người Hay Nói',256,'https://res.cloudinary.com/dz2yltymf/video/upload/v1777209641/music/audio/ga08fr3dl7tyxssnjcrc.mp3','https://res.cloudinary.com/dz2yltymf/image/upload/v1777209642/music/image/jagw4et13mpo54qjxrp8.jpg',3,1,'2026-04-26 13:20:43','2026-04-28 16:56:29'),(170,'Hôm Nay Tôi Buồn',275,'https://res.cloudinary.com/dz2yltymf/video/upload/v1777210511/music/audio/ejphhwfoujdrfsy4rbry.mp3','https://res.cloudinary.com/dz2yltymf/image/upload/v1777210512/music/image/chofgn5s3rlofb0wz75h.jpg',1,1,'2026-04-26 13:35:12','2026-04-26 13:35:57'),(171,'CÓ CHẮC YÊU LÀ ĐÂY',202,'https://res.cloudinary.com/dz2yltymf/video/upload/v1777211875/music/audio/pu4gzz89ztlialn3xzlt.mp3','https://res.cloudinary.com/dz2yltymf/image/upload/v1777211876/music/image/w797k3t1viyl0a4d4oia.jpg',5,1,'2026-04-26 13:57:57','2026-04-27 09:20:41'),(172,'Đến Đây Bên Anh',241,'https://res.cloudinary.com/dz2yltymf/video/upload/v1777213704/music/audio/jdxsbkomnv0um5ljnbv1.mp3','https://i.scdn.co/image/ab67616d00001e02bed265ca42ecbd6daf08a7a1',8,1,'2026-04-26 14:28:25','2026-04-27 15:48:31'),(173,'Love Is',266,'https://res.cloudinary.com/dz2yltymf/video/upload/v1777213996/music/audio/ca1xh6yfbe3zy350tux8.mp3','https://i.scdn.co/image/ab67616d00001e027a2671106709ace37de38fab',0,1,'2026-04-26 14:33:17','2026-04-26 14:35:52'),(174,'Không Buông ',174,'https://res.cloudinary.com/dz2yltymf/video/upload/v1777220297/music/audio/fo3egj3bi4xrdy1dtsmx.mp3','https://i.scdn.co/image/ab67616d00001e028e2436033be92c06e4afee32',1,1,'2026-04-26 16:18:18','2026-04-26 16:19:35'),(175,'vết thương ',261,'https://res.cloudinary.com/dz2yltymf/video/upload/v1777220894/music/audio/wuihf7jdfe58iasu69yr.mp3','https://i.scdn.co/image/ab67616d00001e02cb2a3066584a339e09508520',4,1,'2026-04-26 16:28:15','2026-04-27 09:44:50'),(176,'In Love',200,'https://res.cloudinary.com/dz2yltymf/video/upload/v1777221289/music/audio/bpy3tshkektamv6e56pn.mp3','https://i.scdn.co/image/ab67616d00001e0223cf61113b6f831989e68725',4,1,'2026-04-26 16:34:53','2026-04-28 14:42:16'),(177,'Ngày Mai Nắng Lên Anh Sẽ Về',272,'https://res.cloudinary.com/dz2yltymf/video/upload/v1777253564/music/audio/d10ifipbnu3tpz2a9gy6.mp3','https://i.scdn.co/image/ab67616d00001e02710d9d3ffddfd5f675488c4d',6,1,'2026-04-27 01:32:45','2026-04-28 14:37:30'),(178,'Em Không Cần',272,'https://res.cloudinary.com/dz2yltymf/video/upload/v1777254510/music/audio/odrsrqiwrz18rpvvpf7z.mp3','https://i.scdn.co/image/ab67616d00001e02348af25a17ce646d988ad2e8',11,1,'2026-04-27 01:48:31','2026-04-28 14:31:12'),(179,'Đứa Trẻ Mùa Đông Chí',288,'https://res.cloudinary.com/dz2yltymf/video/upload/v1777284130/music/audio/nyj2xfi6o5bbukkwmg8n.mp3','https://i.scdn.co/image/ab67616d00001e02bfa823cb1fe9bd76c3c9f41f',5,1,'2026-04-27 10:02:11','2026-04-27 15:52:33'),(180,'Sao Em Vô Tình',335,'https://res.cloudinary.com/dz2yltymf/video/upload/v1777306300/music/audio/d6kxmhoqnjz6u0yzug0r.mp3','https://i.scdn.co/image/ab67616d00001e02d786f30e8e3400cca57c2f26',5,1,'2026-04-27 16:11:42','2026-04-28 14:22:53'),(181,'Anh Đã Quen Với Cô Đơn',268,'https://res.cloudinary.com/dz2yltymf/video/upload/v1777368663/music/audio/kdmwtwtkylggxmd69bfx.mp3','https://i.scdn.co/image/ab67616d00001e022922307c16bb852a0849bea0',6,1,'2026-04-28 09:31:06','2026-04-28 16:05:11'),(182,'Cơn Mưa Cuối ',324,'https://res.cloudinary.com/dz2yltymf/video/upload/v1777391774/music/audio/cvjuiogslolxoqxfci0v.mp3','https://i.scdn.co/image/ab67616d00001e0222612841829252b1f3018c2e',3,1,'2026-04-28 15:56:17','2026-04-28 17:00:46');
/*!40000 ALTER TABLE `songs` ENABLE KEYS */;
UNLOCK TABLES;

--
-- Table structure for table `users`
--

DROP TABLE IF EXISTS `users`;
/*!40101 SET @saved_cs_client     = @@character_set_client */;
/*!50503 SET character_set_client = utf8mb4 */;
CREATE TABLE `users` (
  `user_id` int NOT NULL AUTO_INCREMENT,
  `username` varchar(100) NOT NULL,
  `email` varchar(100) NOT NULL,
  `password` varchar(255) NOT NULL,
  `first_name` varchar(100) DEFAULT NULL,
  `last_name` varchar(100) DEFAULT NULL,
  `birthday` date DEFAULT NULL,
  `phone_number` varchar(20) DEFAULT NULL,
  `address` varchar(255) DEFAULT NULL,
  `gender` enum('male','female','other') DEFAULT NULL,
  `avatar_url` varchar(500) DEFAULT NULL,
  `role` enum('user','admin','super_admin') NOT NULL DEFAULT 'user',
  `is_active` tinyint(1) NOT NULL DEFAULT '0',
  `activity_status` enum('online','offline') NOT NULL DEFAULT 'offline',
  `created_at` datetime DEFAULT CURRENT_TIMESTAMP,
  `updated_at` datetime DEFAULT CURRENT_TIMESTAMP,
  PRIMARY KEY (`user_id`),
  UNIQUE KEY `unique_users_username` (`username`),
  UNIQUE KEY `unique_users_email` (`email`)
) ENGINE=InnoDB AUTO_INCREMENT=4 DEFAULT CHARSET=utf8mb4 COLLATE=utf8mb4_0900_ai_ci;
/*!40101 SET character_set_client = @saved_cs_client */;

--
-- Dumping data for table `users`
--

LOCK TABLES `users` WRITE;
/*!40000 ALTER TABLE `users` DISABLE KEYS */;
INSERT INTO `users` VALUES (1,'dinhbao05','ddinhbao05@gmail.com','$2b$10$N9/2DQDFxxGIqmPYW6iJnuheIsY/EQ2SQDoZQLXd1oCIQPM8U1mdq',NULL,NULL,'2026-04-26',NULL,NULL,NULL,NULL,'user',0,'online','2026-04-26 04:19:35','2026-04-28 14:29:32'),(2,'adminvippro','admin@gmail.com','$2b$10$rGzN4OKYmDJPd4C3hme5wOMDrv2vlQRXjg2o7B9JUk/G7pvYFcBgi',NULL,NULL,NULL,NULL,NULL,NULL,NULL,'super_admin',1,'offline','2026-04-26 09:38:17','2026-04-26 09:38:17'),(3,'user01','user01@gmail.com','$2b$10$vWpUQI0VK/Zd1feginRt3uxd3oqnZcFKFs/3.8kUvjqej1SWGvWLS',NULL,NULL,NULL,NULL,NULL,NULL,NULL,'user',0,'offline','2026-04-27 04:32:25','2026-04-27 04:36:47');
/*!40000 ALTER TABLE `users` ENABLE KEYS */;
UNLOCK TABLES;
/*!40103 SET TIME_ZONE=@OLD_TIME_ZONE */;

/*!40101 SET SQL_MODE=@OLD_SQL_MODE */;
/*!40014 SET FOREIGN_KEY_CHECKS=@OLD_FOREIGN_KEY_CHECKS */;
/*!40014 SET UNIQUE_CHECKS=@OLD_UNIQUE_CHECKS */;
/*!40101 SET CHARACTER_SET_CLIENT=@OLD_CHARACTER_SET_CLIENT */;
/*!40101 SET CHARACTER_SET_RESULTS=@OLD_CHARACTER_SET_RESULTS */;
/*!40101 SET COLLATION_CONNECTION=@OLD_COLLATION_CONNECTION */;
/*!40111 SET SQL_NOTES=@OLD_SQL_NOTES */;

-- Dump completed on 2026-04-29  1:06:54
