-- MySQL dump 10.13  Distrib 8.0.45, for Linux (x86_64)
--
-- Host: localhost    Database: Recommend_music_web
-- ------------------------------------------------------
-- Server version	8.0.45

/*!40101 SET @OLD_CHARACTER_SET_CLIENT=@@CHARACTER_SET_CLIENT */;
/*!40101 SET @OLD_CHARACTER_SET_RESULTS=@@CHARACTER_SET_RESULTS */;
/*!40101 SET @OLD_COLLATION_CONNECTION=@@COLLATION_CONNECTION */;
/*!50503 SET NAMES utf8mb4 */;
/*!40103 SET @OLD_TIME_ZONE=@@TIME_ZONE */;
/*!40103 SET TIME_ZONE='+00:00' */;
/*!40014 SET @OLD_UNIQUE_CHECKS=@@UNIQUE_CHECKS, UNIQUE_CHECKS=0 */;
/*!40014 SET @OLD_FOREIGN_KEY_CHECKS=@@FOREIGN_KEY_CHECKS, FOREIGN_KEY_CHECKS=0 */;
/*!40101 SET @OLD_SQL_MODE=@@SQL_MODE, SQL_MODE='NO_AUTO_VALUE_ON_ZERO' */;
/*!40111 SET @OLD_SQL_NOTES=@@SQL_NOTES, SQL_NOTES=0 */;

--
-- Table structure for table `SequelizeMeta`
--

DROP TABLE IF EXISTS `SequelizeMeta`;
/*!40101 SET @saved_cs_client     = @@character_set_client */;
/*!50503 SET character_set_client = utf8mb4 */;
CREATE TABLE `SequelizeMeta` (
  `name` varchar(255) CHARACTER SET utf8mb3 COLLATE utf8mb3_unicode_ci NOT NULL,
  PRIMARY KEY (`name`),
  UNIQUE KEY `name` (`name`)
) ENGINE=InnoDB DEFAULT CHARSET=utf8mb3 COLLATE=utf8mb3_unicode_ci;
/*!40101 SET character_set_client = @saved_cs_client */;

--
-- Dumping data for table `SequelizeMeta`
--

LOCK TABLES `SequelizeMeta` WRITE;
/*!40000 ALTER TABLE `SequelizeMeta` DISABLE KEYS */;
INSERT INTO `SequelizeMeta` VALUES ('20260426014241-init-database.js'),('20260426151349-add-genres-and-song-genres.js'),('20260507033542-update-playlists-schema.js'),('20260507034124-create-playlist-songs-table.js');
/*!40000 ALTER TABLE `SequelizeMeta` ENABLE KEYS */;
UNLOCK TABLES;

--
-- Table structure for table `artists`
--

DROP TABLE IF EXISTS `artists`;
/*!40101 SET @saved_cs_client     = @@character_set_client */;
/*!50503 SET character_set_client = utf8mb4 */;
CREATE TABLE `artists` (
  `artist_id` int NOT NULL AUTO_INCREMENT,
  `name` varchar(255) NOT NULL,
  `image_url` varchar(500) DEFAULT NULL,
  `normalized_name` varchar(255) NOT NULL,
  PRIMARY KEY (`artist_id`),
  UNIQUE KEY `normalized_name` (`normalized_name`)
) ENGINE=InnoDB AUTO_INCREMENT=423 DEFAULT CHARSET=utf8mb4 COLLATE=utf8mb4_0900_ai_ci;
/*!40101 SET character_set_client = @saved_cs_client */;

--
-- Dumping data for table `artists`
--

LOCK TABLES `artists` WRITE;
/*!40000 ALTER TABLE `artists` DISABLE KEYS */;
INSERT INTO `artists` VALUES (1,'Lã.',NULL,'lã.'),(2,'Log',NULL,'log'),(3,'TiB',NULL,'tib'),(4,'RPT MCK',NULL,'rptmck'),(5,'Nguyenn',NULL,'nguyenn'),(6,'@aric1407',NULL,'@aric1407'),(7,'Bập Bênh Team',NULL,'bậpbênhteam'),(8,'Doãn Hiếu',NULL,'doãnhiếu'),(9,'Bùi Công Nam',NULL,'bùicôngnam'),(10,'VIỆT',NULL,'việt'),(11,'DEUS',NULL,'deus'),(12,'Karik',NULL,'karik'),(13,'Gducky',NULL,'gducky'),(14,'Tân Trần',NULL,'tântrần'),(15,'LINH THỘN',NULL,'linhthộn'),(16,'GIA NGHI',NULL,'gianghi'),(17,'K-ICM',NULL,'k-icm'),(18,'B Ray',NULL,'bray'),(19,'Emcee L',NULL,'emceel'),(20,'Muộii',NULL,'muộii'),(21,'Bem',NULL,'bem'),(22,'Nguyen',NULL,'nguyen'),(23,'ImPoe',NULL,'impoe'),(24,'Nmọc',NULL,'nmọc'),(25,'Dmean',NULL,'dmean'),(26,'Astac',NULL,'astac'),(27,'JustaTee',NULL,'justatee'),(28,'Binz',NULL,'binz'),(29,'QUÂN A_P',NULL,'quâna_p'),(30,'Krix',NULL,'krix'),(31,'Rush',NULL,'rush'),(32,'Nhi Nhi',NULL,'nhinhi'),(33,'HuyR',NULL,'huyr'),(34,'Tùng Viu',NULL,'tùngviu'),(35,'DATKAA',NULL,'datkaa'),(36,'QT BEATZ',NULL,'qtbeatz'),(37,'Da LAB',NULL,'dalab'),(38,'Hoàng Tôn',NULL,'hoàngtôn'),(39,'YANBI',NULL,'yanbi'),(40,'Koo',NULL,'koo'),(41,'Rhyder',NULL,'rhyder'),(42,'Ash Island',NULL,'ashisland'),(43,'Dick',NULL,'dick'),(44,'Tofu',NULL,'tofu'),(45,'PC',NULL,'pc'),(46,'HIEUTHUHAI',NULL,'hieuthuhai'),(47,'HURRYKNG',NULL,'hurrykng'),(48,'REX',NULL,'rex'),(49,'HUYỀN TÂM MÔN',NULL,'huyềntâmmôn'),(50,'Huỳnh Văn',NULL,'huỳnhvăn'),(51,'Vũ Phụng Tiên',NULL,'vũphụngtiên'),(52,'Uyên Pím',NULL,'uyênpím'),(53,'Khoi Vu',NULL,'khoivu'),(54,'Duy Phúc',NULL,'duyphúc'),(55,'Long Cao',NULL,'longcao'),(56,'Chillies',NULL,'chillies'),(57,'Suni Hạ Linh',NULL,'sunihạlinh'),(58,'Rhymastic',NULL,'rhymastic'),(59,'UMIE',NULL,'umie'),(60,'Rum',NULL,'rum'),(61,'NIT',NULL,'nit'),(62,'MASEW',NULL,'masew'),(63,'Venn',NULL,'venn'),(64,'LÊ THIỆN HIẾU',NULL,'lêthiệnhiếu'),(65,'Ba Chú Bộ Đội',NULL,'bachúbộđội'),(66,'Kai06',NULL,'kai06'),(67,'Try92',NULL,'try92'),(68,'Vũ.',NULL,'vũ.'),(69,'Simon C',NULL,'simonc'),(70,'Wuy',NULL,'wuy'),(71,'Tuấn Cry',NULL,'tuấncry'),(72,'MR_A',NULL,'mr_a'),(73,'Wxrdie',NULL,'wxrdie'),(74,'Machiot',NULL,'machiot'),(75,'DT Tập Rap',NULL,'dttậprap'),(76,'Mai Xuân Thứ',NULL,'maixuânthứ'),(77,'FREAKY',NULL,'freaky'),(78,'CM1X',NULL,'cm1x'),(79,'SEANPOET',NULL,'seanpoet'),(80,'QUỲNH GAI',NULL,'quỳnhgai'),(81,'Minh Huy',NULL,'minhhuy'),(82,'Ssahita',NULL,'ssahita'),(83,'Duy Lion',NULL,'duylion'),(84,'DEAR JANE',NULL,'dearjane'),(85,'Specter',NULL,'specter'),(86,'Chu',NULL,'chu'),(87,'Củ Cải',NULL,'củcải'),(88,'DucMinh',NULL,'ducminh'),(89,'PhucXp',NULL,'phucxp'),(90,'ZEXZEX',NULL,'zexzex'),(91,'Obito',NULL,'obito'),(92,'Shiki',NULL,'shiki'),(93,'VSTRA',NULL,'vstra'),(94,'Emma',NULL,'emma'),(95,'Seachains',NULL,'seachains'),(96,'TIEU SON',NULL,'tieuson'),(97,'6A6Y9ANG',NULL,'6a6y9ang'),(98,'WINNO',NULL,'winno'),(99,'QNT',NULL,'qnt'),(100,'TRUNG TRẦN',NULL,'trungtrần'),(101,'Vinh Khuat',NULL,'vinhkhuat'),(102,'BAN',NULL,'ban'),(103,'COOLKID',NULL,'coolkid'),(104,'PhongKhin',NULL,'phongkhin'),(105,'Dewie',NULL,'dewie'),(106,'Ronboogz',NULL,'ronboogz'),(107,'VSOUL',NULL,'vsoul'),(108,'Boyzed',NULL,'boyzed'),(109,'RPT Orijinn',NULL,'rptorijinn'),(110,'Xuân Định K_Y',NULL,'xuânđịnhk_y'),(111,'NamDuc',NULL,'namduc'),(112,'O.lew',NULL,'o.lew'),(113,'Lửa',NULL,'lửa'),(116,'ANFANG',NULL,'anfang'),(117,'ANDIEZ',NULL,'andiez'),(118,'Erik',NULL,'erik'),(119,'Davis',NULL,'davis'),(120,'Lena',NULL,'lena'),(121,'Khắc Việt',NULL,'khắcviệt'),(122,'Sáo',NULL,'sáo'),(123,'Heki',NULL,'heki'),(124,'SƠN TÙNG MTP',NULL,'sơntùngmtp'),(125,'NGHIIA',NULL,'nghiia'),(126,'RICKY STAR',NULL,'rickystar'),(127,'T.R.I',NULL,'t.r.i'),(128,'PHƯƠNG LY',NULL,'phươngly'),(129,'THỊNH SUY',NULL,'thịnhsuy'),(130,'Heily',NULL,'heily'),(131,'Gii',NULL,'gii'),(132,'Hiderway',NULL,'hiderway'),(133,'Mr T',NULL,'mrt'),(134,'Hằng Bingboong',NULL,'hằngbingboong'),(135,'Đạt G',NULL,'đạtg'),(136,'Lập Nguyên',NULL,'lậpnguyên'),(137,'Trịnh Đình Quang',NULL,'trịnhđìnhquang'),(138,'Trung Tự',NULL,'trungtự'),(139,'Thắng',NULL,'thắng'),(140,'Việt Anh',NULL,'việtanh'),(141,'TRỊNH THĂNG BÌNH',NULL,'trịnhthăngbình'),(142,'YẾN NỒI CƠM ĐIỆN',NULL,'yếnnồicơmđiện'),(143,'Tăng Duy Tân',NULL,'tăngduytân'),(144,'LyHan',NULL,'lyhan'),(145,'kis',NULL,'kis'),(146,'JOJH',NULL,'jojh'),(147,'Kuaan',NULL,'kuaan'),(148,'Tùng TeA',NULL,'tùngtea'),(149,'CLOW',NULL,'clow'),(150,'FLEPY',NULL,'flepy'),(151,'DARKC',NULL,'darkc'),(152,'KHOA',NULL,'khoa'),(153,'Kay Tran',NULL,'kaytran'),(154,'Duck V',NULL,'duckv'),(155,'Tyronee',NULL,'tyronee'),(156,'Nâu',NULL,'nâu'),(157,'Duongg',NULL,'duongg'),(158,'267',NULL,'267'),(159,'tlinh',NULL,'tlinh'),(160,'WREN EVANS',NULL,'wrenevans'),(161,'Charles',NULL,'charles'),(162,'Nguyễn Minh Cường',NULL,'nguyễnminhcường'),(163,'VƯƠNG ANH TÚ',NULL,'vươnganhtú'),(164,'THANH HƯNG',NULL,'thanhhưng'),(165,'buitruonglinh',NULL,'buitruonglinh'),(166,'h0n',NULL,'h0n'),(167,'Hai Dang Doo',NULL,'haidangdoo'),(168,'Weeza',NULL,'weeza'),(169,'MONSTAR',NULL,'monstar'),(170,'kris d',NULL,'krisd'),(171,'SOOBIN',NULL,'soobin'),(172,'Grey D',NULL,'greyd'),(173,'Dunghoangpham',NULL,'dunghoangpham'),(174,'Kuun Đức Nam',NULL,'kuunđứcnam'),(175,'Only C',NULL,'onlyc'),(176,'Lou Hoàng',NULL,'louhoàng'),(177,'Nguyễn Trung Đức',NULL,'nguyễntrungđức'),(180,'Cammie',NULL,'cammie'),(181,'TINO',NULL,'tino'),(182,'Nger',NULL,'nger'),(183,'Anh Quân Idol',NULL,'anhquânidol'),(184,'Khắc Anh',NULL,'khắcanh'),(185,'Vang',NULL,'vang'),(186,'Cloud 5',NULL,'cloud5'),(187,'Fishy',NULL,'fishy'),(188,'Trí Dũng',NULL,'trídũng'),(189,'LEMESE',NULL,'lemese'),(190,'Changg',NULL,'changg'),(191,'NAMNOIGI',NULL,'namnoigi'),(192,'Quyên Qui',NULL,'quyênqui'),(193,'ĐỨC TRƯỜNG',NULL,'đứctrường'),(194,'Quinn',NULL,'quinn'),(195,'Chilly',NULL,'chilly'),(196,'Sixkie Dawgz',NULL,'sixkiedawgz'),(197,'Dũng',NULL,'dũng'),(198,'PUPPY',NULL,'puppy'),(199,'Dangrangto',NULL,'dangrangto'),(200,'Cá',NULL,'cá'),(201,'CZEE',NULL,'czee'),(203,'2T',NULL,'2t'),(204,'Hoài Lâm',NULL,'hoàilâm'),(205,'WEAN',NULL,'wean'),(207,'Phùng Khánh Linh',NULL,'phungkhanhlinh'),(208,'Hngle',NULL,'hngle'),(209,'Ari',NULL,'ari'),(210,'Low G',NULL,'lowg'),(211,'Anh Khang',NULL,'anhkhang'),(212,'Hannie',NULL,'hannie'),(213,'Jack - J97',NULL,'jack-j97'),(214,'ICM',NULL,'icm'),(215,'Jack',NULL,'jack'),(216,'LIAM',NULL,'liam'),(218,'Bảo Anh',NULL,'baoanh'),(219,'Táo',NULL,'tao'),(220,'Hoàng KayLee ',NULL,'hoangkeylee'),(221,'YAHY',NULL,'yahy'),(222,'FloD',NULL,'flod'),(223,'M!',NULL,'m!'),(224,'Giang Nguyen',NULL,'giangnguyen'),(225,'TRONG Trọng Hiếu',NULL,'trongtrọnghiếu'),(226,'LYLY',NULL,'lyly'),(227,'MAGAZINE',NULL,'magazine'),(228,'Thế Anh Shinichi',NULL,'thếanhshinichi'),(229,'Q.u',NULL,'q.u'),(230,'KLG',NULL,'klg'),(231,'Jayden',NULL,'jayden'),(232,'VOK',NULL,'vok'),(233,'A.C XUÂN TÀI',NULL,'a.cxuântài'),(234,'Coogie',NULL,'coogie'),(235,'AMEE',NULL,'amee'),(236,'Ngơ',NULL,'ngơ'),(237,'Ngân',NULL,'ngân'),(238,'Orange',NULL,'orange'),(239,'Trà My Idol',NULL,'tràmyidol'),(240,'Trang',NULL,'trang'),(241,'BABYMONSTER',NULL,'babymonster'),(242,'WANSENTAI',NULL,'wansentai'),(243,'STRANGE H',NULL,'strangeh'),(244,'14 Casper',NULL,'14casper'),(245,'L.M. Vĩnh Khang',NULL,'l.m.vĩnhkhang'),(246,'HARMONIE',NULL,'harmonie'),(247,'Mc Wiz',NULL,'mcwiz'),(248,'TOULIVER',NULL,'touliver'),(249,'Vũ',NULL,'vũ'),(250,'Minh Tốc',NULL,'minhtốc'),(251,'Lam',NULL,'lam'),(252,'V#',NULL,'v#'),(253,'CUSTHEKID',NULL,'custhekid'),(254,'Thiều Bảo Trâm',NULL,'thiềubảotrâm'),(255,'Miu Lê',NULL,'miulê'),(256,'Casper',NULL,'casper'),(257,'Bon Nghiêm',NULL,'bonnghiêm'),(258,'CHILLINGO',NULL,'chillingo'),(259,'Phạm Nguyên Ngọc',NULL,'phạmnguyênngọc'),(260,'Hoàng Green',NULL,'hoànggreen'),(261,'QuocKiet',NULL,'quockiet'),(262,'Noo Phước Thịnh',NULL,'noophướcthịnh'),(263,'KIMLONG',NULL,'kimlong'),(264,'Hafllium',NULL,'hafllium'),(265,'KYM',NULL,'kym'),(266,'CORTIS (코르티스)',NULL,'cortis(코르티스)'),(267,'Cá Hồi Hoang',NULL,'cáhồihoang'),(268,'WILDDE',NULL,'wildde'),(269,'Iu Hong',NULL,'iuhong'),(270,'1nG',NULL,'1ng'),(271,'Nam Lee',NULL,'namlee'),(272,'Dblue',NULL,'dblue'),(273,'CẦM',NULL,'cầm'),(274,'Dreamwork',NULL,'dreamwork'),(275,'DucAnhLe',NULL,'ducanhle'),(276,'Kiett & Deep',NULL,'kiett&deep'),(277,'Unknown',NULL,'unknown'),(278,'Tama',NULL,'tama'),(279,'Dương Domic',NULL,'dươngdomic'),(280,'Helen',NULL,'helen'),(281,'Không xác định',NULL,'khôngxácđịnh'),(282,'Juky San',NULL,'jukysan'),(283,'GAVIN G',NULL,'gaving'),(284,'Gia',NULL,'gia'),(285,'Suy',NULL,'suy'),(286,'Uyên Linh',NULL,'uyênlinh'),(287,'Guen',NULL,'guen'),(288,'marzuz',NULL,'marzuz'),(289,'HOÀNG DŨNG',NULL,'hoàngdũng'),(290,'MANBO',NULL,'manbo'),(291,'MAYDAYs',NULL,'maydays'),(292,'iMAZE',NULL,'imaze'),(293,'Hale',NULL,'hale'),(294,'Mabel',NULL,'mabel'),(295,'Hast',NULL,'hast'),(296,'Dani D',NULL,'danid'),(297,'J.ADE',NULL,'j.ade'),(298,'JayKii',NULL,'jaykii'),(299,'REDT',NULL,'redt'),(300,'JUUN D',NULL,'juund'),(301,'KAI ĐINH',NULL,'kaiđinh'),(303,'KAITY NGUYỄN',NULL,'kaitynguyễn'),(304,'SOHO',NULL,'soho'),(305,'Khiem',NULL,'khiem'),(306,'Khải',NULL,'khải'),(307,'LilGee',NULL,'lilgee'),(308,'Cus',NULL,'cus'),(309,'Bay Xa',NULL,'bayxa'),(310,'DWalker',NULL,'dwalker'),(311,'52Hz',NULL,'52hz'),(312,'CHÂU BÙI',NULL,'châubùi'),(313,'MỸ MỸ',NULL,'mỹmỹ'),(314,'PHÁP KIỀU',NULL,'phápkiều'),(315,'QUAFNG',NULL,'quafng'),(316,'CÔNG HÒA',NULL,'cônghòa'),(317,'LiL Z',NULL,'lilz'),(318,'Đức Anh',NULL,'đứcanh'),(319,'LIL Z POET',NULL,'lilzpoet'),(320,'Linh Dan',NULL,'linhdan'),(321,'Lux',NULL,'lux'),(322,'LOUIES',NULL,'louies'),(323,'Lády',NULL,'lády'),(324,'Hải Long',NULL,'hảilong'),(325,'Salim',NULL,'salim'),(326,'Kimmese',NULL,'kimmese'),(329,'Madihu',NULL,'madihu'),(330,'Maize',NULL,'maize'),(331,'LePhuong',NULL,'lephuong'),(332,'YANG E',NULL,'yange'),(333,'BLAZE',NULL,'blaze'),(334,'HURRY＂KNG＂',NULL,'hurry＂kng＂'),(335,'MIN',NULL,'min'),(336,'Mr A',NULL,'mra'),(337,'Pinny',NULL,'pinny'),(338,'MONO',NULL,'mono'),(339,'MVNCD',NULL,'mvncd'),(340,'Bozitt',NULL,'bozitt'),(341,'Thanh Bình',NULL,'thanhbình'),(342,'VAnh',NULL,'vanh'),(343,'Ân Nhi',NULL,'ânnhi'),(344,'duongw',NULL,'duongw'),(345,'sal',NULL,'sal'),(346,'KIỀU CHI',NULL,'kiềuchi'),(347,'Mưa Huế',NULL,'mưahuế'),(348,'Higo',NULL,'higo'),(349,'NAUGHTY BOYS',NULL,'naughtyboys'),(350,'ĐẶNG VĨNH THỊNH',NULL,'đặngvĩnhthịnh'),(351,'VŨ CÁT TƯỜNG',NULL,'vũcáttường'),(352,'BÍ ĐỎ',NULL,'bíđỏ'),(353,'Đức Phúc',NULL,'đứcphúc'),(354,'Orinn',NULL,'orinn'),(355,'CHOCO',NULL,'choco'),(356,'AUGUST',NULL,'august'),(357,'nân',NULL,'nân'),(358,'x Ngơ',NULL,'xngơ'),(359,'Sơn Tùng M-TP',NULL,'sơntùngm-tp'),(360,'Hoàng Thuỳ Linh',NULL,'hoàngthuỳlinh'),(361,'Đen',NULL,'đen'),(362,'Ngọc Linh',NULL,'ngọclinh'),(363,'Linh Cáo',NULL,'linhcáo'),(364,'KUN',NULL,'kun'),(365,'Đạt Ozy',NULL,'đạtozy'),(366,'PiaLinh',NULL,'pialinh'),(367,'Chill',NULL,'chill'),(368,'TĂNG PHÚC',NULL,'tăngphúc'),(369,'Hayho',NULL,'hayho'),(370,'Duongan',NULL,'duongan'),(371,'NGÔ TRÚC LINH',NULL,'ngôtrúclinh'),(372,'HOÀNG MINH CHÂU',NULL,'hoàngminhchâu'),(373,'NGUYỄN PHÚC THIỆN',NULL,'nguyễnphúcthiện'),(374,'Ngọt',NULL,'ngọt'),(375,'TÚ',NULL,'tú'),(376,'Tóc Tiên',NULL,'tóctiên'),(377,'WILL',NULL,'will'),(378,'KAITY',NULL,'kaity'),(379,'$GWang',NULL,'$gwang'),(380,'TIÊN TIÊN',NULL,'tiêntiên'),(381,'Cẩm Vân',NULL,'cẩmvân'),(382,'Hứa Kim Tuyền',NULL,'hứakimtuyền'),(383,'Jaysonlei',NULL,'jaysonlei'),(384,'PARYS',NULL,'parys'),(385,'Ivy',NULL,'ivy'),(386,'GEN',NULL,'gen'),(387,'VOK RECORDS',NULL,'vokrecords'),(388,'ssofficial20501',NULL,'ssofficial20501'),(389,'FREAKY.OFFICIAL',NULL,'freaky.official'),(390,'Emcee L (Da LAB)',NULL,'emceel(dalab)'),(391,'Badbies',NULL,'badbies'),(392,'@tap0fficial',NULL,'@tap0fficial'),(393,'Stephen Swartz',NULL,'stephenswartz'),(394,'Joni Fatora',NULL,'jonifatora'),(395,'SUMDONG',NULL,'sumdong'),(396,'TMIXZ',NULL,'tmixz'),(397,'SUNI',NULL,'suni'),(398,'The Fillin',NULL,'thefillin'),(399,'Reddy',NULL,'reddy'),(400,'WANSENTAI-PROD',NULL,'wansentai-prod'),(401,'Thế Bảo',NULL,'thếbảo'),(402,'TIA',NULL,'tia'),(403,'N/A',NULL,'n/a'),(404,'2pillz',NULL,'2pillz'),(405,'LÊ HIẾU',NULL,'lêhiếu'),(406,'SOOBIN HOÀNG SƠN',NULL,'soobinhoàngsơn'),(407,'Tuyết',NULL,'tuyết'),(408,'Daydream',NULL,'daydream'),(409,'Thaoboy',NULL,'thaoboy'),(410,'Khazsak',NULL,'khazsak'),(411,'VINHTRAN',NULL,'vinhtran'),(412,'MÀU NƯỚC BAND',NULL,'màunướcband'),(413,'VĂN MAI HƯƠNG',NULL,'vănmaihương'),(414,'Ân ngờ',NULL,'ânngờ'),(415,'MYLINA',NULL,'mylina'),(416,'3107',NULL,'3107'),(417,'HAN SARA',NULL,'hansara'),(418,'CHANGMIE',NULL,'changmie'),(419,'JASE',NULL,'jase'),(420,'MAI PHUONG',NULL,'maiphuong'),(421,'THÁI SƠN BEATBOX',NULL,'tháisơnbeatbox'),(422,'XA奢',NULL,'xa奢');
/*!40000 ALTER TABLE `artists` ENABLE KEYS */;
UNLOCK TABLES;

--
-- Table structure for table `artists_backup`
--

DROP TABLE IF EXISTS `artists_backup`;
/*!40101 SET @saved_cs_client     = @@character_set_client */;
/*!50503 SET character_set_client = utf8mb4 */;
CREATE TABLE `artists_backup` (
  `artist_id` int NOT NULL DEFAULT '0',
  `name` varchar(255) NOT NULL,
  `image_url` varchar(500) DEFAULT NULL
) ENGINE=InnoDB DEFAULT CHARSET=utf8mb4 COLLATE=utf8mb4_0900_ai_ci;
/*!40101 SET character_set_client = @saved_cs_client */;

--
-- Dumping data for table `artists_backup`
--

LOCK TABLES `artists_backup` WRITE;
/*!40000 ALTER TABLE `artists_backup` DISABLE KEYS */;
INSERT INTO `artists_backup` VALUES (1,'Lã.',NULL),(2,'Log',NULL),(3,'TiB',NULL),(4,'RPT MCK',NULL),(5,'Nguyenn',NULL),(6,'@aric1407',NULL),(7,'Bập Bênh Team',NULL),(8,'Doãn Hiếu',NULL),(9,'Bùi Công Nam',NULL),(10,'VIỆT',NULL),(11,'DEUS',NULL),(12,'Karik',NULL),(13,'Gducky',NULL),(14,'Tân Trần',NULL),(15,'LINH THỘN',NULL),(16,'GIA NGHI',NULL),(17,'K-ICM',NULL),(18,'B Ray',NULL),(19,'Emcee L',NULL),(20,'Muộii',NULL),(21,'Bem',NULL),(22,'Nguyen',NULL),(23,'ImPoe',NULL),(24,'Nmọc',NULL),(25,'Dmean',NULL),(26,'Astac',NULL),(27,'JustaTee',NULL),(28,'Binz',NULL),(29,'QUÂN A_P',NULL),(30,'Krix',NULL),(31,'Rush',NULL),(32,'Nhi Nhi',NULL),(33,'HuyR',NULL),(34,'Tùng Viu',NULL),(35,'DATKAA',NULL),(36,'QT BEATZ',NULL),(37,'Da LAB',NULL),(38,'Hoàng Tôn',NULL),(39,'YANBI',NULL),(40,'Koo',NULL),(41,'Rhyder',NULL),(42,'Ash Island',NULL),(43,'Dick',NULL),(44,'Tofu',NULL),(45,'PC',NULL),(46,'HIEUTHUHAI',NULL),(47,'HURRYKNG',NULL),(48,'REX',NULL),(49,'HUYỀN TÂM MÔN',NULL),(50,'Huỳnh Văn',NULL),(51,'Vũ Phụng Tiên',NULL),(52,'Uyên Pím',NULL),(53,'Khoi Vu',NULL),(54,'Duy Phúc',NULL),(55,'Long Cao',NULL),(56,'Chillies',NULL),(57,'Suni Hạ Linh',NULL),(58,'Rhymastic',NULL),(59,'UMIE',NULL),(60,'RUM',NULL),(61,'NIT',NULL),(62,'MASEW',NULL),(63,'Venn',NULL),(64,'LÊ THIỆN HIẾU',NULL),(65,'Ba Chú Bộ Đội',NULL),(66,'Kai06',NULL),(67,'Try92',NULL),(68,'Vũ.',NULL),(69,'Simon C',NULL),(70,'Wuy',NULL),(71,'Tuấn Cry',NULL),(72,'MR_A',NULL),(73,'Wxrdie',NULL),(74,'Machiot',NULL),(75,'DT Tập Rap',NULL),(76,'Mai Xuân Thứ',NULL),(77,'FREAKY',NULL),(78,'CM1X',NULL),(79,'SEANPOET',NULL),(80,'QUỲNH GAI',NULL),(81,'Minh Huy',NULL),(82,'Ssahita',NULL),(83,'Duy Lion',NULL),(84,'DEAR JANE',NULL),(85,'Specter',NULL),(86,'Chu',NULL),(87,'Củ Cải',NULL),(88,'DucMinh',NULL),(89,'PhucXp',NULL),(90,'ZEXZEX',NULL),(91,'Obito',NULL),(92,'SHIKI',NULL),(93,'VSTRA',NULL),(94,'Emma',NULL),(95,'Seachains',NULL),(96,'TIEU SON',NULL),(97,'6A6Y9ANG',NULL),(98,'WINNO',NULL),(99,'QNT',NULL),(100,'TRUNG TRẦN',NULL),(101,'Vinh Khuat',NULL),(102,'BAN',NULL),(103,'COOLKID',NULL),(104,'PhongKhin',NULL),(105,'Dewie',NULL),(106,'Ronboogz',NULL),(107,'VSOUL',NULL),(108,'Boyzed',NULL),(109,'RPT Orijinn',NULL),(110,'Xuân Định K_Y',NULL),(111,'NamDuc',NULL),(112,'O.lew',NULL),(113,'Lửa',NULL),(114,'SEANPOET',NULL),(115,'MUỘII',NULL),(116,'ANFANG',NULL),(117,'ANDIEZ',NULL),(118,'Erik',NULL),(119,'Davis',NULL),(120,'Lena',NULL),(121,'Khắc Việt',NULL),(122,'Sáo',NULL),(123,'Heki',NULL),(124,'SƠN TÙNG MTP',NULL),(125,'NGHIIA',NULL),(126,'RICKY STAR',NULL),(127,'T.R.I',NULL),(128,'PHƯƠNG LY',NULL),(129,'THỊNH SUY',NULL),(130,'Heily',NULL),(131,'Gii',NULL),(132,'Hiderway',NULL),(133,'Mr T',NULL),(134,'Hằng Bingboong',NULL),(135,'Đạt G',NULL),(136,'Lập Nguyên',NULL),(137,'Trịnh Đình Quang',NULL),(138,'Trung Tự',NULL),(139,'Thắng',NULL),(140,'Việt Anh',NULL),(141,'TRỊNH THĂNG BÌNH',NULL),(142,'YẾN NỒI CƠM ĐIỆN',NULL),(143,'Tăng Duy Tân',NULL),(144,'LyHan',NULL),(145,'kis',NULL),(146,'JOJH',NULL),(147,'Kuaan',NULL),(148,'Tùng TeA',NULL),(149,'CLOW',NULL),(150,'FLEPY',NULL),(151,'DARKC',NULL),(152,'KHOA',NULL),(153,'Kay Tran',NULL),(154,'Duck V',NULL),(155,'Tyronee',NULL),(156,'Nâu',NULL),(157,'Duongg',NULL),(158,'267',NULL),(159,'tlinh',NULL),(160,'WREN EVANS',NULL),(161,'Charles',NULL),(162,'Nguyễn Minh Cường',NULL),(163,'VƯƠNG ANH TÚ',NULL),(164,'THANH HƯNG',NULL),(165,'buitruonglinh',NULL),(166,'h0n',NULL),(167,'Hai Dang Doo',NULL),(168,'Weeza',NULL),(169,'MONSTAR',NULL),(170,'kris d',NULL),(171,'soobin hoàng sơn',NULL),(172,'Grey D',NULL),(173,'Dunghoangpham',NULL),(174,'Kuun Đức Nam',NULL),(175,'Only C',NULL),(176,'Lou Hoàng',NULL),(177,'Nguyễn Trung Đức',NULL),(178,'Andiez',NULL),(179,'T.R.I',NULL),(180,'Cammie',NULL),(181,'TINO',NULL),(182,'Nger',NULL),(183,'Anh Quân Idol',NULL),(184,'Khắc Anh',NULL),(185,'Vang',NULL),(186,'Cloud 5',NULL),(187,'fishy',NULL),(188,'Trí Dũng',NULL),(189,'LEMESE',NULL),(190,'CHANGG',NULL),(191,'NAMNOIGI',NULL),(192,'Quyên Qui',NULL),(193,'ĐỨC TRƯỜNG',NULL),(194,'Quinn',NULL),(195,'Chilly',NULL),(196,'Sixkie Dawgz',NULL),(197,'Dũng',NULL),(198,'PUPPY',NULL),(199,'DANGRANGTO',NULL),(200,'Cá',NULL),(201,'CZEE',NULL),(202,'Nguyên',NULL),(203,'2T',NULL),(204,'Hoài Lâm',NULL),(205,'WEAN',NULL),(206,'Sơn Tùng MTP ',NULL),(1,'Lã.',NULL),(2,'Log',NULL),(3,'TiB',NULL),(4,'RPT MCK',NULL),(5,'Nguyenn',NULL),(6,'@aric1407',NULL),(7,'Bập Bênh Team',NULL),(8,'Doãn Hiếu',NULL),(9,'Bùi Công Nam',NULL),(10,'VIỆT',NULL),(11,'DEUS',NULL),(12,'Karik',NULL),(13,'Gducky',NULL),(14,'Tân Trần',NULL),(15,'LINH THỘN',NULL),(16,'GIA NGHI',NULL),(17,'K-ICM',NULL),(18,'B Ray',NULL),(19,'Emcee L',NULL),(20,'Muộii',NULL),(21,'Bem',NULL),(22,'Nguyen',NULL),(23,'ImPoe',NULL),(24,'Nmọc',NULL),(25,'Dmean',NULL),(26,'Astac',NULL),(27,'JustaTee',NULL),(28,'Binz',NULL),(29,'QUÂN A_P',NULL),(30,'Krix',NULL),(31,'Rush',NULL),(32,'Nhi Nhi',NULL),(33,'HuyR',NULL),(34,'Tùng Viu',NULL),(35,'DATKAA',NULL),(36,'QT BEATZ',NULL),(37,'Da LAB',NULL),(38,'Hoàng Tôn',NULL),(39,'YANBI',NULL),(40,'Koo',NULL),(41,'Rhyder',NULL),(42,'Ash Island',NULL),(43,'Dick',NULL),(44,'Tofu',NULL),(45,'PC',NULL),(46,'HIEUTHUHAI',NULL),(47,'HURRYKNG',NULL),(48,'REX',NULL),(49,'HUYỀN TÂM MÔN',NULL),(50,'Huỳnh Văn',NULL),(51,'Vũ Phụng Tiên',NULL),(52,'Uyên Pím',NULL),(53,'Khoi Vu',NULL),(54,'Duy Phúc',NULL),(55,'Long Cao',NULL),(56,'Chillies',NULL),(57,'Suni Hạ Linh',NULL),(58,'Rhymastic',NULL),(59,'UMIE',NULL),(60,'RUM',NULL),(61,'NIT',NULL),(62,'MASEW',NULL),(63,'Venn',NULL),(64,'LÊ THIỆN HIẾU',NULL),(65,'Ba Chú Bộ Đội',NULL),(66,'Kai06',NULL),(67,'Try92',NULL),(68,'Vũ.',NULL),(69,'Simon C',NULL),(70,'Wuy',NULL),(71,'Tuấn Cry',NULL),(72,'MR_A',NULL),(73,'Wxrdie',NULL),(74,'Machiot',NULL),(75,'DT Tập Rap',NULL),(76,'Mai Xuân Thứ',NULL),(77,'FREAKY',NULL),(78,'CM1X',NULL),(79,'SEANPOET',NULL),(80,'QUỲNH GAI',NULL),(81,'Minh Huy',NULL),(82,'Ssahita',NULL),(83,'Duy Lion',NULL),(84,'DEAR JANE',NULL),(85,'Specter',NULL),(86,'Chu',NULL),(87,'Củ Cải',NULL),(88,'DucMinh',NULL),(89,'PhucXp',NULL),(90,'ZEXZEX',NULL),(91,'Obito',NULL),(92,'SHIKI',NULL),(93,'VSTRA',NULL),(94,'Emma',NULL),(95,'Seachains',NULL),(96,'TIEU SON',NULL),(97,'6A6Y9ANG',NULL),(98,'WINNO',NULL),(99,'QNT',NULL),(100,'TRUNG TRẦN',NULL),(101,'Vinh Khuat',NULL),(102,'BAN',NULL),(103,'COOLKID',NULL),(104,'PhongKhin',NULL),(105,'Dewie',NULL),(106,'Ronboogz',NULL),(107,'VSOUL',NULL),(108,'Boyzed',NULL),(109,'RPT Orijinn',NULL),(110,'Xuân Định K_Y',NULL),(111,'NamDuc',NULL),(112,'O.lew',NULL),(113,'Lửa',NULL),(114,'SEANPOET',NULL),(115,'MUỘII',NULL),(116,'ANFANG',NULL),(117,'ANDIEZ',NULL),(118,'Erik',NULL),(119,'Davis',NULL),(120,'Lena',NULL),(121,'Khắc Việt',NULL),(122,'Sáo',NULL),(123,'Heki',NULL),(124,'SƠN TÙNG MTP',NULL),(125,'NGHIIA',NULL),(126,'RICKY STAR',NULL),(127,'T.R.I',NULL),(128,'PHƯƠNG LY',NULL),(129,'THỊNH SUY',NULL),(130,'Heily',NULL),(131,'Gii',NULL),(132,'Hiderway',NULL),(133,'Mr T',NULL),(134,'Hằng Bingboong',NULL),(135,'Đạt G',NULL),(136,'Lập Nguyên',NULL),(137,'Trịnh Đình Quang',NULL),(138,'Trung Tự',NULL),(139,'Thắng',NULL),(140,'Việt Anh',NULL),(141,'TRỊNH THĂNG BÌNH',NULL),(142,'YẾN NỒI CƠM ĐIỆN',NULL),(143,'Tăng Duy Tân',NULL),(144,'LyHan',NULL),(145,'kis',NULL),(146,'JOJH',NULL),(147,'Kuaan',NULL),(148,'Tùng TeA',NULL),(149,'CLOW',NULL),(150,'FLEPY',NULL),(151,'DARKC',NULL),(152,'KHOA',NULL),(153,'Kay Tran',NULL),(154,'Duck V',NULL),(155,'Tyronee',NULL),(156,'Nâu',NULL),(157,'Duongg',NULL),(158,'267',NULL),(159,'tlinh',NULL),(160,'WREN EVANS',NULL),(161,'Charles',NULL),(162,'Nguyễn Minh Cường',NULL),(163,'VƯƠNG ANH TÚ',NULL),(164,'THANH HƯNG',NULL),(165,'buitruonglinh',NULL),(166,'h0n',NULL),(167,'Hai Dang Doo',NULL),(168,'Weeza',NULL),(169,'MONSTAR',NULL),(170,'kris d',NULL),(171,'soobin hoàng sơn',NULL),(172,'Grey D',NULL),(173,'Dunghoangpham',NULL),(174,'Kuun Đức Nam',NULL),(175,'Only C',NULL),(176,'Lou Hoàng',NULL),(177,'Nguyễn Trung Đức',NULL),(178,'Andiez',NULL),(179,'T.R.I',NULL),(180,'Cammie',NULL),(181,'TINO',NULL),(182,'Nger',NULL),(183,'Anh Quân Idol',NULL),(184,'Khắc Anh',NULL),(185,'Vang',NULL),(186,'Cloud 5',NULL),(187,'fishy',NULL),(188,'Trí Dũng',NULL),(189,'LEMESE',NULL),(190,'CHANGG',NULL),(191,'NAMNOIGI',NULL),(192,'Quyên Qui',NULL),(193,'ĐỨC TRƯỜNG',NULL),(194,'Quinn',NULL),(195,'Chilly',NULL),(196,'Sixkie Dawgz',NULL),(197,'Dũng',NULL),(198,'PUPPY',NULL),(199,'DANGRANGTO',NULL),(200,'Cá',NULL),(201,'CZEE',NULL),(202,'Nguyên',NULL),(203,'2T',NULL),(204,'Hoài Lâm',NULL),(205,'WEAN',NULL),(206,'Sơn Tùng MTP ',NULL);
/*!40000 ALTER TABLE `artists_backup` ENABLE KEYS */;
UNLOCK TABLES;

--
-- Table structure for table `favorites`
--

DROP TABLE IF EXISTS `favorites`;
/*!40101 SET @saved_cs_client     = @@character_set_client */;
/*!50503 SET character_set_client = utf8mb4 */;
CREATE TABLE `favorites` (
  `user_id` int NOT NULL,
  `song_id` int NOT NULL,
  `created_at` datetime DEFAULT CURRENT_TIMESTAMP,
  `updated_at` datetime DEFAULT CURRENT_TIMESTAMP,
  PRIMARY KEY (`user_id`,`song_id`),
  KEY `song_id` (`song_id`),
  CONSTRAINT `favorites_ibfk_1` FOREIGN KEY (`user_id`) REFERENCES `users` (`user_id`) ON DELETE CASCADE,
  CONSTRAINT `favorites_ibfk_2` FOREIGN KEY (`song_id`) REFERENCES `songs` (`song_id`) ON DELETE CASCADE
) ENGINE=InnoDB DEFAULT CHARSET=utf8mb4 COLLATE=utf8mb4_0900_ai_ci;
/*!40101 SET character_set_client = @saved_cs_client */;

--
-- Dumping data for table `favorites`
--

LOCK TABLES `favorites` WRITE;
/*!40000 ALTER TABLE `favorites` DISABLE KEYS */;
INSERT INTO `favorites` VALUES (1,22,'2026-04-28 15:49:01','2026-04-28 15:49:01'),(1,39,'2026-04-28 07:43:09','2026-04-28 07:43:09'),(1,69,'2026-05-06 07:34:03','2026-05-06 07:34:03'),(1,94,'2026-05-06 08:14:59','2026-05-06 08:14:59'),(1,124,'2026-04-27 14:19:19','2026-04-27 14:19:19'),(1,133,'2026-04-28 09:42:41','2026-04-28 09:42:41'),(1,153,'2026-04-27 09:49:18','2026-04-27 09:49:18'),(1,168,'2026-05-06 08:02:33','2026-05-06 08:02:33'),(1,169,'2026-05-06 08:01:01','2026-05-06 08:01:01'),(1,171,'2026-05-04 16:29:24','2026-05-04 16:29:24'),(1,172,'2026-04-27 09:23:26','2026-04-27 09:23:26'),(1,175,'2026-04-27 10:40:23','2026-04-27 10:40:23'),(1,178,'2026-04-27 09:13:41','2026-04-27 09:13:41'),(1,179,'2026-04-28 08:10:05','2026-04-28 08:10:05'),(1,180,'2026-04-28 14:22:46','2026-04-28 14:22:46'),(1,181,'2026-05-06 01:31:18','2026-05-06 01:31:18'),(1,182,'2026-04-28 15:56:53','2026-04-28 15:56:53'),(1,183,'2026-05-04 02:12:38','2026-05-04 02:12:38'),(1,185,'2026-05-06 10:41:31','2026-05-06 10:41:31');
/*!40000 ALTER TABLE `favorites` ENABLE KEYS */;
UNLOCK TABLES;

--
-- Table structure for table `genres`
--

DROP TABLE IF EXISTS `genres`;
/*!40101 SET @saved_cs_client     = @@character_set_client */;
/*!50503 SET character_set_client = utf8mb4 */;
CREATE TABLE `genres` (
  `genre_id` int NOT NULL AUTO_INCREMENT,
  `name` varchar(100) NOT NULL,
  `normalized_name` varchar(100) NOT NULL,
  PRIMARY KEY (`genre_id`),
  UNIQUE KEY `normalized_name` (`normalized_name`)
) ENGINE=InnoDB AUTO_INCREMENT=32 DEFAULT CHARSET=utf8mb4 COLLATE=utf8mb4_0900_ai_ci;
/*!40101 SET character_set_client = @saved_cs_client */;

--
-- Dumping data for table `genres`
--

LOCK TABLES `genres` WRITE;
/*!40000 ALTER TABLE `genres` DISABLE KEYS */;
INSERT INTO `genres` VALUES (1,'R&B','r&b'),(2,'Soul','soul'),(4,'Nhạc Trẻ','nhactre'),(5,'Ballad','ballad'),(6,'Rap Việt','rapviet'),(7,'Hip-Hop','hip-hop'),(8,'Pop','pop'),(9,'Việt Nam','vietnam'),(10,'Rap','rap'),(11,'V-Pop','v-pop'),(12,'Ballab','ballab'),(13,'V-Pop Ballad','v-popballad'),(14,'Soundtrack','soundtrack'),(15,'Lo-fi Hip-hop','lo-fihip-hop'),(16,'Hiphop','hiphop'),(17,'V-Rap','v-rap'),(18,'Trap','trap'),(19,'K-Pop','k-pop'),(20,'Electronic','electronic'),(21,'Pop Rap','poprap'),(22,'Acoustic','acoustic'),(23,'Pop Ballad','popballad'),(24,'Viet Rap','vietrap'),(25,'Acoustic Pop','acousticpop'),(26,'Contemporary Instrumental','contemporaryinstrumental'),(27,'Không xác định','khôngxácđịnh'),(28,'Lofi','lofi'),(29,'Remix','remix'),(30,'Dance','dance'),(31,'Chillout','chillout');
/*!40000 ALTER TABLE `genres` ENABLE KEYS */;
UNLOCK TABLES;

--
-- Table structure for table `playlist_songs`
--

DROP TABLE IF EXISTS `playlist_songs`;
/*!40101 SET @saved_cs_client     = @@character_set_client */;
/*!50503 SET character_set_client = utf8mb4 */;
CREATE TABLE `playlist_songs` (
  `playlist_id` int NOT NULL,
  `song_id` int NOT NULL,
  `position` int NOT NULL DEFAULT '0',
  `created_at` datetime DEFAULT CURRENT_TIMESTAMP,
  `updated_at` datetime DEFAULT CURRENT_TIMESTAMP,
  PRIMARY KEY (`playlist_id`,`song_id`),
  UNIQUE KEY `unique_playlist_position` (`playlist_id`,`position`),
  KEY `playlist_songs_playlist_id` (`playlist_id`),
  KEY `playlist_songs_song_id` (`song_id`),
  CONSTRAINT `playlist_songs_ibfk_1` FOREIGN KEY (`playlist_id`) REFERENCES `playlists` (`playlist_id`) ON DELETE CASCADE,
  CONSTRAINT `playlist_songs_ibfk_2` FOREIGN KEY (`song_id`) REFERENCES `songs` (`song_id`) ON DELETE CASCADE
) ENGINE=InnoDB DEFAULT CHARSET=utf8mb4 COLLATE=utf8mb4_0900_ai_ci;
/*!40101 SET character_set_client = @saved_cs_client */;

--
-- Dumping data for table `playlist_songs`
--

LOCK TABLES `playlist_songs` WRITE;
/*!40000 ALTER TABLE `playlist_songs` DISABLE KEYS */;
INSERT INTO `playlist_songs` VALUES (2,5,1,'2026-05-07 03:57:53','2026-05-07 03:57:53'),(2,8,2,'2026-05-07 03:58:21','2026-05-07 03:58:21');
/*!40000 ALTER TABLE `playlist_songs` ENABLE KEYS */;
UNLOCK TABLES;

--
-- Table structure for table `playlists`
--

DROP TABLE IF EXISTS `playlists`;
/*!40101 SET @saved_cs_client     = @@character_set_client */;
/*!50503 SET character_set_client = utf8mb4 */;
CREATE TABLE `playlists` (
  `playlist_id` int NOT NULL AUTO_INCREMENT,
  `name` varchar(255) DEFAULT NULL,
  `type` enum('DAILY_MIX','NORMAL') DEFAULT 'NORMAL',
  `mix_date` date DEFAULT NULL,
  `user_id` int NOT NULL,
  `description` text,
  `cover_image_url` varchar(500) DEFAULT NULL,
  `is_public` tinyint(1) NOT NULL DEFAULT '1',
  `created_at` datetime DEFAULT CURRENT_TIMESTAMP,
  `updated_at` datetime DEFAULT CURRENT_TIMESTAMP,
  PRIMARY KEY (`playlist_id`),
  KEY `playlists_user_id` (`user_id`),
  CONSTRAINT `playlists_user_id_foreign_idx` FOREIGN KEY (`user_id`) REFERENCES `users` (`user_id`) ON DELETE CASCADE
) ENGINE=InnoDB AUTO_INCREMENT=3 DEFAULT CHARSET=utf8mb4 COLLATE=utf8mb4_0900_ai_ci;
/*!40101 SET character_set_client = @saved_cs_client */;

--
-- Dumping data for table `playlists`
--

LOCK TABLES `playlists` WRITE;
/*!40000 ALTER TABLE `playlists` DISABLE KEYS */;
INSERT INTO `playlists` VALUES (2,'Nhạc chill','NORMAL',NULL,1,'Playlist học bài',NULL,1,'2026-05-07 03:52:33','2026-05-07 03:52:33');
/*!40000 ALTER TABLE `playlists` ENABLE KEYS */;
UNLOCK TABLES;

--
-- Table structure for table `ratings`
--

DROP TABLE IF EXISTS `ratings`;
/*!40101 SET @saved_cs_client     = @@character_set_client */;
/*!50503 SET character_set_client = utf8mb4 */;
CREATE TABLE `ratings` (
  `rating_id` int NOT NULL AUTO_INCREMENT,
  `user_id` int NOT NULL,
  `song_id` int NOT NULL,
  `score` tinyint NOT NULL,
  `created_at` datetime DEFAULT CURRENT_TIMESTAMP,
  `updated_at` datetime DEFAULT CURRENT_TIMESTAMP,
  PRIMARY KEY (`rating_id`),
  UNIQUE KEY `ratings_user_id_song_id` (`user_id`,`song_id`),
  KEY `ratings_song_id` (`song_id`),
  CONSTRAINT `ratings_ibfk_1` FOREIGN KEY (`user_id`) REFERENCES `users` (`user_id`) ON DELETE CASCADE,
  CONSTRAINT `ratings_ibfk_2` FOREIGN KEY (`song_id`) REFERENCES `songs` (`song_id`) ON DELETE CASCADE
) ENGINE=InnoDB AUTO_INCREMENT=24 DEFAULT CHARSET=utf8mb4 COLLATE=utf8mb4_0900_ai_ci;
/*!40101 SET character_set_client = @saved_cs_client */;

--
-- Dumping data for table `ratings`
--

LOCK TABLES `ratings` WRITE;
/*!40000 ALTER TABLE `ratings` DISABLE KEYS */;
INSERT INTO `ratings` VALUES (1,1,175,3,'2026-04-27 03:59:39','2026-04-27 04:02:03'),(2,1,178,5,'2026-04-27 04:29:48','2026-04-27 04:29:48'),(3,3,178,3,'2026-04-27 04:33:20','2026-04-27 04:33:20'),(5,1,172,5,'2026-04-27 09:19:05','2026-04-27 09:19:05'),(7,1,153,5,'2026-04-27 09:49:41','2026-04-27 09:49:41'),(8,1,124,4,'2026-04-27 14:19:24','2026-04-27 14:19:24'),(9,1,180,5,'2026-04-27 16:19:11','2026-04-27 16:19:11'),(10,1,169,4,'2026-04-27 16:19:39','2026-04-27 16:19:39'),(11,1,39,5,'2026-04-28 07:43:14','2026-04-28 07:43:14'),(12,1,181,5,'2026-04-28 09:35:40','2026-04-28 09:35:40'),(13,1,133,5,'2026-04-28 09:42:42','2026-04-28 09:42:42'),(14,1,22,5,'2026-04-28 15:49:03','2026-04-28 15:49:03'),(15,1,182,5,'2026-04-28 15:56:55','2026-04-28 15:56:55'),(16,1,171,5,'2026-04-29 10:10:15','2026-04-29 10:10:15'),(17,1,184,3,'2026-04-30 10:00:04','2026-04-30 10:00:04'),(18,1,74,3,'2026-04-30 15:05:45','2026-04-30 15:05:45'),(19,1,168,5,'2026-05-04 16:30:43','2026-05-04 16:30:43'),(20,1,156,3,'2026-05-06 07:29:38','2026-05-06 07:29:38'),(21,1,185,4,'2026-05-06 10:41:36','2026-05-06 10:41:36'),(22,1,145,4,'2026-05-06 17:10:55','2026-05-06 17:10:55'),(23,1,100,5,'2026-05-07 04:06:24','2026-05-07 04:06:24');
/*!40000 ALTER TABLE `ratings` ENABLE KEYS */;
UNLOCK TABLES;

--
-- Table structure for table `refresh_tokens`
--

DROP TABLE IF EXISTS `refresh_tokens`;
/*!40101 SET @saved_cs_client     = @@character_set_client */;
/*!50503 SET character_set_client = utf8mb4 */;
CREATE TABLE `refresh_tokens` (
  `token_id` int NOT NULL AUTO_INCREMENT,
  `token` varchar(255) NOT NULL COMMENT 'Hashed refresh token (SHA-256)',
  `expires_at` datetime NOT NULL,
  `user_id` int NOT NULL,
  `created_at` datetime DEFAULT CURRENT_TIMESTAMP,
  `updated_at` datetime DEFAULT CURRENT_TIMESTAMP,
  PRIMARY KEY (`token_id`),
  UNIQUE KEY `refresh_tokens_token` (`token`),
  KEY `refresh_tokens_user_id` (`user_id`),
  KEY `refresh_tokens_expires_at` (`expires_at`),
  CONSTRAINT `refresh_tokens_ibfk_1` FOREIGN KEY (`user_id`) REFERENCES `users` (`user_id`) ON DELETE CASCADE
) ENGINE=InnoDB AUTO_INCREMENT=45 DEFAULT CHARSET=utf8mb4 COLLATE=utf8mb4_0900_ai_ci;
/*!40101 SET character_set_client = @saved_cs_client */;

--
-- Dumping data for table `refresh_tokens`
--

LOCK TABLES `refresh_tokens` WRITE;
/*!40000 ALTER TABLE `refresh_tokens` DISABLE KEYS */;
INSERT INTO `refresh_tokens` VALUES (3,'eyJhbGciOiJIUzI1NiIsInR5cCI6IkpXVCJ9.eyJ1c2VySWQiOjEsInVzZXJuYW1lIjoiZGluaGJhbzA1IiwiaWF0IjoxNzc3MjYzNDM2LCJleHAiOjE3Nzc4NjgyMzZ9.URIVF_qubxgXSXCTGNd0rTMDBVPm_f5M6X08VAjpdyI','2026-05-04 04:17:16',1,'2026-04-27 04:17:16','2026-04-27 04:17:16'),(5,'eyJhbGciOiJIUzI1NiIsInR5cCI6IkpXVCJ9.eyJ1c2VySWQiOjEsInVzZXJuYW1lIjoiZGluaGJhbzA1IiwiaWF0IjoxNzc3MjY0NjUyLCJleHAiOjE3Nzc4Njk0NTJ9.O9m4jmI7Q1SpDjpq7kUL2vfW4Sk5mwOCLbalgWJfyAw','2026-05-04 04:37:32',1,'2026-04-27 04:37:32','2026-04-27 04:37:32'),(6,'eyJhbGciOiJIUzI1NiIsInR5cCI6IkpXVCJ9.eyJ1c2VySWQiOjEsInVzZXJuYW1lIjoiZGluaGJhbzA1IiwiaWF0IjoxNzc3MjgwMDI5LCJleHAiOjE3Nzc4ODQ4Mjl9.UaiTyZPSiItliHmErwSwWD4B4cyC748qpYtDotQoNOU','2026-05-04 08:53:49',1,'2026-04-27 08:53:49','2026-04-27 08:53:49'),(9,'eyJhbGciOiJIUzI1NiIsInR5cCI6IkpXVCJ9.eyJ1c2VySWQiOjEsInVzZXJuYW1lIjoiZGluaGJhbzA1IiwiaWF0IjoxNzc3MzY4ODEwLCJleHAiOjE3Nzc5NzM2MTB9.J_K35BNekKsbfUBbW_2Hx8KfGnzrv5Mszw9QOnRSFzA','2026-05-05 09:33:30',1,'2026-04-28 09:33:30','2026-04-28 09:33:30'),(12,'eyJhbGciOiJIUzI1NiIsInR5cCI6IkpXVCJ9.eyJ1c2VySWQiOjEsInVzZXJuYW1lIjoiZGluaGJhbzA1IiwiaWF0IjoxNzc3Mzg2NTcyLCJleHAiOjE3Nzc5OTEzNzJ9.pKKKnsekiZ7DRpomdcmlzd5rE-9S23Q-vI2gNOkJAQs','2026-05-05 14:29:32',1,'2026-04-28 14:29:32','2026-04-28 14:29:32'),(13,'eyJhbGciOiJIUzI1NiIsInR5cCI6IkpXVCJ9.eyJ1c2VySWQiOjEsInVzZXJuYW1lIjoiZGluaGJhbzA1IiwiaWF0IjoxNzc3NTQyMjM3LCJleHAiOjE3NzgxNDcwMzd9.LXyuXzaPfOl7WHMocraEYUYNQohMP37iT_5vD7BpyY8','2026-05-07 09:43:57',1,'2026-04-30 09:43:57','2026-04-30 09:43:57'),(14,'eyJhbGciOiJIUzI1NiIsInR5cCI6IkpXVCJ9.eyJ1c2VySWQiOjEsInVzZXJuYW1lIjoiZGluaGJhbzA1IiwiaWF0IjoxNzc3NTQ0OTcwLCJleHAiOjE3NzgxNDk3NzB9.FnSR74p2EW1Nbf3gOjW7MccRKAZjQ_xbfm2Rpe3v4kY','2026-05-07 10:29:30',1,'2026-04-30 10:29:30','2026-04-30 10:29:30'),(15,'eyJhbGciOiJIUzI1NiIsInR5cCI6IkpXVCJ9.eyJ1c2VySWQiOjEsInVzZXJuYW1lIjoiZGluaGJhbzA1IiwiaWF0IjoxNzc3NTU4MzkzLCJleHAiOjE3NzgxNjMxOTN9.OYg4I1TA0tBFsSvkX1LiaIhuLWYGmdaU31l6A7nCdSc','2026-05-07 14:13:13',1,'2026-04-30 14:13:13','2026-04-30 14:13:13'),(17,'eyJhbGciOiJIUzI1NiIsInR5cCI6IkpXVCJ9.eyJ1c2VySWQiOjEsInVzZXJuYW1lIjoiZGluaGJhbzA1IiwiaWF0IjoxNzc3NTYyOTg2LCJleHAiOjE3NzgxNjc3ODZ9.2GMyn44Z2Zo_tJyGkVz9WCpgvFyEscnvO0rMWj2ewBU','2026-05-07 15:29:46',1,'2026-04-30 15:29:46','2026-04-30 15:29:46'),(19,'eyJhbGciOiJIUzI1NiIsInR5cCI6IkpXVCJ9.eyJ1c2VySWQiOjEsInVzZXJuYW1lIjoiZGluaGJhbzA1IiwiaWF0IjoxNzc3NTY1NDMzLCJleHAiOjE3NzgxNzAyMzN9.YvTfJqjvzqj6xvNaNesRT1SLMecgwjX-pc3OtX8YX7c','2026-05-07 16:10:33',1,'2026-04-30 16:10:33','2026-04-30 16:10:33'),(21,'eyJhbGciOiJIUzI1NiIsInR5cCI6IkpXVCJ9.eyJ1c2VySWQiOjEsInJvbGUiOiJ1c2VyIiwidXNlcm5hbWUiOiJkaW5oYmFvMDUiLCJpYXQiOjE3Nzc1Njk4MTQsImV4cCI6MTc3ODE3NDYxNH0.JG9nNjk1EEnuad_JC1HQPhcCVeP5KuW_4SausR82AXc','2026-05-07 17:23:34',1,'2026-04-30 17:23:34','2026-04-30 17:23:34'),(24,'eyJhbGciOiJIUzI1NiIsInR5cCI6IkpXVCJ9.eyJ1c2VySWQiOjIsInJvbGUiOiJzdXBlcl9hZG1pbiIsInVzZXJuYW1lIjoiYWRtaW52aXBwcm8iLCJzY29wZSI6ImFkbWluIiwiaWF0IjoxNzc3ODE5NTUxLCJleHAiOjE3Nzg0MjQzNTF9.V8DuzDLd90ualiJUp4vuV9RtgThOCmqzXUqxtuDylmQ','2026-05-10 14:45:51',2,'2026-05-03 14:45:51','2026-05-03 14:45:51'),(25,'eyJhbGciOiJIUzI1NiIsInR5cCI6IkpXVCJ9.eyJ1c2VySWQiOjEsInJvbGUiOiJ1c2VyIiwidXNlcm5hbWUiOiJkaW5oYmFvMDUiLCJzY29wZSI6InVzZXIiLCJpYXQiOjE3Nzc4MTk4MjQsImV4cCI6MTc3ODQyNDYyNH0.m0PKaRLZ7vgmlNikKonJlENn98xxEbAuHw2xxbdyZLk','2026-05-10 14:50:24',1,'2026-05-03 14:50:24','2026-05-03 14:50:24'),(26,'eyJhbGciOiJIUzI1NiIsInR5cCI6IkpXVCJ9.eyJ1c2VySWQiOjEsInJvbGUiOiJ1c2VyIiwidXNlcm5hbWUiOiJkaW5oYmFvMDUiLCJzY29wZSI6InVzZXIiLCJpYXQiOjE3Nzc4MTk5NTgsImV4cCI6MTc3ODQyNDc1OH0.s34NqMgqdqHmZjXJMxybT-xAGjMHcNxLIBDpuN_ucPI','2026-05-10 14:52:38',1,'2026-05-03 14:52:38','2026-05-03 14:52:38'),(27,'eyJhbGciOiJIUzI1NiIsInR5cCI6IkpXVCJ9.eyJ1c2VySWQiOjEsInJvbGUiOiJ1c2VyIiwidXNlcm5hbWUiOiJkaW5oYmFvMDUiLCJzY29wZSI6InVzZXIiLCJpYXQiOjE3Nzc4MTk5NjksImV4cCI6MTc3ODQyNDc2OX0.eIfBtVaSUSlJMgA3HQcXbHnr7_mxnCl6ZDtMCqTMf4k','2026-05-10 14:52:49',1,'2026-05-03 14:52:49','2026-05-03 14:52:49'),(28,'eyJhbGciOiJIUzI1NiIsInR5cCI6IkpXVCJ9.eyJ1c2VySWQiOjIsInJvbGUiOiJzdXBlcl9hZG1pbiIsInVzZXJuYW1lIjoiYWRtaW52aXBwcm8iLCJzY29wZSI6ImFkbWluIiwiaWF0IjoxNzc3ODIwMjIyLCJleHAiOjE3Nzg0MjUwMjJ9.w9nG_gcaaWk4kJxJPLMvcpTJiDZnZsWjR8LMu97D_rg','2026-05-10 14:57:02',2,'2026-05-03 14:57:02','2026-05-03 14:57:02'),(38,'eyJhbGciOiJIUzI1NiIsInR5cCI6IkpXVCJ9.eyJ1c2VySWQiOjIsInJvbGUiOiJzdXBlcl9hZG1pbiIsInVzZXJuYW1lIjoiYWRtaW52aXBwcm8iLCJzY29wZSI6ImFkbWluIiwiaWF0IjoxNzc3ODIzNDI0LCJleHAiOjE3Nzg0MjgyMjR9.dcTEsrfeROBc8eyu1-psCXNhiojpghnyMJv7EDLeXBw','2026-05-10 15:50:24',2,'2026-05-03 15:50:24','2026-05-03 15:50:24'),(39,'eyJhbGciOiJIUzI1NiIsInR5cCI6IkpXVCJ9.eyJ1c2VySWQiOjIsInJvbGUiOiJzdXBlcl9hZG1pbiIsInVzZXJuYW1lIjoiYWRtaW52aXBwcm8iLCJzY29wZSI6ImFkbWluIiwiaWF0IjoxNzc3OTcyNDE0LCJleHAiOjE3Nzg1NzcyMTR9.tQ3yLFo8fuyeRfweFGo1egw_MtH8PNxJFsDhbP-wp1w','2026-05-12 09:13:34',2,'2026-05-05 09:13:34','2026-05-05 09:13:34'),(41,'eyJhbGciOiJIUzI1NiIsInR5cCI6IkpXVCJ9.eyJ1c2VySWQiOjIsInJvbGUiOiJzdXBlcl9hZG1pbiIsInVzZXJuYW1lIjoiYWRtaW52aXBwcm8iLCJzY29wZSI6ImFkbWluIiwiaWF0IjoxNzc4MDYwMjE5LCJleHAiOjE3Nzg2NjUwMTl9.DSXUQ7k_PlOd6nYyiLdPlavPcAmrWRnBsNocRb7MCa0','2026-05-13 09:36:59',2,'2026-05-06 09:36:59','2026-05-06 09:36:59'),(42,'eyJhbGciOiJIUzI1NiIsInR5cCI6IkpXVCJ9.eyJ1c2VySWQiOjEsInJvbGUiOiJ1c2VyIiwidXNlcm5hbWUiOiJkaW5oYmFvMDUiLCJzY29wZSI6InVzZXIiLCJpYXQiOjE3NzgwNjExNTQsImV4cCI6MTc3ODY2NTk1NH0.iKoKkwxrKtjxwBG_88iAVHSUJVX2U3gIiq0anySrBGs','2026-05-13 09:52:34',1,'2026-05-06 09:52:34','2026-05-06 09:52:34'),(43,'eyJhbGciOiJIUzI1NiIsInR5cCI6IkpXVCJ9.eyJ1c2VySWQiOjEsInJvbGUiOiJ1c2VyIiwidXNlcm5hbWUiOiJkaW5oYmFvMDUiLCJzY29wZSI6InVzZXIiLCJpYXQiOjE3NzgxMjQ2MDMsImV4cCI6MTc3ODcyOTQwM30.irZyvP-5vSnCImh-aFNIVDMxOGPwCLPxSsHFmYX8orA','2026-05-14 03:30:03',1,'2026-05-07 03:30:03','2026-05-07 03:30:03'),(44,'eyJhbGciOiJIUzI1NiIsInR5cCI6IkpXVCJ9.eyJ1c2VySWQiOjEsInJvbGUiOiJ1c2VyIiwidXNlcm5hbWUiOiJkaW5oYmFvMDUiLCJzY29wZSI6InVzZXIiLCJpYXQiOjE3NzgxMjYwMDksImV4cCI6MTc3ODczMDgwOX0.VeUht-G-Wvv1CLTmYRuL8gYleofswzlGff5A_-InPuY','2026-05-14 03:53:29',1,'2026-05-07 03:53:29','2026-05-07 03:53:29');
/*!40000 ALTER TABLE `refresh_tokens` ENABLE KEYS */;
UNLOCK TABLES;

--
-- Table structure for table `song_artists`
--

DROP TABLE IF EXISTS `song_artists`;
/*!40101 SET @saved_cs_client     = @@character_set_client */;
/*!50503 SET character_set_client = utf8mb4 */;
CREATE TABLE `song_artists` (
  `song_id` int NOT NULL,
  `artist_id` int NOT NULL,
  PRIMARY KEY (`song_id`,`artist_id`),
  KEY `artist_id` (`artist_id`),
  CONSTRAINT `song_artists_ibfk_1` FOREIGN KEY (`song_id`) REFERENCES `songs` (`song_id`) ON DELETE CASCADE,
  CONSTRAINT `song_artists_ibfk_2` FOREIGN KEY (`artist_id`) REFERENCES `artists` (`artist_id`) ON DELETE CASCADE
) ENGINE=InnoDB DEFAULT CHARSET=utf8mb4 COLLATE=utf8mb4_0900_ai_ci;
/*!40101 SET character_set_client = @saved_cs_client */;

--
-- Dumping data for table `song_artists`
--

LOCK TABLES `song_artists` WRITE;
/*!40000 ALTER TABLE `song_artists` DISABLE KEYS */;
INSERT INTO `song_artists` VALUES (7,1),(45,1),(7,2),(7,3),(45,3),(8,4),(82,4),(86,4),(91,4),(133,4),(233,4),(9,5),(46,5),(67,5),(105,5),(9,6),(10,7),(11,8),(12,9),(13,10),(13,11),(14,12),(14,13),(15,14),(16,15),(162,15),(16,16),(17,17),(203,17),(17,18),(146,18),(200,18),(222,18),(225,18),(476,18),(18,19),(18,20),(98,20),(19,21),(3,22),(19,22),(204,22),(209,22),(216,22),(19,23),(21,24),(21,25),(21,26),(22,27),(108,27),(176,27),(182,27),(185,27),(187,27),(297,27),(330,27),(22,28),(182,28),(185,28),(187,28),(210,28),(211,28),(212,28),(23,29),(83,29),(24,30),(24,31),(24,32),(25,33),(58,33),(25,34),(26,35),(30,35),(26,36),(27,37),(28,37),(221,37),(236,37),(282,37),(390,37),(437,37),(31,38),(32,38),(124,38),(31,39),(111,39),(32,40),(35,41),(85,41),(164,41),(241,41),(35,42),(37,43),(37,44),(37,45),(78,45),(79,45),(127,45),(183,45),(449,45),(38,46),(169,46),(283,46),(284,46),(290,46),(39,47),(290,47),(39,48),(40,49),(41,49),(42,50),(42,51),(59,51),(43,52),(44,53),(45,54),(47,55),(52,55),(48,56),(224,56),(263,56),(275,56),(336,56),(348,56),(370,56),(404,56),(463,56),(48,57),(48,58),(286,58),(407,58),(49,59),(50,60),(61,60),(94,60),(408,60),(482,60),(50,61),(61,61),(50,62),(146,62),(51,63),(53,64),(158,64),(438,64),(54,65),(55,66),(55,67),(56,68),(70,68),(461,68),(57,69),(57,70),(58,71),(62,72),(62,73),(62,74),(59,75),(63,75),(63,76),(64,77),(65,77),(64,78),(65,78),(97,79),(98,79),(410,79),(65,80),(66,81),(228,81),(339,81),(69,82),(69,83),(70,84),(71,85),(71,86),(71,87),(72,88),(73,89),(75,90),(76,91),(77,91),(91,91),(102,91),(392,91),(76,92),(412,92),(413,92),(77,93),(132,93),(392,93),(458,93),(102,95),(80,96),(80,97),(80,98),(110,98),(140,98),(82,99),(151,99),(82,100),(233,100),(442,100),(84,101),(85,102),(85,103),(241,103),(86,104),(87,105),(88,106),(89,106),(90,106),(91,106),(93,106),(91,107),(209,108),(216,108),(92,109),(94,110),(95,111),(96,112),(466,112),(97,113),(98,116),(1,117),(20,117),(99,117),(214,117),(101,118),(136,118),(265,118),(266,118),(267,118),(268,118),(102,119),(102,120),(237,120),(314,120),(315,120),(103,121),(104,122),(104,123),(106,124),(168,124),(171,124),(106,125),(107,126),(2,127),(107,127),(157,127),(424,127),(108,128),(236,128),(109,129),(115,129),(116,129),(435,129),(436,129),(110,130),(110,131),(110,132),(111,133),(111,134),(112,135),(146,135),(113,136),(122,136),(114,137),(117,138),(118,138),(119,138),(120,139),(120,140),(121,141),(122,142),(123,143),(124,144),(34,145),(125,145),(152,145),(310,145),(126,146),(126,147),(127,148),(449,148),(450,148),(128,149),(128,150),(128,151),(129,152),(129,153),(129,154),(132,155),(413,155),(134,156),(135,156),(136,156),(134,157),(135,157),(135,158),(137,158),(474,158),(138,159),(156,159),(400,159),(441,159),(442,159),(131,160),(139,160),(342,160),(142,161),(361,161),(143,162),(144,163),(4,164),(130,164),(145,164),(159,164),(29,165),(147,165),(227,165),(251,165),(278,165),(328,165),(455,165),(148,166),(149,167),(149,168),(150,169),(155,169),(151,170),(153,171),(181,171),(452,171),(156,172),(370,172),(373,172),(161,173),(162,174),(311,174),(163,175),(384,175),(163,176),(320,176),(479,176),(165,177),(258,177),(2,180),(166,181),(5,182),(6,183),(6,184),(33,185),(33,186),(172,186),(36,187),(175,187),(271,187),(36,188),(60,189),(313,189),(60,190),(198,190),(228,190),(425,190),(460,190),(68,191),(68,192),(74,193),(369,193),(81,194),(81,195),(100,196),(416,196),(100,197),(141,198),(141,199),(172,199),(173,199),(157,200),(160,201),(51,203),(143,204),(138,205),(470,205),(471,205),(170,207),(174,208),(285,208),(174,209),(285,209),(176,210),(332,210),(400,210),(177,211),(185,211),(178,212),(179,213),(180,214),(180,215),(180,216),(184,218),(219,218),(220,218),(184,219),(219,219),(34,220),(34,221),(190,221),(191,222),(191,223),(191,224),(368,224),(192,225),(194,226),(194,227),(195,228),(195,229),(196,230),(426,230),(427,230),(196,231),(206,231),(262,231),(264,231),(269,231),(302,231),(321,231),(378,231),(387,231),(401,231),(431,231),(197,232),(198,233),(199,234),(200,235),(214,235),(451,235),(201,236),(201,237),(466,237),(202,238),(289,238),(309,238),(348,238),(364,238),(395,238),(396,238),(397,238),(203,239),(204,240),(394,240),(205,241),(206,242),(208,242),(229,242),(239,242),(262,242),(264,242),(269,242),(270,242),(302,242),(321,242),(353,242),(378,242),(387,242),(401,242),(427,242),(446,242),(481,242),(206,243),(207,244),(207,245),(208,246),(209,247),(216,247),(210,248),(330,248),(443,248),(212,249),(365,249),(221,250),(340,250),(221,251),(340,251),(222,252),(223,253),(229,253),(272,253),(276,253),(323,253),(326,253),(337,253),(387,253),(388,253),(399,253),(473,253),(481,253),(483,253),(226,254),(226,255),(282,255),(479,255),(227,256),(227,257),(229,258),(231,258),(255,258),(260,258),(308,258),(387,258),(473,258),(232,259),(328,259),(346,259),(350,259),(234,260),(445,260),(234,261),(405,261),(235,262),(240,262),(389,262),(432,262),(237,263),(238,264),(239,265),(312,265),(393,265),(446,265),(483,265),(242,266),(243,267),(244,268),(308,268),(399,268),(245,269),(246,270),(246,271),(246,272),(247,273),(249,274),(250,275),(250,276),(252,277),(448,277),(253,278),(254,279),(255,280),(256,281),(257,281),(307,281),(402,281),(409,281),(411,281),(422,281),(444,281),(469,281),(478,281),(259,282),(296,282),(260,283),(353,283),(273,284),(274,285),(279,286),(280,287),(281,287),(283,288),(460,288),(286,289),(287,289),(288,289),(289,289),(359,289),(396,289),(462,289),(290,290),(291,291),(292,292),(292,293),(293,294),(293,295),(293,296),(294,297),(295,298),(296,299),(298,300),(299,301),(329,301),(373,301),(451,301),(301,303),(301,304),(303,305),(304,305),(305,305),(306,306),(306,307),(308,308),(372,308),(308,309),(308,310),(399,310),(309,311),(309,312),(309,313),(309,314),(312,315),(418,315),(313,316),(316,317),(316,318),(317,319),(318,320),(324,321),(326,322),(335,322),(426,322),(327,323),(329,324),(329,325),(330,326),(332,329),(333,329),(461,329),(334,330),(334,331),(335,332),(336,333),(337,334),(338,335),(373,335),(338,336),(339,337),(341,338),(342,339),(343,340),(386,340),(344,341),(346,342),(346,343),(347,344),(347,345),(350,346),(351,347),(352,348),(353,349),(354,350),(355,351),(381,351),(454,351),(459,351),(355,352),(357,353),(357,354),(358,355),(358,356),(360,357),(360,358),(362,359),(468,359),(364,360),(366,361),(367,361),(368,361),(385,361),(366,362),(367,363),(369,364),(371,365),(371,366),(372,367),(376,368),(379,369),(445,369),(379,370),(380,371),(380,372),(384,373),(385,374),(388,375),(418,375),(390,376),(391,377),(391,378),(393,379),(394,380),(396,381),(396,382),(397,383),(398,384),(398,385),(401,386),(403,387),(405,388),(410,389),(415,390),(415,391),(416,392),(419,393),(419,394),(420,395),(420,396),(421,397),(425,398),(430,399),(431,400),(433,401),(434,401),(438,402),(440,403),(441,404),(443,405),(443,406),(450,407),(452,408),(452,409),(456,410),(457,411),(462,412),(464,413),(465,413),(467,414),(467,415),(474,416),(476,417),(477,418),(477,419),(480,420),(480,421),(481,422);
/*!40000 ALTER TABLE `song_artists` ENABLE KEYS */;
UNLOCK TABLES;

--
-- Table structure for table `song_artists_backup`
--

DROP TABLE IF EXISTS `song_artists_backup`;
/*!40101 SET @saved_cs_client     = @@character_set_client */;
/*!50503 SET character_set_client = utf8mb4 */;
CREATE TABLE `song_artists_backup` (
  `song_id` int NOT NULL,
  `artist_id` int NOT NULL
) ENGINE=InnoDB DEFAULT CHARSET=utf8mb4 COLLATE=utf8mb4_0900_ai_ci;
/*!40101 SET character_set_client = @saved_cs_client */;

--
-- Dumping data for table `song_artists_backup`
--

LOCK TABLES `song_artists_backup` WRITE;
/*!40000 ALTER TABLE `song_artists_backup` DISABLE KEYS */;
INSERT INTO `song_artists_backup` VALUES (7,1),(45,1),(7,2),(7,3),(45,3),(8,4),(82,4),(86,4),(91,4),(133,4),(9,5),(46,5),(67,5),(105,5),(9,6),(10,7),(11,8),(12,9),(13,10),(13,11),(14,12),(14,13),(15,14),(16,15),(162,15),(16,16),(17,17),(17,18),(146,18),(18,19),(18,20),(19,21),(19,22),(19,23),(21,24),(21,25),(21,26),(22,27),(108,27),(22,28),(23,29),(83,29),(24,30),(24,31),(24,32),(25,33),(58,33),(25,34),(26,35),(30,35),(26,36),(27,37),(28,37),(31,38),(32,38),(124,38),(31,39),(111,39),(32,40),(35,41),(85,41),(164,41),(35,42),(37,43),(37,44),(37,45),(78,45),(79,45),(127,45),(38,46),(39,47),(39,48),(40,49),(41,49),(42,50),(42,51),(59,51),(43,52),(44,53),(45,54),(47,55),(52,55),(48,56),(48,57),(48,58),(49,59),(50,60),(61,60),(94,60),(50,61),(61,61),(50,62),(146,62),(51,63),(53,64),(158,64),(54,65),(55,66),(55,67),(56,68),(70,68),(57,69),(57,70),(58,71),(62,72),(62,73),(62,74),(59,75),(63,75),(63,76),(64,77),(65,77),(64,78),(65,78),(65,80),(66,81),(69,82),(69,83),(70,84),(71,85),(71,86),(71,87),(72,88),(73,89),(75,90),(76,91),(77,91),(91,91),(102,91),(76,92),(77,93),(132,93),(102,95),(80,96),(80,97),(80,98),(110,98),(140,98),(82,99),(151,99),(82,100),(84,101),(85,102),(85,103),(86,104),(87,105),(88,106),(89,106),(90,106),(91,106),(93,106),(91,107),(92,109),(94,110),(95,111),(96,112),(97,113),(97,114),(98,114),(98,115),(98,116),(101,118),(136,118),(102,119),(102,120),(103,121),(104,122),(104,123),(106,124),(106,125),(107,126),(107,127),(108,128),(109,129),(115,129),(116,129),(110,130),(110,131),(110,132),(111,133),(111,134),(112,135),(146,135),(113,136),(122,136),(114,137),(117,138),(118,138),(119,138),(120,139),(120,140),(121,141),(122,142),(123,143),(124,144),(34,145),(125,145),(152,145),(126,146),(126,147),(127,148),(128,149),(128,150),(128,151),(129,152),(129,153),(129,154),(132,155),(134,156),(135,156),(136,156),(134,157),(135,157),(135,158),(137,158),(138,159),(156,159),(131,160),(139,160),(142,161),(143,162),(144,163),(4,164),(130,164),(145,164),(159,164),(29,165),(147,165),(148,166),(149,167),(149,168),(150,169),(155,169),(151,170),(153,171),(156,172),(161,173),(162,174),(163,175),(163,176),(165,177),(1,178),(20,178),(99,178),(2,179),(157,179),(2,180),(166,181),(5,182),(6,183),(6,184),(33,185),(33,186),(36,187),(36,188),(60,189),(60,190),(68,191),(68,192),(74,193),(81,194),(81,195),(100,196),(100,197),(141,198),(141,199),(157,200),(160,201),(3,202),(51,203),(143,204),(138,205),(168,206),(34,220),(34,221),(7,1),(45,1),(7,2),(7,3),(45,3),(8,4),(82,4),(86,4),(91,4),(133,4),(9,5),(46,5),(67,5),(105,5),(9,6),(10,7),(11,8),(12,9),(13,10),(13,11),(14,12),(14,13),(15,14),(16,15),(162,15),(16,16),(17,17),(17,18),(146,18),(18,19),(18,20),(19,21),(19,22),(19,23),(21,24),(21,25),(21,26),(22,27),(108,27),(22,28),(23,29),(83,29),(24,30),(24,31),(24,32),(25,33),(58,33),(25,34),(26,35),(30,35),(26,36),(27,37),(28,37),(31,38),(32,38),(124,38),(31,39),(111,39),(32,40),(35,41),(85,41),(164,41),(35,42),(37,43),(37,44),(37,45),(78,45),(79,45),(127,45),(38,46),(39,47),(39,48),(40,49),(41,49),(42,50),(42,51),(59,51),(43,52),(44,53),(45,54),(47,55),(52,55),(48,56),(48,57),(48,58),(49,59),(50,60),(61,60),(94,60),(50,61),(61,61),(50,62),(146,62),(51,63),(53,64),(158,64),(54,65),(55,66),(55,67),(56,68),(70,68),(57,69),(57,70),(58,71),(62,72),(62,73),(62,74),(59,75),(63,75),(63,76),(64,77),(65,77),(64,78),(65,78),(65,80),(66,81),(69,82),(69,83),(70,84),(71,85),(71,86),(71,87),(72,88),(73,89),(75,90),(76,91),(77,91),(91,91),(102,91),(76,92),(77,93),(132,93),(102,95),(80,96),(80,97),(80,98),(110,98),(140,98),(82,99),(151,99),(82,100),(84,101),(85,102),(85,103),(86,104),(87,105),(88,106),(89,106),(90,106),(91,106),(93,106),(91,107),(92,109),(94,110),(95,111),(96,112),(97,113),(97,114),(98,114),(98,115),(98,116),(101,118),(136,118),(102,119),(102,120),(103,121),(104,122),(104,123),(106,124),(106,125),(107,126),(107,127),(108,128),(109,129),(115,129),(116,129),(110,130),(110,131),(110,132),(111,133),(111,134),(112,135),(146,135),(113,136),(122,136),(114,137),(117,138),(118,138),(119,138),(120,139),(120,140),(121,141),(122,142),(123,143),(124,144),(34,145),(125,145),(152,145),(126,146),(126,147),(127,148),(128,149),(128,150),(128,151),(129,152),(129,153),(129,154),(132,155),(134,156),(135,156),(136,156),(134,157),(135,157),(135,158),(137,158),(138,159),(156,159),(131,160),(139,160),(142,161),(143,162),(144,163),(4,164),(130,164),(145,164),(159,164),(29,165),(147,165),(148,166),(149,167),(149,168),(150,169),(155,169),(151,170),(153,171),(156,172),(161,173),(162,174),(163,175),(163,176),(165,177),(1,178),(20,178),(99,178),(2,179),(157,179),(2,180),(166,181),(5,182),(6,183),(6,184),(33,185),(33,186),(36,187),(36,188),(60,189),(60,190),(68,191),(68,192),(74,193),(81,194),(81,195),(100,196),(100,197),(141,198),(141,199),(157,200),(160,201),(3,202),(51,203),(143,204),(138,205),(168,206),(34,220),(34,221);
/*!40000 ALTER TABLE `song_artists_backup` ENABLE KEYS */;
UNLOCK TABLES;

--
-- Table structure for table `song_genres`
--

DROP TABLE IF EXISTS `song_genres`;
/*!40101 SET @saved_cs_client     = @@character_set_client */;
/*!50503 SET character_set_client = utf8mb4 */;
CREATE TABLE `song_genres` (
  `song_id` int NOT NULL,
  `genre_id` int NOT NULL,
  PRIMARY KEY (`song_id`,`genre_id`),
  KEY `song_genres_song_id` (`song_id`),
  KEY `song_genres_genre_id` (`genre_id`),
  CONSTRAINT `song_genres_ibfk_1` FOREIGN KEY (`song_id`) REFERENCES `songs` (`song_id`) ON DELETE CASCADE,
  CONSTRAINT `song_genres_ibfk_2` FOREIGN KEY (`genre_id`) REFERENCES `genres` (`genre_id`) ON DELETE CASCADE
) ENGINE=InnoDB DEFAULT CHARSET=utf8mb4 COLLATE=utf8mb4_0900_ai_ci;
/*!40101 SET character_set_client = @saved_cs_client */;

--
-- Dumping data for table `song_genres`
--

LOCK TABLES `song_genres` WRITE;
/*!40000 ALTER TABLE `song_genres` DISABLE KEYS */;
INSERT INTO `song_genres` VALUES (1,9),(2,9),(3,9),(4,9),(5,9),(6,9),(7,9),(8,9),(9,9),(10,9),(11,9),(12,9),(13,9),(14,9),(15,9),(16,9),(17,9),(18,9),(19,9),(20,9),(21,9),(22,9),(23,9),(24,9),(25,9),(26,9),(27,9),(28,9),(29,9),(30,9),(31,9),(32,9),(33,9),(34,9),(35,9),(36,9),(37,9),(38,9),(39,9),(40,9),(41,9),(42,9),(43,9),(44,9),(45,9),(46,9),(47,9),(48,9),(49,9),(50,9),(51,9),(52,9),(53,9),(54,9),(55,9),(56,9),(57,9),(58,9),(59,9),(60,9),(61,9),(62,9),(63,9),(64,9),(65,9),(66,9),(67,9),(68,9),(69,9),(70,9),(71,9),(72,9),(73,9),(74,9),(75,9),(76,9),(77,9),(78,9),(79,9),(80,9),(81,9),(82,9),(83,9),(84,9),(85,9),(86,9),(87,9),(88,9),(89,9),(90,9),(91,9),(92,9),(93,9),(94,9),(95,9),(96,9),(97,9),(98,9),(99,9),(100,9),(101,9),(102,9),(103,9),(104,9),(105,9),(106,9),(107,9),(108,9),(109,9),(110,9),(111,9),(112,9),(113,9),(114,9),(115,9),(116,9),(117,9),(118,9),(119,9),(120,9),(121,9),(122,9),(123,9),(124,9),(125,9),(126,9),(127,9),(128,9),(129,9),(130,9),(131,9),(132,9),(133,9),(134,9),(135,9),(136,9),(137,9),(138,9),(139,9),(140,9),(141,9),(142,9),(143,9),(144,9),(145,9),(146,9),(147,9),(148,9),(149,9),(150,9),(151,9),(152,9),(153,9),(155,9),(156,9),(157,9),(158,9),(159,9),(160,9),(161,9),(162,9),(163,9),(164,9),(165,9),(166,9),(168,9),(169,9),(170,9),(171,9),(172,9),(173,9),(174,1),(174,2),(174,9),(175,4),(175,5),(175,9),(176,6),(176,7),(176,9),(178,4),(178,8),(178,9),(179,4),(179,5),(179,8),(179,9),(180,4),(180,5),(180,8),(180,9),(181,4),(181,5),(181,8),(181,9),(182,1),(182,2),(182,4),(182,9),(183,7),(183,9),(183,10),(183,11),(184,4),(184,7),(184,8),(184,9),(184,10),(184,11),(184,12),(185,4),(185,5),(185,8),(185,9),(185,11);
/*!40000 ALTER TABLE `song_genres` ENABLE KEYS */;
UNLOCK TABLES;

--
-- Table structure for table `songs`
--

DROP TABLE IF EXISTS `songs`;
/*!40101 SET @saved_cs_client     = @@character_set_client */;
/*!50503 SET character_set_client = utf8mb4 */;
CREATE TABLE `songs` (
  `song_id` int NOT NULL AUTO_INCREMENT,
  `title` varchar(255) NOT NULL,
  `duration` int DEFAULT '0',
  `audio_url` varchar(500) NOT NULL,
  `image_url` varchar(500) DEFAULT NULL,
  `view_count` int DEFAULT '0' COMMENT 'Valid views after >=20s',
  `is_visible` tinyint(1) NOT NULL DEFAULT '1',
  `created_at` datetime DEFAULT CURRENT_TIMESTAMP,
  `updated_at` datetime DEFAULT CURRENT_TIMESTAMP,
  PRIMARY KEY (`song_id`)
) ENGINE=InnoDB AUTO_INCREMENT=484 DEFAULT CHARSET=utf8mb4 COLLATE=utf8mb4_0900_ai_ci;
/*!40101 SET character_set_client = @saved_cs_client */;

--
-- Dumping data for table `songs`
--

LOCK TABLES `songs` WRITE;
/*!40000 ALTER TABLE `songs` DISABLE KEYS */;
INSERT INTO `songs` VALUES (1,'1 Phút',376,'https://res.cloudinary.com/dpg7qezsj/video/upload/v1769949543/ptit_music/audio/f0pna8bif9vxmdabpsyc.mp4','https://is1-ssl.mzstatic.com/image/thumb/Music126/v4/d4/a5/3b/d4a53b67-a31a-fc8b-b8d1-80c2dad3a4b5/b52a805a-a737-46b9-a122-a9e4ed2abb43.jpg/600x600bb.jpg',0,1,'2026-02-01 20:17:23','2026-04-26 04:23:25'),(2,'2+3=5',162,'https://res.cloudinary.com/dpg7qezsj/video/upload/v1769949545/ptit_music/audio/coimxhpquttse4ayiv43.mp4','https://is1-ssl.mzstatic.com/image/thumb/Music116/v4/74/88/77/74887786-3341-b084-b88b-24a876a9ffe5/197187599691.jpg/600x600bb.jpg',0,1,'2026-02-01 20:17:23','2026-04-26 04:23:25'),(3,'Anh Sẽ Đón Em',189,'https://res.cloudinary.com/dpg7qezsj/video/upload/v1769949546/ptit_music/audio/tczjyqeyxlfbo8axfb6c.mp3','https://is1-ssl.mzstatic.com/image/thumb/Music116/v4/7d/65/9d/7d659d28-0de4-a651-53d9-70f193f593f4/cover.jpg/600x600bb.jpg',2,1,'2026-02-01 20:17:23','2026-04-26 09:43:24'),(4,'Anh Thề Đấy',340,'https://res.cloudinary.com/dpg7qezsj/video/upload/v1769949548/ptit_music/audio/czcgvrjq6dsntsw1toar.mp4','https://is1-ssl.mzstatic.com/image/thumb/Music221/v4/97/98/cd/9798cdd7-c8de-947a-0a5f-23c643e928e2/198391753626.jpg/600x600bb.jpg',0,1,'2026-02-01 20:17:23','2026-04-26 04:23:25'),(5,'Anh Biết',153,'https://res.cloudinary.com/dpg7qezsj/video/upload/v1769949549/ptit_music/audio/rgg7bh4vuzagw5hhhxft.mp4','https://is1-ssl.mzstatic.com/image/thumb/Music211/v4/8e/c5/61/8ec56121-aacf-c5f3-fb95-481b219211c0/3616847587573.jpg/600x600bb.jpg',0,1,'2026-02-01 20:17:23','2026-04-26 04:23:25'),(6,'Anh Mệt Rồi',297,'https://res.cloudinary.com/dpg7qezsj/video/upload/v1769949550/ptit_music/audio/svpq19l4fplntykvg0hw.mp4','https://is1-ssl.mzstatic.com/image/thumb/Music124/v4/ee/03/99/ee0399a3-b456-cc4c-3b84-eac03ae53e43/cover.jpg/600x600bb.jpg',2,1,'2026-02-01 20:17:23','2026-05-07 03:35:23'),(7,'Anh Thương Em Nhất Mà',194,'https://res.cloudinary.com/dpg7qezsj/video/upload/v1769949551/ptit_music/audio/bm3u8cat6o4pctxe4knn.mp3','https://is1-ssl.mzstatic.com/image/thumb/Music116/v4/a0/99/1f/a0991f3f-713b-d812-7d8a-bf5c9ed17d0a/190296346101.jpg/600x600bb.jpg',1,1,'2026-02-01 20:17:23','2026-04-26 04:51:20'),(8,'Anh Vẫn OK',193,'https://res.cloudinary.com/dpg7qezsj/video/upload/v1769949553/ptit_music/audio/lmoefglk7vbxfdtjqdbb.mp3','https://is1-ssl.mzstatic.com/image/thumb/Music114/v4/ee/bb/f2/eebbf204-00e9-7314-dfca-5fc20eb7d8e4/190295083502.jpg/600x600bb.jpg',1,1,'2026-02-01 20:17:23','2026-04-26 04:51:49'),(9,'Anh Đã Từ Bỏ Rồi Đấy',308,'https://res.cloudinary.com/dpg7qezsj/video/upload/v1769949554/ptit_music/audio/ajob1e7tdc8k9poogftg.mp3','https://is1-ssl.mzstatic.com/image/thumb/Music126/v4/31/b9/b0/31b9b0f5-125f-2c6e-1699-c76b843e8e0a/4587a87b-1984-4498-8d7d-98ae5b3df7bf.jpg/600x600bb.jpg',0,1,'2026-02-01 20:17:23','2026-04-26 04:23:25'),(10,'Ba Kể Con Nghe',388,'https://res.cloudinary.com/dpg7qezsj/video/upload/v1769949556/ptit_music/audio/gsmhvcjtbkmwxe4kfilk.mp4','https://is1-ssl.mzstatic.com/image/thumb/Music113/v4/1a/5e/44/1a5e44ae-9872-c953-457c-6972d67f7722/cover.jpg/600x600bb.jpg',0,1,'2026-02-01 20:17:23','2026-04-26 04:23:25'),(11,'Bao Lâu Ta Lại Yêu Một Người',235,'https://res.cloudinary.com/dpg7qezsj/video/upload/v1769949557/ptit_music/audio/lyltfxifkez2jhdpvfwa.mp3','https://is1-ssl.mzstatic.com/image/thumb/Music115/v4/0b/14/9d/0b149d08-c3bc-b261-2f20-44d57efb15f0/cover.jpg/600x600bb.jpg',1,1,'2026-02-01 20:17:23','2026-05-07 03:18:05'),(12,'Tết Này Con Sẽ Về',221,'https://res.cloudinary.com/dpg7qezsj/video/upload/v1769949559/ptit_music/audio/evikfghwwa4j8lmcjl0l.mp3','https://is1-ssl.mzstatic.com/image/thumb/Music116/v4/cc/88/a5/cc88a517-a596-99f5-0102-51ea5d3f1081/190296300479.jpg/600x600bb.jpg',8,1,'2026-02-01 20:17:23','2026-05-04 01:36:45'),(13,'Bông Hoa Chẳng Thuộc Về Ta',136,'https://res.cloudinary.com/dpg7qezsj/video/upload/v1769949560/ptit_music/audio/metyuucfgvhusua7uk0h.mp3','https://is1-ssl.mzstatic.com/image/thumb/Music221/v4/5c/f4/bb/5cf4bbb7-ee14-7a38-09e4-939729547291/199538055771.jpg/600x600bb.jpg',1,1,'2026-02-01 20:17:23','2026-05-04 01:34:28'),(14,'Bạn Đời',291,'https://res.cloudinary.com/dpg7qezsj/video/upload/v1769949561/ptit_music/audio/bsqwz9waydczgjoprnos.mp4','https://is1-ssl.mzstatic.com/image/thumb/Music116/v4/3a/48/93/3a489327-9939-cd14-13e6-d32b991bed74/5054197800085.jpg/600x600bb.jpg',0,1,'2026-02-01 20:17:23','2026-04-26 04:23:25'),(15,'Bỏ Em Vào Balo',194,'https://res.cloudinary.com/dpg7qezsj/video/upload/v1769949563/ptit_music/audio/xm73yyrrcv1gurad1tlj.mp3','https://is1-ssl.mzstatic.com/image/thumb/Music122/v4/6e/7d/ef/6e7defa1-b88e-3b0a-3c63-7baa835465cc/6aee44ec-083e-4c70-b74e-81612a8bc466.jpg/600x600bb.jpg',0,1,'2026-02-01 20:17:23','2026-04-26 04:23:25'),(16,'Cháu Xin Lỗi Chú',250,'https://res.cloudinary.com/dpg7qezsj/video/upload/v1769949564/ptit_music/audio/bjrdder5vhxlmdmqkqvi.mp3','https://is1-ssl.mzstatic.com/image/thumb/Music125/v4/48/0c/ac/480cac05-2737-6bd3-6fa9-5beaa2d8003c/190296445279.jpg/600x600bb.jpg',0,1,'2026-02-01 20:17:23','2026-04-26 04:23:25'),(17,'Con Trai Cưng',228,'https://res.cloudinary.com/dpg7qezsj/video/upload/v1769949565/ptit_music/audio/h7lcnccjxtistt46rgd3.mp3','https://is1-ssl.mzstatic.com/image/thumb/Music221/v4/e1/dc/4a/e1dc4aed-92a6-83ab-448d-220789a3637f/7316473340318_cover.jpg/600x600bb.jpg',0,1,'2026-02-01 20:17:23','2026-04-26 04:23:25'),(18,'Chuyện Đôi Ta',211,'https://res.cloudinary.com/dpg7qezsj/video/upload/v1769949566/ptit_music/audio/hacz9nnge5kzbuzeuwxl.mp3','https://is1-ssl.mzstatic.com/image/thumb/Music126/v4/cb/30/16/cb301693-14d3-a03e-9e3d-fa4f6a20baf5/190296357480.jpg/600x600bb.jpg',1,1,'2026-02-01 20:17:23','2026-04-26 13:31:44'),(19,'Chẳng Còn Thời Gian Ấy',279,'https://res.cloudinary.com/dpg7qezsj/video/upload/v1769949568/ptit_music/audio/xarsnpncizzsboiruyov.mp3','https://is1-ssl.mzstatic.com/image/thumb/Music221/v4/fe/76/e2/fe76e2f3-00ff-e84c-65f5-ce84611336fb/3617225840716.jpg/600x600bb.jpg',0,1,'2026-02-01 20:17:23','2026-04-26 04:23:25'),(20,'Chờ Đợi Có Đáng Sợ',287,'https://res.cloudinary.com/dpg7qezsj/video/upload/v1769949570/ptit_music/audio/gp1avwljq4l3cid8fue4.mp4','https://is1-ssl.mzstatic.com/image/thumb/Music112/v4/45/eb/9e/45eb9ea5-e244-2f6e-932f-4850ca8d9c8f/190296180637.jpg/600x600bb.jpg',0,1,'2026-02-01 20:17:23','2026-04-26 04:23:25'),(21,'Cold Don\'t',204,'https://res.cloudinary.com/dpg7qezsj/video/upload/v1769949571/ptit_music/audio/rhoywxrs4augv2aoayx6.mp4','https://is1-ssl.mzstatic.com/image/thumb/Music116/v4/56/ce/19/56ce195c-bac5-2ba6-219c-99514b3248c1/artwork.jpg/600x600bb.jpg',1,1,'2026-02-01 20:17:23','2026-05-07 03:09:42'),(22,'Crying Over You',336,'https://res.cloudinary.com/dpg7qezsj/video/upload/v1769949572/ptit_music/audio/c7pyyh81lbokslrof6rb.mp4','https://is1-ssl.mzstatic.com/image/thumb/Music126/v4/40/5c/0e/405c0e31-cd20-60ba-e1d4-430b2565c5af/197338909416.jpg/600x600bb.jpg',0,1,'2026-02-01 20:17:23','2026-04-26 04:23:25'),(23,'Có Ai Hẹn Hò Cùng Em Chưa',318,'https://res.cloudinary.com/dpg7qezsj/video/upload/v1769949573/ptit_music/audio/fhijdzjyiz0gg4wsyd0l.mp4','https://is1-ssl.mzstatic.com/image/thumb/Music126/v4/53/cd/22/53cd22cc-27de-da64-20af-82add3ee54da/197338677742.jpg/600x600bb.jpg',0,1,'2026-02-01 20:17:23','2026-04-26 04:23:25'),(24,'Cô Gái Này Là Của Ai',180,'https://res.cloudinary.com/dpg7qezsj/video/upload/v1769949575/ptit_music/audio/fs5tla0pjl6d0ihhbpzd.mp3','https://is1-ssl.mzstatic.com/image/thumb/Music221/v4/eb/b1/90/ebb190c9-46a4-4a2a-75b2-6b48bc142702/190296442599.jpg/600x600bb.jpg',1,1,'2026-02-01 20:17:23','2026-05-06 09:42:38'),(25,'Cô Gái M52',213,'https://res.cloudinary.com/dpg7qezsj/video/upload/v1769949577/ptit_music/audio/jitkfe1ohyqrp71vo071.mp3','https://is1-ssl.mzstatic.com/image/thumb/Music122/v4/07/88/f2/0788f2a0-c749-0654-f7d2-b7aefddf1960/cover.jpg/600x600bb.jpg',1,1,'2026-02-01 20:17:23','2026-05-06 09:46:05'),(26,'Người Có Thương',313,'https://res.cloudinary.com/dpg7qezsj/video/upload/v1769949578/ptit_music/audio/ia0y51vi4vxppkb5eiff.mp3','https://is1-ssl.mzstatic.com/image/thumb/Music115/v4/e4/61/55/e4615549-fe7b-2bf0-8d18-f789ea4893c0/cover.jpg/600x600bb.jpg',3,1,'2026-02-01 20:17:23','2026-05-07 03:39:21'),(27,'Một Nhà',191,'https://res.cloudinary.com/dpg7qezsj/video/upload/v1769949579/ptit_music/audio/harf4adqfwtdagqfpoxp.mp3','https://is1-ssl.mzstatic.com/image/thumb/Music128/v4/f3/ab/83/f3ab837f-f2f0-691e-6ac0-516f2db1d6d7/886447260524.jpg/600x600bb.jpg',0,1,'2026-02-01 20:17:23','2026-04-26 04:23:25'),(28,'Từ Ngày Em Đến',270,'https://res.cloudinary.com/dpg7qezsj/video/upload/v1769949581/ptit_music/audio/ylggxkml1ktsgm9rj2s2.mp3','https://is1-ssl.mzstatic.com/image/thumb/Music122/v4/c8/4b/63/c84b6375-8df3-fe19-729e-1d55edfd551b/196589537997.jpg/600x600bb.jpg',0,1,'2026-02-01 20:17:23','2026-04-26 04:23:25'),(29,'Dù Cho Mai Về Sau',214,'https://res.cloudinary.com/dpg7qezsj/video/upload/v1769949582/ptit_music/audio/g5je7ndngrqb8exljlpu.mp3','https://is1-ssl.mzstatic.com/image/thumb/Music125/v4/0a/ea/c3/0aeac351-5532-0ea2-27d2-a14c118d1964/190296442711.jpg/600x600bb.jpg',0,1,'2026-02-01 20:17:23','2026-04-26 04:23:25'),(30,'Dừng Thương',237,'https://res.cloudinary.com/dpg7qezsj/video/upload/v1769949583/ptit_music/audio/mdcsex9gxl6apuftvlur.mp3','https://is1-ssl.mzstatic.com/image/thumb/Music125/v4/4b/0c/4a/4b0c4a49-fd15-aad2-7343-a70af44ac6c5/cover.jpg/600x600bb.jpg',0,1,'2026-02-01 20:17:23','2026-04-26 04:23:25'),(31,'Em Không Quay Về',276,'https://res.cloudinary.com/dpg7qezsj/video/upload/v1769949585/ptit_music/audio/wldzcesvxht6xb83ptgm.mp4','https://is1-ssl.mzstatic.com/image/thumb/Music221/v4/2d/6b/02/2d6b02fa-60cd-035e-70c8-cf8cc0b15e54/cover.jpg/600x600bb.jpg',0,1,'2026-02-01 20:17:23','2026-04-26 04:23:25'),(32,'Em Còn Nhớ Anh Không',248,'https://res.cloudinary.com/dpg7qezsj/video/upload/v1769949586/ptit_music/audio/idiwgsozopsmetnguedl.mp3','https://is1-ssl.mzstatic.com/image/thumb/Music125/v4/9e/a9/5d/9ea95d3f-4d43-d29b-e5c0-e5b919d16f39/cover.jpg/600x600bb.jpg',0,1,'2026-02-01 20:17:23','2026-04-26 04:23:25'),(33,'Em Là Hoàng Hôn',227,'https://res.cloudinary.com/dpg7qezsj/video/upload/v1769949587/ptit_music/audio/n2ejyxecxnoft0aj2qff.mp4','https://is1-ssl.mzstatic.com/image/thumb/Music122/v4/46/94/7c/46947c42-5985-95e2-e1dd-916843416563/190296178764.jpg/600x600bb.jpg',0,1,'2026-02-01 20:17:23','2026-04-26 04:23:25'),(34,'Em Là Nhất',254,'https://res.cloudinary.com/dpg7qezsj/video/upload/v1769949590/ptit_music/audio/ronbo0c2htr6ej27tzlt.mp3','https://i.scdn.co/image/ab67616d00001e02a84cceb4e4e08f388cf16b28',2,1,'2026-02-01 20:17:23','2026-05-06 10:05:48'),(35,'Từ Chối Hiểu X Melody',183,'https://res.cloudinary.com/dpg7qezsj/video/upload/v1769949591/ptit_music/audio/njsrev1etb7xssnhzoo3.mp3','https://is1-ssl.mzstatic.com/image/thumb/Music114/v4/06/3e/9a/063e9a8f-1383-c601-efda-347e7d02ba66/cover.jpg/600x600bb.jpg',0,1,'2026-02-01 20:17:23','2026-04-26 04:23:25'),(36,'Forget Me Now',198,'https://res.cloudinary.com/dpg7qezsj/video/upload/v1769949592/ptit_music/audio/gfiifrtyx7uv1swmijsw.mp3','https://is1-ssl.mzstatic.com/image/thumb/Music116/v4/f0/75/24/f07524a4-953a-39ea-8f69-888014d4a43f/dc535002-fdb8-49ec-9832-f18d96f252bd.jpg/600x600bb.jpg',0,1,'2026-02-01 20:17:23','2026-04-26 04:23:25'),(37,'Ghé Qua',237,'https://res.cloudinary.com/dpg7qezsj/video/upload/v1769949594/ptit_music/audio/p2fukcinsrtymloiiv2y.mp3','https://is1-ssl.mzstatic.com/image/thumb/Music221/v4/5b/9e/fe/5b9efeb5-1b27-cf89-752c-b00954ef17e8/3616556356217.jpg/600x600bb.jpg',0,1,'2026-02-01 20:17:23','2026-04-26 04:23:25'),(38,'Không Thể Say Live Performance at Sóng 24',210,'https://res.cloudinary.com/dpg7qezsj/video/upload/v1769949595/ptit_music/audio/nmlkkixwdfsyxlgfv6gq.mp4','https://is1-ssl.mzstatic.com/image/thumb/Music112/v4/ed/3d/f8/ed3df866-2ec2-d4ca-4a25-498d5e56141c/196922882715_Cover.jpg/600x600bb.jpg',1,1,'2026-02-01 20:17:23','2026-05-06 09:14:43'),(39,'Chưa Phải Là Yêu',193,'https://res.cloudinary.com/dpg7qezsj/video/upload/v1769949597/ptit_music/audio/mavxn1q2s5ezqtt687mr.mp4','https://is1-ssl.mzstatic.com/image/thumb/Music126/v4/29/41/54/29415427-8a91-ad07-816f-62589a40a4df/197189982880.jpg/600x600bb.jpg',7,1,'2026-02-01 20:17:23','2026-05-06 17:27:26'),(40,'Lần Hẹn Hò Đầu Tiên',267,'https://res.cloudinary.com/dpg7qezsj/video/upload/v1769949598/ptit_music/audio/thcpyvft14liodzhwy2e.mp3','https://is1-ssl.mzstatic.com/image/thumb/Music211/v4/4d/6d/63/4d6d6341-f231-6fdf-434b-89aa277cd5c3/199999081722.png/600x600bb.jpg',0,1,'2026-02-01 20:17:23','2026-04-26 04:23:25'),(41,'Phố Đã Lên Đèn',281,'https://res.cloudinary.com/dpg7qezsj/video/upload/v1769949600/ptit_music/audio/ycv6jwgns5dxw0hk0vhx.mp3','https://is1-ssl.mzstatic.com/image/thumb/Music221/v4/23/aa/4e/23aa4e3a-2ab6-25f9-6bae-7778022b0772/5063287281321.jpg/600x600bb.jpg',0,1,'2026-02-01 20:17:23','2026-04-26 04:23:25'),(42,'Lưu Số Em Đi',261,'https://res.cloudinary.com/dpg7qezsj/video/upload/v1769949601/ptit_music/audio/xecre84ptlr9cgrnob3v.mp3','https://is1-ssl.mzstatic.com/image/thumb/Music221/v4/05/cc/52/05cc52df-4a8f-a1df-219a-487a37bf5073/3616841950281.jpg/600x600bb.jpg',0,1,'2026-02-01 20:17:23','2026-04-26 04:23:25'),(43,'Hãy Nói Đi',230,'https://res.cloudinary.com/dpg7qezsj/video/upload/v1769949603/ptit_music/audio/zw71c2dg0vkshrbqggmv.mp3','https://is1-ssl.mzstatic.com/image/thumb/Music211/v4/a5/d2/47/a5d247f3-81c2-8137-9b03-300e1742c518/cover.jpg/600x600bb.jpg',0,1,'2026-02-01 20:17:23','2026-04-26 04:23:25'),(44,'Hông Về Tình Yêu',197,'https://res.cloudinary.com/dpg7qezsj/video/upload/v1769949605/ptit_music/audio/xnpk5646g5uk0gll31ys.mp3','https://is1-ssl.mzstatic.com/image/thumb/Music122/v4/af/aa/62/afaa6250-e32a-0591-5e9a-e15866ae2baa/a316e1c7-baf2-4bd1-addb-cb8b1c3a116b.jpg/600x600bb.jpg',0,1,'2026-02-01 20:17:23','2026-04-26 04:23:25'),(45,'Hẹn Em Kiếp Sau',258,'https://res.cloudinary.com/dpg7qezsj/video/upload/v1769949606/ptit_music/audio/zly6m1tcox3rtrxshki3.mp3','https://is1-ssl.mzstatic.com/image/thumb/Music122/v4/0e/ca/39/0eca39b8-9531-8d06-dcd1-a230d584158c/5021732016263.jpg/600x600bb.jpg',0,1,'2026-02-01 20:17:23','2026-04-26 04:23:25'),(46,'Hẹn Em Ở Lần Yêu Thứ 2',366,'https://res.cloudinary.com/dpg7qezsj/video/upload/v1769949608/ptit_music/audio/o0xraxquwk1fgb1qkx2l.mp3','https://is1-ssl.mzstatic.com/image/thumb/Music126/v4/57/1f/66/571f664e-fe86-10fe-3e09-c6e98d2ad5cd/4a936fcd-cfd9-4cbd-891c-880980eb62ee.jpg/600x600bb.jpg',1,1,'2026-02-01 20:17:23','2026-05-06 09:33:13'),(47,'Hẹn Ngày Mai Yêu',300,'https://res.cloudinary.com/dpg7qezsj/video/upload/v1769949611/ptit_music/audio/bb06g9fo9exfw1xlwkd4.mp3','https://is1-ssl.mzstatic.com/image/thumb/Music115/v4/91/f6/2e/91f62e36-70dc-abe7-099d-3351995f462f/7321170408612.png/600x600bb.jpg',0,1,'2026-02-01 20:17:23','2026-04-26 04:23:25'),(48,'Cứ Chill Thôi',270,'https://res.cloudinary.com/dpg7qezsj/video/upload/v1769949613/ptit_music/audio/jo32riw89ms4jq4nwnfh.mp4','https://is1-ssl.mzstatic.com/image/thumb/Music124/v4/f7/f6/0c/f7f60cd1-cc3c-69e0-dff2-cffb5466d97d/190295180461.jpg/600x600bb.jpg',0,1,'2026-02-01 20:17:23','2026-04-26 04:23:25'),(49,'Không Yêu Xin Đừng Nói',244,'https://res.cloudinary.com/dpg7qezsj/video/upload/v1769949615/ptit_music/audio/flxmbxop3ggapnnindt1.mp3','https://is1-ssl.mzstatic.com/image/thumb/Music211/v4/07/e2/3d/07e23dd0-63cf-f28e-64c8-fde9df93bee1/3617057360932.jpg/600x600bb.jpg',0,1,'2026-02-01 20:17:23','2026-04-26 04:23:25'),(50,'Kém Duyên',225,'https://res.cloudinary.com/dpg7qezsj/video/upload/v1769949616/ptit_music/audio/eb1v7aumdzwhuefdnnpb.mp3','https://is1-ssl.mzstatic.com/image/thumb/Music211/v4/1c/c4/53/1cc4534b-bafe-7c41-1582-724e0e0c2adb/41eed555-ed6f-4026-9084-529e6a21261f.jpg/600x600bb.jpg',1,1,'2026-02-01 20:17:23','2026-05-06 10:15:20'),(51,'Liệu Giờ',268,'https://res.cloudinary.com/dpg7qezsj/video/upload/v1769949618/ptit_music/audio/cybrlbibibg0e0swjyhj.mp4','https://is1-ssl.mzstatic.com/image/thumb/Music211/v4/13/74/fb/1374fb8c-e4ba-3834-5a4b-625fb3fa394f/3617221348346.jpg/600x600bb.jpg',0,1,'2026-02-01 20:17:23','2026-04-26 04:23:25'),(52,'Em Của Anh Đừng Của Ai',227,'https://res.cloudinary.com/dpg7qezsj/video/upload/v1769949620/ptit_music/audio/zpzuoxxymj76jepfkfnb.mp4','https://is1-ssl.mzstatic.com/image/thumb/Music125/v4/d8/33/8b/d8338b2a-2d4e-f528-9af4-cd17d367f1b4/7321170408728.png/600x600bb.jpg',0,1,'2026-02-01 20:17:23','2026-04-26 04:23:25'),(53,'Xứng Đôi Cưới Thôi',202,'https://res.cloudinary.com/dpg7qezsj/video/upload/v1769949622/ptit_music/audio/utc6ksrecuxwg65bfwfc.mp3','https://is1-ssl.mzstatic.com/image/thumb/Music211/v4/58/97/5c/58975cf5-7152-b0a0-ae11-ebe6c61240cb/3617384846581_cover.png/600x600bb.jpg',0,1,'2026-02-01 20:17:23','2026-04-26 04:23:25'),(54,'Làm Người Yêu Anh Nhé Baby',192,'https://res.cloudinary.com/dpg7qezsj/video/upload/v1769949623/ptit_music/audio/xnmpszrn8ouctq7yzozd.mp3','https://is1-ssl.mzstatic.com/image/thumb/Music211/v4/5a/40/14/5a401430-46a7-4bbb-81a3-84ee69a8ec14/3616409813041.jpg/600x600bb.jpg',0,1,'2026-02-01 20:17:23','2026-04-26 04:23:25'),(55,'Lưu Luyến Sau Chia Tay',277,'https://res.cloudinary.com/dpg7qezsj/video/upload/v1769949624/ptit_music/audio/emxwirx0p6w4gg6cqbsb.mp3','https://is1-ssl.mzstatic.com/image/thumb/Music126/v4/9d/f6/54/9df65451-fce9-b0c4-86bd-8cf1931f1132/02fbbb08-bcbf-473e-80c4-6c5809c9b256.jpg/600x600bb.jpg',0,1,'2026-02-01 20:17:23','2026-04-26 04:23:25'),(56,'Lạ Lùng',262,'https://res.cloudinary.com/dpg7qezsj/video/upload/v1769949626/ptit_music/audio/yqafztdpy7k6k7vtqdmv.mp3','https://is1-ssl.mzstatic.com/image/thumb/Music113/v4/69/60/4d/69604d44-d64b-a140-2baa-8afff0c4d4d5/190295287191.jpg/600x600bb.jpg',0,1,'2026-02-01 20:17:23','2026-04-26 04:23:25'),(57,'Lạc Vào Trong Mơ',174,'https://res.cloudinary.com/dpg7qezsj/video/upload/v1769949627/ptit_music/audio/oqypfx3xnpguppvixkdh.mp3','https://is1-ssl.mzstatic.com/image/thumb/Music126/v4/5b/f0/fe/5bf0fe16-b922-d8d9-dc7c-13e58e692051/cover.jpg/600x600bb.jpg',2,1,'2026-02-01 20:17:23','2026-05-06 09:53:07'),(58,'Lấy Chồng Sớm Làm Gì',279,'https://res.cloudinary.com/dpg7qezsj/video/upload/v1769949628/ptit_music/audio/bposx3zashsyz4r2otoe.mp3','https://is1-ssl.mzstatic.com/image/thumb/Music221/v4/e5/25/3d/e5253db4-83a9-b28f-67c5-56a750750ae7/3617384942214.jpg/600x600bb.jpg',0,1,'2026-02-01 20:17:23','2026-04-26 04:23:25'),(59,'Lệ Lưu Ly',201,'https://res.cloudinary.com/dpg7qezsj/video/upload/v1769949630/ptit_music/audio/qy2dcgardymrop1bn0wt.mp3','https://is1-ssl.mzstatic.com/image/thumb/Music221/v4/72/3c/71/723c7186-c5f4-8dc1-d3d0-a097890bcb61/d9a7a55e-d2cb-4a3c-a4f9-90abd29e2c9f.jpg/600x600bb.jpg',0,1,'2026-02-01 20:17:23','2026-04-26 04:23:25'),(60,'Lỡ Say Bye Là Bye',215,'https://res.cloudinary.com/dpg7qezsj/video/upload/v1769949631/ptit_music/audio/s40peqba336htsqxy05i.mp3','https://is1-ssl.mzstatic.com/image/thumb/Music112/v4/e3/6b/4e/e36b4e69-a049-f946-37d5-747c61772924/190296177897.jpg/600x600bb.jpg',0,1,'2026-02-01 20:17:23','2026-04-26 04:23:25'),(61,'Mashup Lỡ Duyên',230,'https://res.cloudinary.com/dpg7qezsj/video/upload/v1769949632/ptit_music/audio/trjmpld3l7kbnge0ent8.mp3','https://i.scdn.co/image/ab67616d00001e021294b685b947eac1e5e97d16',1,1,'2026-02-01 20:17:23','2026-05-06 10:11:14'),(62,'Mưa Cứ Rơi',208,'https://res.cloudinary.com/dpg7qezsj/video/upload/v1769949633/ptit_music/audio/mkmwyfux3gzckha9zrih.mp4','https://is1-ssl.mzstatic.com/image/thumb/Music122/v4/76/8d/de/768ddec6-083f-d877-3b7e-98b86c7d5579/38118601-afbe-441a-a7e2-5818988b63ef.jpg/600x600bb.jpg',1,1,'2026-02-01 20:17:23','2026-05-06 08:47:28'),(63,'Muốn Nói Với Em',245,'https://res.cloudinary.com/dpg7qezsj/video/upload/v1769949635/ptit_music/audio/rglkgyl8fkojbnkclefr.mp3','https://is1-ssl.mzstatic.com/image/thumb/Music115/v4/ac/ff/f8/acfff880-08b4-a744-6e6a-b0faa513aeb3/190296417047.jpg/600x600bb.jpg',0,1,'2026-02-01 20:17:23','2026-04-26 04:23:25'),(64,'Muốn Quên Được Em',195,'https://res.cloudinary.com/dpg7qezsj/video/upload/v1769949636/ptit_music/audio/lhenf7ba8ecsnxnvblqu.mp4','https://is1-ssl.mzstatic.com/image/thumb/Music221/v4/9f/29/5a/9f295a41-6cf0-c3ab-19b4-facbf2699bff/3617224865161.jpg/600x600bb.jpg',0,1,'2026-02-01 20:17:23','2026-04-26 04:23:25'),(65,'Muốn Được Cùng Em',210,'https://res.cloudinary.com/dpg7qezsj/video/upload/v1769949637/ptit_music/audio/llgeojfnfhcgcomfqqqz.mp4','https://is1-ssl.mzstatic.com/image/thumb/Music221/v4/86/43/ae/8643ae54-3d6c-4d7b-644a-b7c54c1c69a7/190296382796.jpg/600x600bb.jpg',0,1,'2026-02-01 20:17:23','2026-04-26 04:23:25'),(66,'Miên Man',205,'https://res.cloudinary.com/dpg7qezsj/video/upload/v1769949639/ptit_music/audio/kwxlrznj6ta86cnf3wwl.mp3','https://is1-ssl.mzstatic.com/image/thumb/Music211/v4/35/c2/03/35c20341-3891-084c-1eb6-f7c24fc140e4/3617228889361.jpg/600x600bb.jpg',1,1,'2026-02-01 20:17:23','2026-05-07 03:48:07'),(67,'Mùa Luyến Lưu',224,'https://res.cloudinary.com/dpg7qezsj/video/upload/v1769949640/ptit_music/audio/j3uq9djfqkzzxpyfo7se.mp3','https://is1-ssl.mzstatic.com/image/thumb/Music126/v4/85/fc/b2/85fcb2f5-fb6d-a1c2-5351-15d1903ba74c/197338607572.jpg/600x600bb.jpg',0,1,'2026-02-01 20:17:23','2026-04-26 04:23:25'),(68,'Mơ',218,'https://res.cloudinary.com/dpg7qezsj/video/upload/v1769949641/ptit_music/audio/pkvoae38ptyibzlwmqcc.mp4','https://is1-ssl.mzstatic.com/image/thumb/Music126/v4/59/4f/d6/594fd62e-d6ba-b555-bcac-6b27ce172f11/197338179215.jpg/600x600bb.jpg',1,1,'2026-02-01 20:17:23','2026-05-07 04:28:03'),(69,'Mắt Nice Cha Cha Tune',185,'https://res.cloudinary.com/dpg7qezsj/video/upload/v1769949642/ptit_music/audio/elmsynbykrtfjaw3ufdr.mp3','https://i.scdn.co/image/ab67616d00001e02c2b4378914473cd71dfdd3b0',4,1,'2026-02-01 20:17:23','2026-05-07 04:21:59'),(70,'Những Lời Hứa Bỏ Quên',259,'https://res.cloudinary.com/dpg7qezsj/video/upload/v1769949644/ptit_music/audio/azn2sgr3tiwowq1vqueo.mp4','https://is1-ssl.mzstatic.com/image/thumb/Music116/v4/14/a1/1e/14a11edd-7f55-b810-95c2-404d5c6f80a1/5054197908231.jpg/600x600bb.jpg',0,1,'2026-02-01 20:17:23','2026-04-26 04:23:25'),(71,'Nghe Bài Này Đi Em',287,'https://res.cloudinary.com/dpg7qezsj/video/upload/v1769949645/ptit_music/audio/vleekodzqbyswqzhpuxq.mp3','https://is1-ssl.mzstatic.com/image/thumb/Music122/v4/ae/eb/ba/aeebba97-8f4a-0e2c-f6c9-cd2f3b7f1e75/2d923d43-44f2-44b0-b5b7-e28fb9d8da1c.jpg/600x600bb.jpg',0,1,'2026-02-01 20:17:23','2026-04-26 04:23:25'),(72,'Ngủ Sớm Đi Em',235,'https://res.cloudinary.com/dpg7qezsj/video/upload/v1769949646/ptit_music/audio/atn3ifnig7vl9qjtlyey.mp4','https://is1-ssl.mzstatic.com/image/thumb/Music122/v4/4f/05/1c/4f051c04-671a-1c95-cb23-2eb7a20837d7/b1f43f13-171a-4c3a-9307-20e98b79d16e.jpg/600x600bb.jpg',1,1,'2026-02-01 20:17:23','2026-05-07 03:51:32'),(73,'Như Anh Đã Thấy Em',336,'https://res.cloudinary.com/dpg7qezsj/video/upload/v1769949647/ptit_music/audio/r2v23j56rny2cocm0nzh.mp3','https://is1-ssl.mzstatic.com/image/thumb/Music211/v4/70/58/fb/7058fbcb-8b34-3d5c-3459-ad61b3fc0c8e/6cbc251e-df9f-446a-95da-90db3c67c12a.jpg/600x600bb.jpg',0,1,'2026-02-01 20:17:23','2026-04-26 04:23:25'),(74,'Nếu Biết Đó Là Lần Cuối',240,'https://res.cloudinary.com/dpg7qezsj/video/upload/v1769949649/ptit_music/audio/nadtmftie2ddkqjshzpb.mp3','https://is1-ssl.mzstatic.com/image/thumb/Music112/v4/c8/b9/27/c8b927e8-b527-4481-426e-62c211e53a5a/cover.jpg/600x600bb.jpg',2,1,'2026-02-01 20:17:23','2026-05-07 04:08:59'),(75,'Cho Ba Mẹ',576,'https://res.cloudinary.com/dpg7qezsj/video/upload/v1769949650/ptit_music/audio/qszq0sfejejrtpwoh5nc.mp3','https://is1-ssl.mzstatic.com/image/thumb/Music116/v4/3b/cf/0b/3bcf0b38-21a4-d92e-dde3-afe0bd5a2adc/197338662106.jpg/600x600bb.jpg',0,1,'2026-02-01 20:17:23','2026-04-26 04:23:25'),(76,'Tell The Kids I Love Them',224,'https://res.cloudinary.com/dpg7qezsj/video/upload/v1769949652/ptit_music/audio/gh6qgwcltyxl9c9khmhj.mp3','https://i.scdn.co/image/ab67616d00001e0292824dc99ef88e1bd6d79904',2,1,'2026-02-01 20:17:23','2026-05-07 04:29:09'),(77,'Your Smile',202,'https://res.cloudinary.com/dpg7qezsj/video/upload/v1769949653/ptit_music/audio/ehr02wv756f5esttda5h.mp3','https://is1-ssl.mzstatic.com/image/thumb/Music112/v4/79/86/ae/7986ae00-4a80-5096-8859-65bcbec7949e/893614818273.jpg/600x600bb.jpg',0,1,'2026-02-01 20:17:23','2026-04-26 04:23:25'),(78,'10 Ngàn Năm',239,'https://res.cloudinary.com/dpg7qezsj/video/upload/v1769949654/ptit_music/audio/vhdkr40tcphla4b4bhyr.mp3','https://is1-ssl.mzstatic.com/image/thumb/Music221/v4/b0/a0/6b/b0a06b70-9ac4-0c6c-5383-adacaca080e4/3616554205081.jpg/600x600bb.jpg',1,1,'2026-02-01 20:17:23','2026-04-27 16:40:45'),(79,'Như Anh Mơ',361,'https://res.cloudinary.com/dpg7qezsj/video/upload/v1769949656/ptit_music/audio/lgob5gbz4fgr69zqwnhw.mp4','https://is1-ssl.mzstatic.com/image/thumb/Music221/v4/75/e0/44/75e04475-87ca-160b-8b5f-0cf71a73dcbf/3616550232975.jpg/600x600bb.jpg',1,1,'2026-02-01 20:17:23','2026-05-06 08:39:32'),(80,'Proud',231,'https://res.cloudinary.com/dpg7qezsj/video/upload/v1769949657/ptit_music/audio/duiphqmqlnietxzcez52.mp3','https://is1-ssl.mzstatic.com/image/thumb/Music211/v4/29/dc/1e/29dc1e2b-a3d2-9d54-95a9-b207375bedd0/3617386585969.jpg/600x600bb.jpg',1,1,'2026-02-01 20:17:23','2026-05-06 08:35:40'),(81,'Phố Cũ Còn Anh',234,'https://res.cloudinary.com/dpg7qezsj/video/upload/v1769949658/ptit_music/audio/it7k95qvgxyfdxqn7dc2.mp3','https://is1-ssl.mzstatic.com/image/thumb/Music122/v4/b6/93/e0/b693e011-9758-7211-70e7-aef12cc9580c/c8a41962-9f3a-4da6-8469-1c08c73dfe95.jpg/600x600bb.jpg',0,1,'2026-02-01 20:17:23','2026-04-26 04:23:25'),(82,'Querry',230,'https://res.cloudinary.com/dpg7qezsj/video/upload/v1769949660/ptit_music/audio/vzynmptxb3xtam6h7sgs.mp4','https://is1-ssl.mzstatic.com/image/thumb/Music211/v4/62/2c/8c/622c8c3b-5f6e-cb45-9d19-a86f5d360584/3616847629792.jpg/600x600bb.jpg',1,1,'2026-02-01 20:17:23','2026-04-28 09:45:20'),(83,'Bông Hoa Đẹp Nhất',315,'https://res.cloudinary.com/dpg7qezsj/video/upload/v1769949661/ptit_music/audio/jzpjjnmta5as1eq58bcc.mp3','https://is1-ssl.mzstatic.com/image/thumb/Music221/v4/36/21/40/36214055-6adc-bc28-ad0d-8c935864d7cb/5063341933845.jpg/600x600bb.jpg',1,1,'2026-02-01 20:17:23','2026-05-06 09:40:14'),(84,'Quá Lâu',177,'https://res.cloudinary.com/dpg7qezsj/video/upload/v1769949663/ptit_music/audio/erbvuimueaxprqnp1wvi.mp3','https://is1-ssl.mzstatic.com/image/thumb/Music124/v4/1f/ed/01/1fed015e-7b6e-07aa-6b81-e1868e46a6a8/artwork.jpg/600x600bb.jpg',0,1,'2026-02-01 20:17:23','2026-04-26 04:23:25'),(85,'Chịu Cách Mình Nói Thua',192,'https://res.cloudinary.com/dpg7qezsj/video/upload/v1769949664/ptit_music/audio/t5g4ut8winaoczecwbkf.mp4','https://is1-ssl.mzstatic.com/image/thumb/Music126/v4/1d/95/b3/1d95b376-ae6e-de03-a0c4-57ba64cdb112/cover.jpg/600x600bb.jpg',0,1,'2026-02-01 20:17:23','2026-04-26 04:23:25'),(86,'Tay To',165,'https://res.cloudinary.com/dpg7qezsj/video/upload/v1769949665/ptit_music/audio/ffbmb53rete92wswbyoo.mp3','https://is1-ssl.mzstatic.com/image/thumb/Music125/v4/ef/78/00/ef7800b0-6a5e-192f-3474-f3c04b1b289f/artwork.jpg/600x600bb.jpg',1,1,'2026-02-01 20:17:23','2026-05-07 04:15:45'),(87,'Rồi Một Ngày',175,'https://res.cloudinary.com/dpg7qezsj/video/upload/v1769949666/ptit_music/audio/y14oeomxoaiejd01pxac.mp3','https://is1-ssl.mzstatic.com/image/thumb/Music221/v4/cb/83/0e/cb830ef8-f922-7cce-5695-941f96da71ce/0.jpg/600x600bb.jpg',0,1,'2026-02-01 20:17:23','2026-04-26 04:23:25'),(88,'Anh Chỉ Muốn',172,'https://res.cloudinary.com/dpg7qezsj/video/upload/v1769949668/ptit_music/audio/b8gou9sskqycli40d5gl.mp3','https://is1-ssl.mzstatic.com/image/thumb/Music116/v4/65/c5/ae/65c5aebd-52d1-be33-1a74-320ae710cb49/2cbb5ff6-60bd-4ec2-98a3-bac796f8fd3f.jpg/600x600bb.jpg',0,1,'2026-02-01 20:17:23','2026-04-26 04:23:25'),(89,'Lan Man',216,'https://res.cloudinary.com/dpg7qezsj/video/upload/v1769949669/ptit_music/audio/sad7uqeuwzl2cshi1am7.mp3','https://is1-ssl.mzstatic.com/image/thumb/Music126/v4/a0/72/f7/a072f7c5-763a-2549-bc77-052076159a83/b9c69c6d-d693-402c-b7fe-ad80c0f07351.jpg/600x600bb.jpg',0,1,'2026-02-01 20:17:23','2026-04-26 04:23:25'),(90,'Nhắn Nhủ',241,'https://res.cloudinary.com/dpg7qezsj/video/upload/v1769949670/ptit_music/audio/ucbtri20fwfotgdzxhsk.mp4','https://is1-ssl.mzstatic.com/image/thumb/Music126/v4/45/6f/16/456f1658-aefd-1198-0b5f-e966152c09e3/2ed824a9-489f-41b1-9a24-9c3e9d310d09.jpg/600x600bb.jpg',0,1,'2026-02-01 20:17:23','2026-04-26 04:23:25'),(91,'Buồn Hay Vui',292,'https://res.cloudinary.com/dpg7qezsj/video/upload/v1769949671/ptit_music/audio/r0pdd2hirb7gmjpmq4lh.mp4','https://is1-ssl.mzstatic.com/image/thumb/Music221/v4/26/ed/8c/26ed8cd7-e27b-4bfe-2659-4eaa1660314b/3617382170244.jpg/600x600bb.jpg',0,1,'2026-02-01 20:17:23','2026-04-26 04:23:25'),(92,'Don\'t Côi',147,'https://res.cloudinary.com/dpg7qezsj/video/upload/v1769949673/ptit_music/audio/uguunhvswv0qgbelwvcu.mp3','https://is1-ssl.mzstatic.com/image/thumb/Music221/v4/53/6a/31/536a312d-d639-2d13-b93d-b8c75a8956e4/25881.jpg/600x600bb.jpg',0,1,'2026-02-01 20:17:23','2026-04-26 04:23:25'),(93,'Khi Mà',229,'https://res.cloudinary.com/dpg7qezsj/video/upload/v1769949674/ptit_music/audio/wqemazdt1wwgou6q5opy.mp3','https://is1-ssl.mzstatic.com/image/thumb/Music112/v4/2b/b4/48/2bb44873-1ab4-e616-9fb4-d484627e9e1c/ac7ca051-faa6-461f-9f8a-f427e8c8c33e.jpg/600x600bb.jpg',0,1,'2026-02-01 20:17:23','2026-04-26 04:23:25'),(94,'Người Em Cố Đô',241,'https://res.cloudinary.com/dpg7qezsj/video/upload/v1769949675/ptit_music/audio/leylrzlw6qvfb2sztzoo.mp4','https://is1-ssl.mzstatic.com/image/thumb/Music115/v4/9f/dc/b4/9fdcb497-91c2-d5f0-3cf9-22e49057d8f3/190296442315.jpg/600x600bb.jpg',2,1,'2026-02-01 20:17:23','2026-05-07 03:57:38'),(95,'Rượu Tình',138,'https://res.cloudinary.com/dpg7qezsj/video/upload/v1769949677/ptit_music/audio/ueqmnxf0ri59x9xypka0.mp4','https://is1-ssl.mzstatic.com/image/thumb/Music211/v4/8b/18/ff/8b18ffa9-5493-066b-8d65-2ab309c38eff/050811079320_cover.jpg/600x600bb.jpg',0,1,'2026-02-01 20:17:23','2026-04-26 04:23:25'),(96,'Rồi Ta Sẽ Ngắm Pháo Hoa Cùng Nhau',283,'https://res.cloudinary.com/dpg7qezsj/video/upload/v1769949678/ptit_music/audio/lrt98i6hwsgc9rqsasxv.mp3','https://is1-ssl.mzstatic.com/image/thumb/Music221/v4/b3/78/f2/b378f202-8354-f8c4-e13e-4bc4685f9ebe/3617054831336.jpg/600x600bb.jpg',0,1,'2026-02-01 20:17:23','2026-04-26 04:23:25'),(97,'Em Thích',179,'https://res.cloudinary.com/dpg7qezsj/video/upload/v1769949679/ptit_music/audio/ahcu20iagq8ovuo2c1qg.mp3','https://is1-ssl.mzstatic.com/image/thumb/Music211/v4/0c/ac/75/0cac75e7-19d9-1d3e-d75a-fd3c2a86b6db/199066166390.jpg/600x600bb.jpg',1,1,'2026-02-01 20:17:23','2026-05-07 04:25:04'),(98,'Iu Là Đây',221,'https://res.cloudinary.com/dpg7qezsj/video/upload/v1769949681/ptit_music/audio/rjzubf50bmxcilogw62b.mp3','https://is1-ssl.mzstatic.com/image/thumb/Music126/v4/c6/d0/4b/c6d04bca-623e-77f7-7170-71889537b106/197338832318.jpg/600x600bb.jpg',0,1,'2026-02-01 20:17:23','2026-04-26 04:23:25'),(99,'Suýt Nữa Thì',286,'https://res.cloudinary.com/dpg7qezsj/video/upload/v1769949682/ptit_music/audio/rrtflflgjt7wblcat4wo.mp3','https://is1-ssl.mzstatic.com/image/thumb/Music116/v4/26/24/71/2624711a-048a-98d4-23da-6d4d5ec9981c/59511a85-ff45-4534-abf7-4b1b3692d9ee.jpg/600x600bb.jpg',0,1,'2026-02-01 20:17:23','2026-04-26 04:23:25'),(100,'Sau Những Lần Đau',140,'https://res.cloudinary.com/dpg7qezsj/video/upload/v1769949683/ptit_music/audio/eccrv8tmuingvfpf9idl.mp3','https://is1-ssl.mzstatic.com/image/thumb/Music126/v4/65/52/0d/65520d86-1b79-385f-c123-e32e9b18c0d5/cover.jpg/600x600bb.jpg',1,1,'2026-02-01 20:17:23','2026-05-07 04:06:38'),(101,'Sau Tất Cả',235,'https://res.cloudinary.com/dpg7qezsj/video/upload/v1769949685/ptit_music/audio/p2nb2tqujdxxkci51end.mp4','https://is1-ssl.mzstatic.com/image/thumb/Music125/v4/ce/2b/e4/ce2be4be-4bad-a72e-00f1-5fa4c624c229/759004309083_cover.jpg/600x600bb.jpg',0,1,'2026-02-01 20:17:23','2026-04-26 04:23:25'),(102,'Simple Love',238,'https://res.cloudinary.com/dpg7qezsj/video/upload/v1769949686/ptit_music/audio/qdyzu85liiczvdtvvkbj.mp3','https://is1-ssl.mzstatic.com/image/thumb/Music221/v4/77/e0/54/77e05477-3a3b-f67e-2918-98f46b28c5d3/3617053768909.jpg/600x600bb.jpg',0,1,'2026-02-01 20:17:23','2026-04-26 04:23:25'),(103,'Suy Nghĩ Trong Anh',257,'https://res.cloudinary.com/dpg7qezsj/video/upload/v1769949687/ptit_music/audio/cujjgxueh06i5zvpszbn.mp4','https://is1-ssl.mzstatic.com/image/thumb/Music211/v4/60/dc/1f/60dc1f9d-682a-562a-4b23-fcdf3fbb4f33/196872058758.jpg/600x600bb.jpg',0,1,'2026-02-01 20:17:23','2026-04-26 04:23:25'),(104,'Ngồi Nhìn Em Khóc',273,'https://res.cloudinary.com/dpg7qezsj/video/upload/v1769949689/ptit_music/audio/te0uqjcxvgahjkiwboon.mp3','https://is1-ssl.mzstatic.com/image/thumb/Music116/v4/e2/1a/49/e21a49ee-4cbb-0f0e-43f1-b8baf6554a9c/197338767955.jpg/600x600bb.jpg',0,1,'2026-02-01 20:17:23','2026-04-26 04:23:25'),(105,'Sóng',177,'https://res.cloudinary.com/dpg7qezsj/video/upload/v1769949690/ptit_music/audio/k704kieakksck58yixjp.mp3','https://is1-ssl.mzstatic.com/image/thumb/Music125/v4/49/3d/ab/493dab54-f920-9043-6181-80993b8116c9/19UMGIM53909.rgb.jpg/600x600bb.jpg',0,1,'2026-02-01 20:17:23','2026-04-26 04:23:25'),(106,'Chúng Ta Của Hiện Tại - Lofi version',200,'https://res.cloudinary.com/dpg7qezsj/video/upload/v1769949691/ptit_music/audio/pop1ef7fhval3jvagddc.mp3','https://is1-ssl.mzstatic.com/image/thumb/Music211/v4/3e/a9/15/3ea9154d-71ff-fe3f-e291-70ed965f0845/24UMGIM48787.rgb.jpg/600x600bb.jpg',0,1,'2026-02-01 20:17:23','2026-04-26 04:23:25'),(107,'Thiên Thần Tình Yêu',275,'https://res.cloudinary.com/dpg7qezsj/video/upload/v1769949692/ptit_music/audio/yaggzisk3ngznctyolzd.mp3','https://is1-ssl.mzstatic.com/image/thumb/Music221/v4/4b/c9/dc/4bc9dc27-e354-d007-6cc4-d3be836b597d/196622740070.jpg/600x600bb.jpg',2,1,'2026-02-01 20:17:23','2026-05-06 09:06:17'),(108,'Thằng Điên',286,'https://res.cloudinary.com/dpg7qezsj/video/upload/v1769949693/ptit_music/audio/ivo5a4c6uw2jswuknwqh.mp3','https://is1-ssl.mzstatic.com/image/thumb/Music122/v4/59/df/49/59df49c3-e2d2-5100-948e-498ac96357ed/5054197233067.jpg/600x600bb.jpg',0,1,'2026-02-01 20:17:23','2026-04-26 04:23:25'),(109,'Mai Mình Xa',137,'https://res.cloudinary.com/dpg7qezsj/video/upload/v1769949695/ptit_music/audio/y3gzadaabton11i2b41x.mp3','https://is1-ssl.mzstatic.com/image/thumb/Music122/v4/3b/40/92/3b409268-2d70-f371-e0c2-2602865bf4a0/cover.jpg/600x600bb.jpg',0,1,'2026-02-01 20:17:23','2026-04-26 04:23:25'),(110,'Tell Ur Mom II',216,'https://res.cloudinary.com/dpg7qezsj/video/upload/v1769949696/ptit_music/audio/qpqaifyrk85tfbzthvdd.mp3','https://is1-ssl.mzstatic.com/image/thumb/Music122/v4/43/c2/7c/43c27ca5-5f18-af5f-0468-2784ba80b9e2/c2099249-976f-41cd-b41e-4bbb06e610e4.jpg/600x600bb.jpg',1,1,'2026-02-01 20:17:23','2026-04-26 09:35:57'),(111,'Thu Cuối',309,'https://res.cloudinary.com/dpg7qezsj/video/upload/v1769949698/ptit_music/audio/umzvkr7gnc5kndxvshzl.mp3','https://is1-ssl.mzstatic.com/image/thumb/Music62/v4/e2/4c/60/e24c6085-a0fb-10a7-eac5-953658827059/64.jpg/600x600bb.jpg',0,1,'2026-02-01 20:17:23','2026-04-26 04:23:25'),(112,'Thêm Bao Nhiêu Lâu',312,'https://res.cloudinary.com/dpg7qezsj/video/upload/v1769949700/ptit_music/audio/hwfx9rjzw2twmzggaeou.mp3','https://is1-ssl.mzstatic.com/image/thumb/Music221/v4/6e/f8/43/6ef84363-20e2-c9f8-708b-1e6192e77c91/3617056654995.jpg/600x600bb.jpg',2,1,'2026-02-01 20:17:23','2026-05-06 08:32:26'),(113,'Thì Thầm Thích Thả Thính',227,'https://res.cloudinary.com/dpg7qezsj/video/upload/v1769949701/ptit_music/audio/abjoeippoo5eslumhgun.mp4','https://is1-ssl.mzstatic.com/image/thumb/Music122/v4/ab/03/4c/ab034cff-d518-7d37-9286-3935e59ba103/190296181467.jpg/600x600bb.jpg',0,1,'2026-02-01 20:17:23','2026-04-26 04:23:25'),(114,'Thất Tình',395,'https://res.cloudinary.com/dpg7qezsj/video/upload/v1769949702/ptit_music/audio/inotmke7ssj0viz0u5c6.mp4','https://is1-ssl.mzstatic.com/image/thumb/Music211/v4/aa/33/d7/aa33d798-faa3-d949-30f5-c1decdd6aba3/5021732016690.jpg/600x600bb.jpg',0,1,'2026-02-01 20:17:23','2026-04-26 04:23:25'),(115,'Nghe Em',284,'https://res.cloudinary.com/dpg7qezsj/video/upload/v1769949704/ptit_music/audio/rkefs085oerdmhnoqdy6.mp3','https://is1-ssl.mzstatic.com/image/thumb/Music113/v4/80/f7/2b/80f72b01-d4ea-c43e-680a-69db23f7f149/194491573676.jpg/600x600bb.jpg',0,1,'2026-02-01 20:17:23','2026-04-26 04:23:25'),(116,'Thắc Mắc',221,'https://res.cloudinary.com/dpg7qezsj/video/upload/v1769949705/ptit_music/audio/appo9fnqv815od2vco0m.mp3','https://is1-ssl.mzstatic.com/image/thumb/Music112/v4/ff/39/f1/ff39f112-07e9-0b74-36fb-9c5e8dbf4b74/cover.jpg/600x600bb.jpg',0,1,'2026-02-01 20:17:23','2026-04-26 04:23:25'),(117,'Ba',175,'https://res.cloudinary.com/dpg7qezsj/video/upload/v1769949707/ptit_music/audio/lq5bdwafnstgbxxbusuu.mp3','https://is1-ssl.mzstatic.com/image/thumb/Music113/v4/1a/5e/44/1a5e44ae-9872-c953-457c-6972d67f7722/cover.jpg/600x600bb.jpg',0,1,'2026-02-01 20:17:23','2026-04-26 04:23:25'),(118,'Mẹ',173,'https://res.cloudinary.com/dpg7qezsj/video/upload/v1769949708/ptit_music/audio/bzinev7rgtheol0ieldq.mp3','https://is1-ssl.mzstatic.com/image/thumb/Music126/v4/4d/d6/c4/4dd6c4ab-0749-9417-30eb-a6551ac53108/190296286179.jpg/600x600bb.jpg',1,1,'2026-02-01 20:17:23','2026-05-06 08:03:56'),(119,'Váy Cưới',166,'https://res.cloudinary.com/dpg7qezsj/video/upload/v1769949709/ptit_music/audio/wtvc2mdk69igodyjjcip.mp3','https://is1-ssl.mzstatic.com/image/thumb/Music116/v4/76/b1/7a/76b17a55-b407-14d7-946e-cc99140f9a0e/196292895612.jpg/600x600bb.jpg',2,1,'2026-02-01 20:17:23','2026-05-07 04:12:59'),(120,'Trước Khi Em Tồn Tại',237,'https://res.cloudinary.com/dpg7qezsj/video/upload/v1769949711/ptit_music/audio/gwr5qdewudl7ynikcgo9.mp3','https://is1-ssl.mzstatic.com/image/thumb/Music116/v4/a5/74/b4/a574b408-776e-0617-a994-3eeeb7f6a8fc/cover.jpg/600x600bb.jpg',0,1,'2026-02-01 20:17:23','2026-04-26 04:23:25'),(121,'Tâm Sự Tuổi 30',295,'https://res.cloudinary.com/dpg7qezsj/video/upload/v1769949713/ptit_music/audio/wzrrwusobnwkdpcf6bvr.mp3','https://is1-ssl.mzstatic.com/image/thumb/Music221/v4/c1/a9/11/c1a91101-f398-5f36-be12-bbd04f852d06/cover.jpg/600x600bb.jpg',0,1,'2026-02-01 20:17:23','2026-04-26 04:23:25'),(122,'Tình Ka Ngọt Ngào',238,'https://res.cloudinary.com/dpg7qezsj/video/upload/v1769949714/ptit_music/audio/f37kzriym55jw8yjx6qh.mp3','https://is1-ssl.mzstatic.com/image/thumb/Music211/v4/23/3a/27/233a27d1-6f0c-5aed-e92b-9b78fd7be6b8/199538424409.jpg/600x600bb.jpg',0,1,'2026-02-01 20:17:23','2026-04-26 04:23:25'),(123,'Tình Đầu',296,'https://res.cloudinary.com/dpg7qezsj/video/upload/v1769949715/ptit_music/audio/dlyyncsnbsj8czn5cnxf.mp4','https://is1-ssl.mzstatic.com/image/thumb/Music221/v4/ed/f2/03/edf203a3-a8ca-0657-7ba5-8754edd4da9e/cover.jpg/600x600bb.jpg',1,1,'2026-02-01 20:17:23','2026-05-06 09:12:53'),(124,'Tình Yêu Ngủ Quên',202,'https://res.cloudinary.com/dpg7qezsj/video/upload/v1769949717/ptit_music/audio/pv8539chpmtnoew8bfba.mp4','https://is1-ssl.mzstatic.com/image/thumb/Music125/v4/12/a7/f3/12a7f369-d0d7-7e6c-3871-2a222b340c8d/cover.jpg/600x600bb.jpg',6,1,'2026-02-01 20:17:23','2026-05-06 09:09:30'),(125,'Tình Ca Tình Ta',212,'https://res.cloudinary.com/dpg7qezsj/video/upload/v1769949718/ptit_music/audio/so85dziy47babberi6g5.mp3','https://is1-ssl.mzstatic.com/image/thumb/Music115/v4/49/98/ad/4998ad9f-9d2c-69c2-323a-6f404cf108bd/190296640940.jpg/600x600bb.jpg',6,1,'2026-02-01 20:17:23','2026-05-06 09:45:39'),(126,'Tình Cờ Tôi Thích Em',218,'https://res.cloudinary.com/dpg7qezsj/video/upload/v1769949719/ptit_music/audio/tycc7xppsoeyansqyisf.mp3','https://is1-ssl.mzstatic.com/image/thumb/Music221/v4/9a/ba/4c/9aba4cde-de0f-7790-472e-8f2a8986d145/3617220623352.jpg/600x600bb.jpg',1,1,'2026-02-01 20:17:23','2026-04-27 14:57:03'),(127,'Già Cùng Nhau Là Được',235,'https://res.cloudinary.com/dpg7qezsj/video/upload/v1769949721/ptit_music/audio/msybkz1dkjiv8cmnzv6n.mp3','https://is1-ssl.mzstatic.com/image/thumb/Music211/v4/d2/60/91/d26091bd-96ee-8058-af9a-280ee7dc708a/3616550232944.jpg/600x600bb.jpg',1,1,'2026-02-01 20:17:23','2026-05-05 09:33:37'),(128,'Tương Tư',207,'https://res.cloudinary.com/dpg7qezsj/video/upload/v1769949723/ptit_music/audio/ixncnjrkvjtssbh7nfzk.mp4','https://is1-ssl.mzstatic.com/image/thumb/Music221/v4/61/30/7f/61307f95-8bde-9009-5a9f-6224272b720a/artwork.jpg/600x600bb.jpg',2,1,'2026-02-01 20:17:23','2026-05-05 09:30:10'),(129,'Tết Đong Đầy',243,'https://res.cloudinary.com/dpg7qezsj/video/upload/v1769949724/ptit_music/audio/ggbxohvcm14uhwaqhonk.mp3','https://is1-ssl.mzstatic.com/image/thumb/Music221/v4/3a/32/34/3a32344b-6912-2148-6736-172e4095e998/3617054096360.jpg/600x600bb.jpg',0,1,'2026-02-01 20:17:23','2026-04-26 04:23:25'),(130,'Tệ Thật, Anh Nhớ Em',287,'https://res.cloudinary.com/dpg7qezsj/video/upload/v1769949726/ptit_music/audio/ionftslrvdezuyqwwvdi.mp3','https://is1-ssl.mzstatic.com/image/thumb/Music221/v4/92/5b/36/925b36d0-efcd-e79f-d0ab-d37d97515b1c/190296136320.jpg/600x600bb.jpg',3,1,'2026-02-01 20:17:23','2026-05-06 10:23:35'),(131,'Từng Quen',175,'https://res.cloudinary.com/dpg7qezsj/video/upload/v1769949727/ptit_music/audio/hg9l8ks1fqhqnwfe9alf.mp3','https://is1-ssl.mzstatic.com/image/thumb/Music116/v4/cb/42/10/cb421004-d27a-6c08-a542-fa2e7ac3bb58/23UM1IM21988.rgb.jpg/600x600bb.jpg',2,1,'2026-02-01 20:17:23','2026-05-06 10:28:23'),(132,'Internet Love',219,'https://res.cloudinary.com/dpg7qezsj/video/upload/v1769949729/ptit_music/audio/jawne3jftqwjcdgd9crq.mp3','https://is1-ssl.mzstatic.com/image/thumb/Music126/v4/89/db/48/89db4834-3415-d84f-1507-a394e89e7069/195940793225.jpg/600x600bb.jpg',0,1,'2026-02-01 20:17:23','2026-04-26 04:23:25'),(133,'Va Vào Giai Điệu Này',197,'https://res.cloudinary.com/dpg7qezsj/video/upload/v1769949731/ptit_music/audio/xygxdqrqzyuaipmekogs.mp3','https://is1-ssl.mzstatic.com/image/thumb/Music116/v4/5d/0f/0f/5d0f0ffe-4e76-cbbf-b551-93f6f8ce3068/197188116262.jpg/600x600bb.jpg',3,1,'2026-02-01 20:17:23','2026-05-06 09:31:33'),(134,'3107',232,'https://res.cloudinary.com/dpg7qezsj/video/upload/v1769949732/ptit_music/audio/e9oocqze1fporfmuzfpx.mp3','https://is1-ssl.mzstatic.com/image/thumb/Music211/v4/69/04/d8/6904d8d7-0766-75ed-67d5-bee0d1e1e62a/085365292932.jpg/600x600bb.jpg',2,1,'2026-02-01 20:17:23','2026-05-06 10:31:17'),(135,'3107-3',235,'https://res.cloudinary.com/dpg7qezsj/video/upload/v1769949734/ptit_music/audio/byyeu77xe4ecospxy2bo.mp3','https://is1-ssl.mzstatic.com/image/thumb/Music115/v4/e8/54/89/e8548918-cf07-1db8-ac9f-f66e3767a1ca/21UMGIM68821.rgb.jpg/600x600bb.jpg',0,1,'2026-02-01 20:17:23','2026-04-26 04:23:25'),(136,'3107-4',213,'https://res.cloudinary.com/dpg7qezsj/video/upload/v1769949736/ptit_music/audio/lwafirlkkiella9okjoe.mp3','https://is1-ssl.mzstatic.com/image/thumb/Music112/v4/6d/92/17/6d9217f9-384d-ca69-9f40-6ebc6c03ae08/22UMGIM84262.rgb.jpg/600x600bb.jpg',0,1,'2026-02-01 20:17:23','2026-04-26 04:23:25'),(137,'Id 072019',302,'https://res.cloudinary.com/dpg7qezsj/video/upload/v1769949737/ptit_music/audio/xavtefak03lqktrdnwya.mp3','https://is1-ssl.mzstatic.com/image/thumb/Music126/v4/56/6d/a7/566da7e5-df40-f0f9-4c80-26663f5f47e3/23UMGIM87583.rgb.jpg/600x600bb.jpg',0,1,'2026-02-01 20:17:23','2026-04-26 04:23:25'),(138,'Shhhhhhh...',238,'https://res.cloudinary.com/dpg7qezsj/video/upload/v1769949739/ptit_music/audio/j3gv3xoacueh4dstfw9f.mp4','https://is1-ssl.mzstatic.com/image/thumb/Music126/v4/38/8a/50/388a50a7-7534-c3f9-36a0-306a1ff62bc3/197190030846.jpg/600x600bb.jpg',1,1,'2026-02-01 20:17:23','2026-04-26 13:45:59'),(139,'Thích Em Hơi Nhiều',200,'https://res.cloudinary.com/dpg7qezsj/video/upload/v1769949740/ptit_music/audio/nrx0uzj90a2unbcwyxff.mp3','https://is1-ssl.mzstatic.com/image/thumb/Music115/v4/2d/65/9a/2d659aab-02b5-a50c-fa12-64f877663899/21UMGIM52353.rgb.jpg/600x600bb.jpg',1,1,'2026-02-01 20:17:23','2026-05-07 04:32:53'),(140,'Biết Iu 1 Người',180,'https://res.cloudinary.com/dpg7qezsj/video/upload/v1769949741/ptit_music/audio/xgouwlnmnobk0odjrf0b.mp4','https://is1-ssl.mzstatic.com/image/thumb/Music122/v4/9d/fc/85/9dfc8500-efac-5f3a-d5b5-caf7aa52961c/63809958-4242-4e7e-8f0d-955543475461.jpg/600x600bb.jpg',1,1,'2026-02-01 20:17:23','2026-04-26 04:29:55'),(141,'Wrong Times',211,'https://res.cloudinary.com/dpg7qezsj/video/upload/v1769949743/ptit_music/audio/tn0qba7bpmhwarkdwij9.mp3','https://is1-ssl.mzstatic.com/image/thumb/Music126/v4/4c/e8/5e/4ce85efa-9da0-13b6-b1c9-0f3c34e683e7/769a6a74-44e3-4382-8a1b-cd727ea861fb.jpg/600x600bb.jpg',1,1,'2026-02-01 20:17:23','2026-05-07 04:36:14'),(142,'Xe Đạp',248,'https://res.cloudinary.com/dpg7qezsj/video/upload/v1769949745/ptit_music/audio/oirzdepiqm5xc3ocm88v.mp3','https://is1-ssl.mzstatic.com/image/thumb/Music/42/aa/0e/mzi.mmfqzpge.jpg/600x600bb.jpg',0,1,'2026-02-01 20:17:23','2026-04-26 04:23:25'),(143,'Xin Lỗi Vì Đã Yêu Nhau',288,'https://res.cloudinary.com/dpg7qezsj/video/upload/v1769949746/ptit_music/audio/um7niydgjo3lm5tx87yw.mp4','https://is1-ssl.mzstatic.com/image/thumb/Music124/v4/bb/b4/4e/bbb44e2e-d314-5f85-73bb-11679c8b3a16/21UMGIM21738.rgb.jpg/600x600bb.jpg',1,1,'2026-02-01 20:17:23','2026-04-26 04:25:03'),(144,'Yêu Không Cần Hứa',225,'https://res.cloudinary.com/dpg7qezsj/video/upload/v1769949747/ptit_music/audio/gcc5jekbxofaupohnthh.mp4','https://is1-ssl.mzstatic.com/image/thumb/Music211/v4/39/93/eb/3993eb2d-a2a5-e5f7-c490-0137eb48d8cc/198391758058.jpg/600x600bb.jpg',0,1,'2026-02-01 20:17:23','2026-04-26 04:23:25'),(145,'Yêu Nhiều Ghen Nhiều',259,'https://res.cloudinary.com/dpg7qezsj/video/upload/v1769949749/ptit_music/audio/xp0lgb8kvsohgcivmkgi.mp4','https://is1-ssl.mzstatic.com/image/thumb/Music221/v4/08/3e/1e/083e1e40-1dec-b230-1d0a-36bea83b30cf/198391738272.jpg/600x600bb.jpg',2,1,'2026-02-01 20:17:23','2026-05-06 17:22:53'),(146,'Yêu Người Như Anh',200,'https://res.cloudinary.com/dpg7qezsj/video/upload/v1769949750/ptit_music/audio/pcda0vcxufpalaq4xsoj.mp3','https://is1-ssl.mzstatic.com/image/thumb/Music112/v4/dd/52/34/dd523418-cd92-3e74-c1ec-ed973869390e/190296034985.jpg/600x600bb.jpg',0,1,'2026-02-01 20:17:23','2026-04-26 04:23:25'),(147,'Yêu Người Có Ước Mơ',286,'https://res.cloudinary.com/dpg7qezsj/video/upload/v1769949751/ptit_music/audio/wu1pmmkjc5vtcqxxwvg8.mp3','https://is1-ssl.mzstatic.com/image/thumb/Music221/v4/a9/2d/05/a92d0536-15ee-6b5c-6b76-e32a7de7429c/3617054602738.jpg/600x600bb.jpg',0,1,'2026-02-01 20:17:23','2026-04-26 04:23:25'),(148,'Yêu Đơn Phương Là Gì',218,'https://res.cloudinary.com/dpg7qezsj/video/upload/v1769949753/ptit_music/audio/mfhprfql9fzywvzmhrcv.mp3','https://is1-ssl.mzstatic.com/image/thumb/Music112/v4/eb/d8/a2/ebd8a2ef-4ae5-53a9-ec19-65892885582b/cover.jpg/600x600bb.jpg',2,1,'2026-02-01 20:17:23','2026-05-07 03:46:41'),(149,'Chuyện Chúng Ta Sau Này',246,'https://res.cloudinary.com/dpg7qezsj/video/upload/v1769949754/ptit_music/audio/aonpikzkdpcclee6kjdo.mp4','https://is1-ssl.mzstatic.com/image/thumb/Music116/v4/4d/60/16/4d6016b5-f8b8-755a-87d3-6f0676aad62d/59174c45-0a6f-4d6c-870f-def6f8e88bf2.jpg/600x600bb.jpg',1,1,'2026-02-01 20:17:23','2026-05-05 09:54:29'),(150,'Có Hẹn Với Thanh Xuân',268,'https://res.cloudinary.com/dpg7qezsj/video/upload/v1769949756/ptit_music/audio/m0hx1vpaatnyqywzb6gn.mp3','https://is1-ssl.mzstatic.com/image/thumb/Music115/v4/6b/45/48/6b4548ac-5dee-ec1b-1132-b2366d738566/190296526817.jpg/600x600bb.jpg',5,1,'2026-02-01 20:17:23','2026-05-06 10:19:06'),(151,'Em Làm Gì Mùa Dịch',194,'https://res.cloudinary.com/dpg7qezsj/video/upload/v1769949757/ptit_music/audio/ink4wlekltspa7f7o3j1.mp4','https://i.scdn.co/image/ab67616d00001e02b37cf8e9a8c13073f67c4c3b',0,1,'2026-02-01 20:17:23','2026-04-26 04:23:25'),(152,'Đắm Tình',231,'https://res.cloudinary.com/dpg7qezsj/video/upload/v1769949759/ptit_music/audio/gunukgdbrjtw6jvvl6ig.mp3','https://is1-ssl.mzstatic.com/image/thumb/Music112/v4/10/9a/4d/109a4d89-0a46-51fe-c3bd-5b9ff2876ddb/5054197326424.jpg/600x600bb.jpg',1,1,'2026-02-01 20:17:23','2026-05-05 09:26:19'),(153,'Nếu Ngày Ấy',293,'https://res.cloudinary.com/dpg7qezsj/video/upload/v1769949760/ptit_music/audio/xrxrzn99eg5edoeqtujw.mp4','https://is1-ssl.mzstatic.com/image/thumb/Music211/v4/0f/f1/4c/0ff14c5e-6dad-5a20-e74c-6c8687a3b364/3616400236450.jpg/600x600bb.jpg',4,1,'2026-02-01 20:17:23','2026-05-06 08:52:23'),(155,'Tình Yêu Chậm Trễ',245,'https://res.cloudinary.com/dpg7qezsj/video/upload/v1769949765/ptit_music/audio/cbwwawoffytsnmb1xtl9.mp4','https://is1-ssl.mzstatic.com/image/thumb/Music115/v4/94/38/a4/9438a45d-1953-8446-ef9a-8dc1c5085ace/190296496431.jpg/600x600bb.jpg',3,1,'2026-02-01 20:17:23','2026-05-06 08:57:16'),(156,'Vaicaunoicokhiennguoithaydoi',226,'https://res.cloudinary.com/dpg7qezsj/video/upload/v1769949768/ptit_music/audio/m2n7ohad7uggw2evf9rs.mp3','https://is1-ssl.mzstatic.com/image/thumb/Music116/v4/16/5c/93/165c9379-865f-bae6-f51b-8b0a016f738d/602448151407_Cover.jpg/600x600bb.jpg',2,1,'2026-02-01 20:17:23','2026-05-06 09:01:21'),(157,'Ánh Sao Và Bầu Trời',261,'https://res.cloudinary.com/dpg7qezsj/video/upload/v1769949769/ptit_music/audio/qdlozsqyo4ctbzsiayv6.mp3','https://is1-ssl.mzstatic.com/image/thumb/Music125/v4/00/b0/60/00b060c0-b9fe-57bc-7627-94a66a158fe9/190296486593.jpg/600x600bb.jpg',1,1,'2026-02-01 20:17:23','2026-05-06 07:30:00'),(158,'Ông Bà Anh',208,'https://res.cloudinary.com/dpg7qezsj/video/upload/v1769949771/ptit_music/audio/uagsblu1mjpcxuy4wknr.mp3','https://is1-ssl.mzstatic.com/image/thumb/Music112/v4/ff/c0/26/ffc0263a-2b05-6047-1f0a-632eebd76c48/5021732015136.jpg/600x600bb.jpg',1,1,'2026-02-01 20:17:23','2026-05-07 04:18:31'),(159,'Đúng Người Đúng Thời Điểm',297,'https://res.cloudinary.com/dpg7qezsj/video/upload/v1769949772/ptit_music/audio/podwyqqi6rc4baj2nsgi.mp4','https://is1-ssl.mzstatic.com/image/thumb/Music211/v4/38/30/72/3830723b-ab41-840c-b2b6-627317270589/198391715549.jpg/600x600bb.jpg',0,1,'2026-02-01 20:17:23','2026-04-26 04:23:25'),(160,'Đâu Ai Dám Hứa',224,'https://res.cloudinary.com/dpg7qezsj/video/upload/v1769949774/ptit_music/audio/ynjsp3wz7vvf6jwe7odq.mp3','https://is1-ssl.mzstatic.com/image/thumb/Music126/v4/d5/fd/56/d5fd56ec-eeda-d5c1-799f-98382f0d1ceb/cover.jpg/600x600bb.jpg',1,1,'2026-02-01 20:17:23','2026-05-07 03:42:56'),(161,'Đêm Trăng Tình Yêu',265,'https://res.cloudinary.com/dpg7qezsj/video/upload/v1769949776/ptit_music/audio/uijy01o3kh6wfqhyqga9.mp4','https://is1-ssl.mzstatic.com/image/thumb/Music126/v4/95/ac/c0/95acc04b-22c1-e426-c171-4ecad6cdda71/197188402891.jpg/600x600bb.jpg',0,1,'2026-02-01 20:17:23','2026-04-26 04:23:25'),(162,'Tình Cờ Yêu Em',254,'https://res.cloudinary.com/dpg7qezsj/video/upload/v1769949777/ptit_music/audio/zfmfh3ksujpby3pcefwl.mp3','https://is1-ssl.mzstatic.com/image/thumb/Music116/v4/aa/db/70/aadb7026-56b0-7e54-b5ad-443b41d5d7b6/7a5f8e01-2807-4371-acf5-341e2f34ef0e.jpg/600x600bb.jpg',1,1,'2026-02-01 20:17:23','2026-04-26 08:49:42'),(163,'Đếm Ngày Xa Em',264,'https://res.cloudinary.com/dpg7qezsj/video/upload/v1769949778/ptit_music/audio/wyc6zawxgnmknw09ax4u.mp3','https://is1-ssl.mzstatic.com/image/thumb/Music114/v4/4a/57/9b/4a579ba8-0245-ee75-4c45-48731dfb6dc4/cover.jpg/600x600bb.jpg',0,1,'2026-02-01 20:17:23','2026-04-26 04:23:25'),(164,'Để Anh Một Mình',242,'https://res.cloudinary.com/dpg7qezsj/video/upload/v1769949780/ptit_music/audio/k6tqie0unh7b1cqgswij.mp3','https://is1-ssl.mzstatic.com/image/thumb/Music221/v4/2d/6b/02/2d6b02fa-60cd-035e-70c8-cf8cc0b15e54/cover.jpg/600x600bb.jpg',0,1,'2026-02-01 20:17:23','2026-04-26 04:23:25'),(165,'Độc Thân Không Phải Là Ế',212,'https://res.cloudinary.com/dpg7qezsj/video/upload/v1769949781/ptit_music/audio/guvnqnhmsq4dccqnelet.mp3','https://is1-ssl.mzstatic.com/image/thumb/Music221/v4/cc/8e/d3/cc8ed38a-4250-dacd-c891-e29e7f71a04a/5063585169659_cover.jpg/600x600bb.jpg',1,1,'2026-02-01 20:17:23','2026-05-06 17:23:34'),(166,'Ừ Có Anh Đây',365,'https://res.cloudinary.com/dpg7qezsj/video/upload/v1769949782/ptit_music/audio/hekccy0jkeq2qylbuani.mp3','https://is1-ssl.mzstatic.com/image/thumb/Music124/v4/ea/13/c2/ea13c2ff-f73b-982d-6c0f-d325a86a1805/8445281670665.jpg/600x600bb.jpg',1,1,'2026-02-01 20:17:23','2026-04-26 04:44:28'),(168,'Nơi này có anh',279,'https://res.cloudinary.com/dz2yltymf/video/upload/v1777198320/music/audio/cizrdk8g5mje1edjhys9.mp3','https://res.cloudinary.com/dz2yltymf/image/upload/v1777198321/music/image/lom19a6ydejjqjqr7u7u.jpg',3,1,'2026-04-26 10:12:04','2026-05-06 08:01:32'),(169,'Người Im Lặng Gặp Người Hay Nói',256,'https://res.cloudinary.com/dz2yltymf/video/upload/v1777209641/music/audio/ga08fr3dl7tyxssnjcrc.mp3','https://res.cloudinary.com/dz2yltymf/image/upload/v1777209642/music/image/jagw4et13mpo54qjxrp8.jpg',6,1,'2026-04-26 13:20:43','2026-05-06 08:04:36'),(170,'Hôm Nay Tôi Buồn',275,'https://res.cloudinary.com/dz2yltymf/video/upload/v1777210511/music/audio/ejphhwfoujdrfsy4rbry.mp3','https://res.cloudinary.com/dz2yltymf/image/upload/v1777210512/music/image/chofgn5s3rlofb0wz75h.jpg',1,1,'2026-04-26 13:35:12','2026-04-26 13:35:57'),(171,'CÓ CHẮC YÊU LÀ ĐÂY',202,'https://res.cloudinary.com/dz2yltymf/video/upload/v1777211875/music/audio/pu4gzz89ztlialn3xzlt.mp3','https://res.cloudinary.com/dz2yltymf/image/upload/v1777211876/music/image/w797k3t1viyl0a4d4oia.jpg',8,1,'2026-04-26 13:57:57','2026-05-05 10:23:20'),(172,'Đến Đây Bên Anh',241,'https://res.cloudinary.com/dz2yltymf/video/upload/v1777213704/music/audio/jdxsbkomnv0um5ljnbv1.mp3','https://i.scdn.co/image/ab67616d00001e02bed265ca42ecbd6daf08a7a1',12,1,'2026-04-26 14:28:25','2026-05-06 07:55:07'),(173,'Love Is',266,'https://res.cloudinary.com/dz2yltymf/video/upload/v1777213996/music/audio/ca1xh6yfbe3zy350tux8.mp3','https://i.scdn.co/image/ab67616d00001e027a2671106709ace37de38fab',1,1,'2026-04-26 14:33:17','2026-05-07 03:05:16'),(174,'Không Buông ',174,'https://res.cloudinary.com/dz2yltymf/video/upload/v1777220297/music/audio/fo3egj3bi4xrdy1dtsmx.mp3','https://i.scdn.co/image/ab67616d00001e028e2436033be92c06e4afee32',3,1,'2026-04-26 16:18:18','2026-05-04 01:24:10'),(175,'vết thương ',261,'https://res.cloudinary.com/dz2yltymf/video/upload/v1777220894/music/audio/wuihf7jdfe58iasu69yr.mp3','https://i.scdn.co/image/ab67616d00001e02cb2a3066584a339e09508520',5,1,'2026-04-26 16:28:15','2026-05-04 01:19:48'),(176,'In Love',200,'https://res.cloudinary.com/dz2yltymf/video/upload/v1777221289/music/audio/bpy3tshkektamv6e56pn.mp3','https://i.scdn.co/image/ab67616d00001e0223cf61113b6f831989e68725',6,1,'2026-04-26 16:34:53','2026-05-06 17:45:26'),(177,'Ngày Mai Nắng Lên Anh Sẽ Về',272,'https://res.cloudinary.com/dz2yltymf/video/upload/v1777253564/music/audio/d10ifipbnu3tpz2a9gy6.mp3','https://i.scdn.co/image/ab67616d00001e02710d9d3ffddfd5f675488c4d',8,1,'2026-04-27 01:32:45','2026-05-04 01:11:37'),(178,'Em Không Cần',272,'https://res.cloudinary.com/dz2yltymf/video/upload/v1777254510/music/audio/odrsrqiwrz18rpvvpf7z.mp3','https://i.scdn.co/image/ab67616d00001e02348af25a17ce646d988ad2e8',15,1,'2026-04-27 01:48:31','2026-05-06 10:08:43'),(179,'Đứa Trẻ Mùa Đông Chí',288,'https://res.cloudinary.com/dz2yltymf/video/upload/v1777284130/music/audio/nyj2xfi6o5bbukkwmg8n.mp3','https://i.scdn.co/image/ab67616d00001e02bfa823cb1fe9bd76c3c9f41f',6,1,'2026-04-27 10:02:11','2026-05-04 12:27:15'),(180,'Sao Em Vô Tình',335,'https://res.cloudinary.com/dz2yltymf/video/upload/v1777306300/music/audio/d6kxmhoqnjz6u0yzug0r.mp3','https://i.scdn.co/image/ab67616d00001e02d786f30e8e3400cca57c2f26',7,1,'2026-04-27 16:11:42','2026-05-05 15:33:41'),(181,'Anh Đã Quen Với Cô Đơn',268,'https://res.cloudinary.com/dz2yltymf/video/upload/v1777368663/music/audio/kdmwtwtkylggxmd69bfx.mp3','https://i.scdn.co/image/ab67616d00001e022922307c16bb852a0849bea0',12,1,'2026-04-28 09:31:06','2026-05-07 03:30:54'),(182,'Cơn Mưa Cuối ',324,'https://res.cloudinary.com/dz2yltymf/video/upload/v1777391774/music/audio/cvjuiogslolxoqxfci0v.mp3','https://i.scdn.co/image/ab67616d00001e0222612841829252b1f3018c2e',10,1,'2026-04-28 15:56:17','2026-05-06 01:27:18'),(183,'Bài Học Quý Giá',275,'https://res.cloudinary.com/dz2yltymf/video/upload/v1777542532/music/audio/aigtwmb49fh18uzgbxzn.mp3','https://i.scdn.co/image/ab67616d00001e026ac79ef9118fd89f64e590f4',6,1,'2026-04-30 09:48:54','2026-05-05 15:18:56'),(184,'Từng Là Của Nhau ',269,'https://res.cloudinary.com/dz2yltymf/video/upload/v1777543165/music/audio/n7fcgmwlnvdtko8qywbs.mp3','https://i.scdn.co/image/ab67616d00001e0267e926bba0c1032a8414fc8c',14,1,'2026-04-30 09:59:28','2026-05-06 01:48:24'),(185,'Ngày Mai Nắng Lên Anh Sẽ Về',272,'https://res.cloudinary.com/dz2yltymf/video/upload/v1778064032/music/audio/brigmbchufxlr7sr2rrz.mp3','https://i.scdn.co/image/ab67616d00001e02710d9d3ffddfd5f675488c4d',2,1,'2026-05-06 10:40:35','2026-05-06 17:37:32'),(187,'Cơn Mưa Cuối',329,'https://res.cloudinary.com/dz2yltymf/video/upload/v1778029936/music/audio/ahxgb9siww2qw3h01fpf.mp3','https://res.cloudinary.com/dz2yltymf/image/upload/v1778029923/music/image/tjypuaychgjr1jrk5qgl.jpg',0,1,'2026-05-06 08:12:20','2026-05-06 08:12:20'),(190,'Phép Màu',267,'https://res.cloudinary.com/dz2yltymf/video/upload/v1778031738/music/audio/ayntfrpt7nyxscbaxnyb.mp3','https://res.cloudinary.com/dz2yltymf/image/upload/v1778031735/music/image/dmhjav6awdunlxezy5a4.jpg',1,1,'2026-05-06 08:42:19','2026-05-06 01:43:17'),(191,'Ai Cho Ai',160,'https://res.cloudinary.com/dz2yltymf/video/upload/v1778042397/music/audio/jpijjq2ddrdjuey5vf7j.mp3','https://res.cloudinary.com/dz2yltymf/image/upload/v1778042395/music/image/abi5wdidu2db3jh1imu9.jpg',0,1,'2026-05-06 11:39:59','2026-05-06 11:39:59'),(192,'Kho Báu',253,'https://res.cloudinary.com/dz2yltymf/video/upload/v1778042432/music/audio/qk5wb5oibewabumc2kqc.mp3','https://res.cloudinary.com/dz2yltymf/image/upload/v1778042430/music/image/ii1gtbwjkxqaqxohidgp.jpg',0,1,'2026-05-06 11:40:34','2026-05-06 11:40:34'),(193,'không còn tin nhắn từ em',184,'https://res.cloudinary.com/dz2yltymf/video/upload/v1778042451/music/audio/gn8uuvivy7p4qrdrv87k.mp3','https://res.cloudinary.com/dz2yltymf/image/upload/v1778042449/music/image/q0gixfodpj9opbbjgetr.jpg',0,1,'2026-05-06 11:40:53','2026-05-06 11:40:53'),(194,'24H',259,'https://res.cloudinary.com/dz2yltymf/video/upload/v1778042484/music/audio/ozpp1a6mcythbozxu6th.mp3','https://res.cloudinary.com/dz2yltymf/image/upload/v1778042482/music/image/s2dbedawr7dwd4fvcqch.jpg',0,1,'2026-05-06 11:41:26','2026-05-06 11:41:26'),(195,'30 ngày lạnh',213,'https://res.cloudinary.com/dz2yltymf/video/upload/v1778042517/music/audio/m68n1q6geri40rnacdnh.mp3','https://res.cloudinary.com/dz2yltymf/image/upload/v1778042515/music/image/encaxz6aqw6gypyujgwb.jpg',0,1,'2026-05-06 11:41:59','2026-05-06 11:41:59'),(196,'6AM',161,'https://res.cloudinary.com/dz2yltymf/video/upload/v1778074173/music/audio/rkkwcv0wiw37afec071x.mp3','https://res.cloudinary.com/dz2yltymf/image/upload/v1778074171/music/image/sqgfnkiiu9bvkamol6jc.jpg',0,1,'2026-05-06 20:29:35','2026-05-06 20:29:35'),(197,'81 KIẾP NẠN',285,'https://res.cloudinary.com/dz2yltymf/video/upload/v1778074432/music/audio/csfbvfbise8ehw3gqjlc.mp3','https://res.cloudinary.com/dz2yltymf/image/upload/v1778074430/music/image/xsizwozri8eu7ljlgzc8.jpg',0,1,'2026-05-06 20:33:54','2026-05-06 20:33:54'),(198,'SIÊU BẠN THÂN',253,'https://res.cloudinary.com/dz2yltymf/video/upload/v1778074601/music/audio/ycz18q9yywq9pm4idkdm.mp3','https://res.cloudinary.com/dz2yltymf/image/upload/v1778074599/music/image/kcztsvclmhjl8f9nbthv.jpg',0,1,'2026-05-06 20:36:43','2026-05-06 20:36:43'),(199,'ACAI',174,'https://res.cloudinary.com/dz2yltymf/video/upload/v1778074778/music/audio/z2b7waispxt9dfnzdoud.mp3','https://res.cloudinary.com/dz2yltymf/image/upload/v1778074768/music/image/egzhfsf30rkhmjl8o0qu.jpg',0,1,'2026-05-06 20:39:40','2026-05-06 20:39:40'),(200,'Ex’s Hate Me (Part 2)',220,'https://res.cloudinary.com/dz2yltymf/video/upload/v1778074957/music/audio/iov7rkksreogh0auvxwr.mp3','https://res.cloudinary.com/dz2yltymf/image/upload/v1778074954/music/image/pbv84q2pwooiiuwxg74k.jpg',0,1,'2026-05-06 20:42:38','2026-05-06 20:42:38'),(201,'Anh biết Em cũng biết',165,'https://res.cloudinary.com/dz2yltymf/video/upload/v1778075127/music/audio/mxdhxnmhyv01dsmautsc.mp3','https://res.cloudinary.com/dz2yltymf/image/upload/v1778075125/music/image/ih13zflri02hl0zbmzml.jpg',0,1,'2026-05-06 20:45:29','2026-05-06 20:45:29'),(202,'Anh Là Ngoại Lệ Của Em',188,'https://res.cloudinary.com/dz2yltymf/video/upload/v1778075162/music/audio/zfkcshhjvy8ix1s35fqd.mp3','https://res.cloudinary.com/dz2yltymf/image/upload/v1778075160/music/image/oxyzd5f8ekzwkmh4bkzr.jpg',0,1,'2026-05-06 20:46:03','2026-05-06 20:46:03'),(203,'Ai Đâu Cần Anh',320,'https://res.cloudinary.com/dz2yltymf/video/upload/v1778075835/music/audio/ahmlk6psplfyy8asxldv.mp3','https://res.cloudinary.com/dz2yltymf/image/upload/v1778075832/music/image/zntdq5pjulhysqop5yrw.jpg',0,1,'2026-05-06 20:57:16','2026-05-06 20:57:16'),(204,'Anh Sẽ Đón Em (với Trang)',189,'https://res.cloudinary.com/dz2yltymf/video/upload/v1778075862/music/audio/najqdfxccvl9y7wvv13e.mp3','https://res.cloudinary.com/dz2yltymf/image/upload/v1778075859/music/image/d9zabl9tg4vswuwcxx5g.jpg',0,1,'2026-05-06 20:57:44','2026-05-06 20:57:44'),(205,'춤 (CHOOM)',204,'https://res.cloudinary.com/dz2yltymf/video/upload/v1778076194/music/audio/bwjxtppvr7gq1jm9tskk.mp3','https://res.cloudinary.com/dz2yltymf/image/upload/v1778076192/music/image/zia0ftncrmn2enpipcf8.jpg',0,1,'2026-05-06 21:03:16','2026-05-06 21:03:16'),(206,'BACK2DAGAME',181,'https://res.cloudinary.com/dz2yltymf/video/upload/v1778076228/music/audio/l7l9qhoxfaxiac1pcviv.mp3','https://res.cloudinary.com/dz2yltymf/image/upload/v1778076226/music/image/plinm42hcyhzjbtbb8m0.jpg',0,1,'2026-05-06 21:03:49','2026-05-06 21:03:49'),(207,'Bao Tiền Một Mớ Bình Yên?',300,'https://res.cloudinary.com/dz2yltymf/video/upload/v1778076262/music/audio/xsis3u7i7t5ookozfhb5.mp3','https://res.cloudinary.com/dz2yltymf/image/upload/v1778076260/music/image/yh3dtuhjz5ems6bqjjaz.jpg',0,1,'2026-05-06 21:04:24','2026-05-06 21:04:24'),(208,'BE MY LOVER',160,'https://res.cloudinary.com/dz2yltymf/video/upload/v1778076293/music/audio/vwwnhyfvfaxpkrusuptd.mp3','https://res.cloudinary.com/dz2yltymf/image/upload/v1778076291/music/image/cwljtk9ue5ttkc6ckczn.jpg',0,1,'2026-05-06 21:04:55','2026-05-06 21:04:55'),(209,'Bingo (Piano Ver.)',338,'https://res.cloudinary.com/dz2yltymf/video/upload/v1778076397/music/audio/bqtahxj2p3glhlwgmz3e.mp3','https://res.cloudinary.com/dz2yltymf/image/upload/v1778076394/music/image/dnktvy3nufauqaxrkhhq.jpg',0,1,'2026-05-06 21:06:39','2026-05-06 21:06:39'),(210,'MAKE ME FEEL',217,'https://res.cloudinary.com/dz2yltymf/video/upload/v1778076428/music/audio/dl6cggleefhp3wbgifpd.mp3','https://res.cloudinary.com/dz2yltymf/image/upload/v1778076426/music/image/spqd09x7ifr1phroeolk.jpg',0,1,'2026-05-06 21:07:10','2026-05-06 21:07:10'),(211,'OK',154,'https://res.cloudinary.com/dz2yltymf/video/upload/v1778076464/music/audio/k2el4bwf0jy5or3rdfap.mp3','https://res.cloudinary.com/dz2yltymf/image/upload/v1778076461/music/image/ztiapvmnuzksmicnxl2k.jpg',0,1,'2026-05-06 21:07:46','2026-05-06 21:07:46'),(212,'Bình Yên',203,'https://res.cloudinary.com/dz2yltymf/video/upload/v1778076624/music/audio/cqkvuf8nnhe5ksk77p5g.mp3','https://res.cloudinary.com/dz2yltymf/image/upload/v1778076622/music/image/ncebp1hkv6dpigkp40l9.jpg',0,1,'2026-05-06 21:10:27','2026-05-06 21:10:27'),(214,'Anh Đánh Rơi Người Yêu Này',218,'https://res.cloudinary.com/dz2yltymf/video/upload/v1778083564/music/audio/ikpvaw7sxqbdhwrrx3hk.mp3','https://res.cloudinary.com/dz2yltymf/image/upload/v1778083501/music/image/trhrckbmmum5cizhuvnj.jpg',0,1,'2026-05-06 23:06:06','2026-05-06 23:06:06'),(215,'Bao Tiền Một Mớ Bình Yên',300,'https://res.cloudinary.com/dz2yltymf/video/upload/v1778083657/music/audio/pmqazb8ec0vhmksaiyl0.mp3','https://res.cloudinary.com/dz2yltymf/image/upload/v1778083571/music/image/ptcopunmirdp7stnabpv.jpg',0,1,'2026-05-06 23:07:39','2026-05-06 23:07:39'),(216,'Bingo',338,'https://res.cloudinary.com/dz2yltymf/video/upload/v1778083751/music/audio/rekwqsf4lvwkvihbr81h.mp3','https://res.cloudinary.com/dz2yltymf/image/upload/v1778083662/music/image/adbr9ofluf8pumucmtox.jpg',0,1,'2026-05-06 23:09:13','2026-05-06 23:09:13'),(217,'Bình minh lên nắng sưởi ấm hiên nhà, Chuyện hôm qua cứ để nó lùi xa',72,'https://res.cloudinary.com/dz2yltymf/video/upload/v1778083771/music/audio/mjntelkijc5xtslpxukb.mp3','https://res.cloudinary.com/dz2yltymf/image/upload/v1778083758/music/image/oqj3v1vshwct02fj9f4z.jpg',0,1,'2026-05-06 23:09:33','2026-05-06 23:09:33'),(218,'Bản Nhạc Cuối (Cho Em)',193,'https://res.cloudinary.com/dz2yltymf/video/upload/v1778083779/music/audio/aocqxj7o0wpkzemhm5mc.mp3','https://res.cloudinary.com/dz2yltymf/image/upload/v1778083775/music/image/ue7hy1kv2rxq16efwfja.jpg',0,1,'2026-05-06 23:09:41','2026-05-06 23:09:41'),(219,'TỪNG LÀ CỦA NHAU',270,'https://res.cloudinary.com/dz2yltymf/video/upload/v1778083786/music/audio/wqedrbpm9rk6rkqv66sq.mp3','https://res.cloudinary.com/dz2yltymf/image/upload/v1778083784/music/image/hksrl9ymeolvigtevysl.jpg',0,1,'2026-05-06 23:09:49','2026-05-06 23:09:49'),(220,'Cô ấy của anh ấy',324,'https://res.cloudinary.com/dz2yltymf/video/upload/v1778083794/music/audio/r2hjheagvvdokzta5n1o.mp3','https://res.cloudinary.com/dz2yltymf/image/upload/v1778083791/music/image/pyekpcbcdobb3ygn489v.jpg',0,1,'2026-05-06 23:09:56','2026-05-06 23:09:56'),(221,'Bầu Trời Mới',290,'https://res.cloudinary.com/dz2yltymf/video/upload/v1778083800/music/audio/y8nw6r7q8kzrzxsn9ajt.mp3','https://res.cloudinary.com/dz2yltymf/image/upload/v1778083798/music/image/cemrhepicdis8yp1tlfz.jpg',0,1,'2026-05-06 23:10:02','2026-05-06 23:10:02'),(222,'Vùng An Toàn',266,'https://res.cloudinary.com/dz2yltymf/video/upload/v1778083806/music/audio/fhbgharjt4xss4efg2ok.mp3','https://res.cloudinary.com/dz2yltymf/image/upload/v1778083804/music/image/wlmtr7qdxmmgz8mosrtu.jpg',0,1,'2026-05-06 23:10:08','2026-05-06 23:10:08'),(223,'MISS',173,'https://res.cloudinary.com/dz2yltymf/video/upload/v1778083814/music/audio/ysdbx6orgpxdsr4xrtnt.mp3','https://res.cloudinary.com/dz2yltymf/image/upload/v1778083811/music/image/mblzou1wzqdlsgxkxnri.jpg',0,1,'2026-05-06 23:10:16','2026-05-06 23:10:16'),(224,'Cảm Ơn Và Xin Lỗi',317,'https://res.cloudinary.com/dz2yltymf/video/upload/v1778083820/music/audio/pnp2d1onxaaytldtml2j.mp3','https://res.cloudinary.com/dz2yltymf/image/upload/v1778083818/music/image/wxn2thdymvpybeb1f1hk.jpg',0,1,'2026-05-06 23:10:22','2026-05-06 23:10:22'),(225,'Tệ Hại & Xấu Xí (Intro)',199,'https://res.cloudinary.com/dz2yltymf/video/upload/v1778083825/music/audio/atjxoqvchu8v4p0grwgc.mp3','https://res.cloudinary.com/dz2yltymf/image/upload/v1778083824/music/image/wjdok0r6f4frjyhlyqut.jpg',0,1,'2026-05-06 23:10:27','2026-05-06 23:10:27'),(226,'Không Lời',218,'https://res.cloudinary.com/dz2yltymf/video/upload/v1778083874/music/audio/frktqahzepsmvo2mlmia.mp3','https://res.cloudinary.com/dz2yltymf/image/upload/v1778083872/music/image/jxtuu23w87ai6ihatcue.jpg',0,1,'2026-05-06 23:11:16','2026-05-06 23:11:16'),(227,'một đời',328,'https://res.cloudinary.com/dz2yltymf/video/upload/v1778083880/music/audio/pquglepwuu4o6fm7dqyd.mp3','https://res.cloudinary.com/dz2yltymf/image/upload/v1778083879/music/image/mfo7gijc2td1ukvsn0z7.jpg',0,1,'2026-05-06 23:11:22','2026-05-06 23:11:22'),(228,'Em Không Hiểu',254,'https://res.cloudinary.com/dz2yltymf/video/upload/v1778083885/music/audio/ep7fvqgbwvnhfmvacxtu.mp3','https://res.cloudinary.com/dz2yltymf/image/upload/v1778083884/music/image/fdc4otnwaduc1qhbrg5w.jpg',0,1,'2026-05-06 23:11:27','2026-05-06 23:11:27'),(229,'CHECK',233,'https://res.cloudinary.com/dz2yltymf/video/upload/v1778083890/music/audio/c9yhnncikgdqnj13jaag.mp3','https://res.cloudinary.com/dz2yltymf/image/upload/v1778083889/music/image/svhci4d5udhuzslaumbw.jpg',0,1,'2026-05-06 23:11:33','2026-05-06 23:11:33'),(230,'Chiều Nay Không Có Mưa Bay',270,'https://res.cloudinary.com/dz2yltymf/video/upload/v1778083896/music/audio/uhc6wlrauxrub0kf3ogt.mp3','https://res.cloudinary.com/dz2yltymf/image/upload/v1778083895/music/image/piux6cvqm8ztjngerpty.jpg',0,1,'2026-05-06 23:11:38','2026-05-06 23:11:38'),(231,'TOKYO DRIFT FREESTYLE',104,'https://res.cloudinary.com/dz2yltymf/video/upload/v1778083901/music/audio/uzpdm9yotv3w9onscmx1.mp3','https://res.cloudinary.com/dz2yltymf/image/upload/v1778083900/music/image/pmfgon1zze5cxo8l2xn6.jpg',0,1,'2026-05-06 23:11:43','2026-05-06 23:11:43'),(232,'CHUYỆN NGƯỜI ANH THƯƠNG',304,'https://res.cloudinary.com/dz2yltymf/video/upload/v1778083906/music/audio/k8c6hvmjcii4acxutn4n.mp3','https://res.cloudinary.com/dz2yltymf/image/upload/v1778083905/music/image/ggytmh7e82loc84rlqvq.jpg',0,1,'2026-05-06 23:11:48','2026-05-06 23:11:48'),(233,'Chìm Sâu',159,'https://res.cloudinary.com/dz2yltymf/video/upload/v1778083912/music/audio/ttecukvtctcnnirwvezg.mp3','https://res.cloudinary.com/dz2yltymf/image/upload/v1778083911/music/image/tjxnrdq8sxagkkve8tye.jpg',0,1,'2026-05-06 23:11:54','2026-05-06 23:11:54'),(234,'Chúng Ta Chỉ Giống Tình Yêu',270,'https://res.cloudinary.com/dz2yltymf/video/upload/v1778083917/music/audio/ngid8evk2lkc5i7dird3.mp3','https://res.cloudinary.com/dz2yltymf/image/upload/v1778083916/music/image/hcjxjdd3d4woeiyrfprd.jpg',0,1,'2026-05-06 23:11:59','2026-05-06 23:11:59'),(235,'Chạm Khẽ Tim Anh Một Chút Thôi',348,'https://res.cloudinary.com/dz2yltymf/video/upload/v1778083922/music/audio/lfcszszd6kxqmmkfkcxg.mp3','https://res.cloudinary.com/dz2yltymf/image/upload/v1778083921/music/image/kwhv6z6329bgfjazloyj.jpg',0,1,'2026-05-06 23:12:04','2026-05-06 23:12:04'),(236,'Chạy Khỏi Thế Giới Này',284,'https://res.cloudinary.com/dz2yltymf/video/upload/v1778083927/music/audio/hz7ilshq04ahn1xkudyu.mp3','https://res.cloudinary.com/dz2yltymf/image/upload/v1778083926/music/image/agr7odhwpe0zhnraejau.jpg',0,1,'2026-05-06 23:12:09','2026-05-06 23:12:09'),(237,'CHẮC ANH KHÔNG',178,'https://res.cloudinary.com/dz2yltymf/video/upload/v1778083932/music/audio/ryf9oxnbkepd9pgtmctl.mp3','https://res.cloudinary.com/dz2yltymf/image/upload/v1778083931/music/image/pvzcilza0yrk58kflhf4.jpg',0,1,'2026-05-06 23:12:14','2026-05-06 23:12:14'),(238,'Chỉ còn mình anh thôi',182,'https://res.cloudinary.com/dz2yltymf/video/upload/v1778083937/music/audio/ypuvf3j4geklsmsfumb6.mp3','https://res.cloudinary.com/dz2yltymf/image/upload/v1778083936/music/image/kvjhqnmffbtw96np1wdu.jpg',0,1,'2026-05-06 23:12:20','2026-05-06 23:12:20'),(239,'CHỈ LÀ VIỄN VONG',282,'https://res.cloudinary.com/dz2yltymf/video/upload/v1778083943/music/audio/zrryaxbihjkrpwzx0igk.mp3','https://res.cloudinary.com/dz2yltymf/image/upload/v1778083942/music/image/oxsmmmyfsoxfpsrwzuyz.jpg',0,1,'2026-05-06 23:12:25','2026-05-06 23:12:25'),(240,'Chờ Ngày Mưa Tan',212,'https://res.cloudinary.com/dz2yltymf/video/upload/v1778083948/music/audio/r0ufgvdsbdax0piohj7l.mp3','https://res.cloudinary.com/dz2yltymf/image/upload/v1778083947/music/image/bhkekkmfvvbnbvyksesf.jpg',0,1,'2026-05-06 23:12:30','2026-05-06 23:12:30'),(241,'SAU CƠN MƯA',154,'https://res.cloudinary.com/dz2yltymf/video/upload/v1778083953/music/audio/il3kmqjgvou5vuqyy0as.mp3','https://res.cloudinary.com/dz2yltymf/image/upload/v1778083952/music/image/qifwzu3ueeksvxro2k6p.jpg',0,1,'2026-05-06 23:12:35','2026-05-06 23:12:35'),(242,'TNT',184,'https://res.cloudinary.com/dz2yltymf/video/upload/v1778083958/music/audio/q3meeyfgwwkl4glmcck6.mp3','https://res.cloudinary.com/dz2yltymf/image/upload/v1778083957/music/image/zkeippmfbykxlajhvyrd.jpg',0,1,'2026-05-06 23:12:40','2026-05-06 23:12:40'),(243,'Không Điều Kiện',188,'https://res.cloudinary.com/dz2yltymf/video/upload/v1778083963/music/audio/xgfdxsact07m7q5nob7p.mp3','https://res.cloudinary.com/dz2yltymf/image/upload/v1778083962/music/image/lxxsfy5nmuhimecyhekz.jpg',0,1,'2026-05-06 23:12:45','2026-05-06 23:12:45'),(244,'CÓ CÒN YÊU NHAU',133,'https://res.cloudinary.com/dz2yltymf/video/upload/v1778083969/music/audio/nzxsbmrsnbnz1kwbspav.mp3','https://res.cloudinary.com/dz2yltymf/image/upload/v1778083968/music/image/i5efl83wanlxyvgvjcgk.jpg',0,1,'2026-05-06 23:12:50','2026-05-06 23:12:50'),(245,'Có Iu Hong Nói Một Lời',232,'https://res.cloudinary.com/dz2yltymf/video/upload/v1778083974/music/audio/mhkt6yucytssvsk6fqt8.mp3','https://res.cloudinary.com/dz2yltymf/image/upload/v1778083973/music/image/nncpfrbnx4m9ba32r9vx.jpg',0,1,'2026-05-06 23:12:56','2026-05-06 23:12:56'),(246,'CÓ LẼ QUÁ KHÓ ĐỂ QUÊN 1 NGƯỜI',289,'https://res.cloudinary.com/dz2yltymf/video/upload/v1778083979/music/audio/yfp8z1igbdsxbtee3nag.mp3','https://res.cloudinary.com/dz2yltymf/image/upload/v1778083978/music/image/bbrnghnlxguwz5jznl3k.jpg',0,1,'2026-05-06 23:13:01','2026-05-06 23:13:01'),(247,'CÓ ĐÂU AI NGỜ',245,'https://res.cloudinary.com/dz2yltymf/video/upload/v1778083984/music/audio/hqqvsr56g4tbbx6icv84.mp3','https://res.cloudinary.com/dz2yltymf/image/upload/v1778083983/music/image/kqiyq4jc27qfabfnhamq.jpg',0,1,'2026-05-06 23:13:06','2026-05-06 23:13:06'),(248,'Cảm Ơn Người Đã Thức Cùng Tôi',294,'https://res.cloudinary.com/dz2yltymf/video/upload/v1778083989/music/audio/lkgksyznmkolkgdit1sb.mp3','https://res.cloudinary.com/dz2yltymf/image/upload/v1778083988/music/image/hoxorjhbbt0rjgpa97ii.jpg',0,1,'2026-05-06 23:13:11','2026-05-06 23:13:11'),(249,'Đậu thần',180,'https://res.cloudinary.com/dz2yltymf/video/upload/v1778083995/music/audio/xyzjnb0alr1ogsjll92i.mp3','https://res.cloudinary.com/dz2yltymf/image/upload/v1778083993/music/image/fjpbvqf76vzreketpxlj.jpg',0,1,'2026-05-06 23:13:16','2026-05-06 23:13:16'),(250,'Cá Và Đại Dương',268,'https://res.cloudinary.com/dz2yltymf/video/upload/v1778083999/music/audio/x3i2zhgpobqb6w9yodxg.mp3','https://res.cloudinary.com/dz2yltymf/image/upload/v1778083998/music/image/m4ksj0mfkedrjf0bkmu2.jpg',0,1,'2026-05-06 23:13:21','2026-05-06 23:13:21'),(251,'Dù Cho Mai Về Sau (Acoustic Version)',214,'https://res.cloudinary.com/dz2yltymf/video/upload/v1778084004/music/audio/e1svxyay3gfhu7efo0pg.mp3','https://res.cloudinary.com/dz2yltymf/image/upload/v1778084003/music/image/bn8eaguiyvnkbvqm6uu3.jpg',0,1,'2026-05-06 23:13:26','2026-05-06 23:13:26'),(252,'Dù Có Ra Sao',248,'https://res.cloudinary.com/dz2yltymf/video/upload/v1778084008/music/audio/qaur5g5oeidp89svlgfr.mp3','https://res.cloudinary.com/dz2yltymf/image/upload/v1778084007/music/image/jm7hlvxi9dl7bwrh7kft.jpg',0,1,'2026-05-06 23:13:30','2026-05-06 23:13:30'),(253,'Dĩ Vãng Nhạt Nhòa',230,'https://res.cloudinary.com/dz2yltymf/video/upload/v1778084013/music/audio/blalxdxcws2zkxh4dwlh.mp3','https://res.cloudinary.com/dz2yltymf/image/upload/v1778084012/music/image/aoxkxa5gktmozfgkrfxl.jpg',0,1,'2026-05-06 23:13:35','2026-05-06 23:13:35'),(254,'Mất Kết Nối',208,'https://res.cloudinary.com/dz2yltymf/video/upload/v1778084019/music/audio/lcyskureqjyshl0i6ecu.mp3','https://res.cloudinary.com/dz2yltymf/image/upload/v1778084017/music/image/xb2obdu3hagnwjha7osx.jpg',0,1,'2026-05-06 23:13:41','2026-05-06 23:13:41'),(255,'Dưới Cơn Mưa',211,'https://res.cloudinary.com/dz2yltymf/video/upload/v1778084024/music/audio/damzpepp4glg7yh4hrsw.mp3','https://res.cloudinary.com/dz2yltymf/image/upload/v1778084023/music/image/enpij89proihldk9tvne.jpg',0,1,'2026-05-06 23:13:47','2026-05-06 23:13:47'),(256,'Dạo Bước HongKong',210,'https://res.cloudinary.com/dz2yltymf/video/upload/v1778084030/music/audio/wacnmcravow4ytw3fpdp.mp3','https://res.cloudinary.com/dz2yltymf/image/upload/v1778084029/music/image/d9nfstovetqk6heqzdg8.jpg',0,1,'2026-05-06 23:13:52','2026-05-06 23:13:52'),(257,'ED20',159,'https://res.cloudinary.com/dz2yltymf/video/upload/v1778084035/music/audio/x2p18sw808qmgyizecna.mp3','https://res.cloudinary.com/dz2yltymf/image/upload/v1778084034/music/image/aeodprfcbfz2tec8grea.jpg',0,1,'2026-05-06 23:13:57','2026-05-06 23:13:57'),(258,'EM LÀ AI TRONG ĐÔI MẮT ANH',184,'https://res.cloudinary.com/dz2yltymf/video/upload/v1778084040/music/audio/hufg3msefhejwopwunsj.mp3','https://res.cloudinary.com/dz2yltymf/image/upload/v1778084039/music/image/iut0qfhtfzmnwgr3b8e3.jpg',0,1,'2026-05-06 23:14:02','2026-05-06 23:14:02'),(259,'EM LÀ COFFEE (New Version)',222,'https://res.cloudinary.com/dz2yltymf/video/upload/v1778084045/music/audio/bum5tuw3shnhfwnugfyf.mp3','https://res.cloudinary.com/dz2yltymf/image/upload/v1778084044/music/image/pxmek8ujmg1lyslngqyq.jpg',0,1,'2026-05-06 23:14:08','2026-05-06 23:14:08'),(260,'EM MUỐN',173,'https://res.cloudinary.com/dz2yltymf/video/upload/v1778084051/music/audio/pw9oys13i6xtjtpyjrt2.mp3','https://res.cloudinary.com/dz2yltymf/image/upload/v1778084050/music/image/gbx8vlarm4g5e8evizok.jpg',0,1,'2026-05-06 23:14:12','2026-05-06 23:14:12'),(261,'Em Như Nào Cũng Được',247,'https://res.cloudinary.com/dz2yltymf/video/upload/v1778084056/music/audio/txzigg9plqgy5ylpacgw.mp3','https://res.cloudinary.com/dz2yltymf/image/upload/v1778084054/music/image/lt2w2wzwkptl4zpxwxob.jpg',0,1,'2026-05-06 23:14:18','2026-05-06 23:14:18'),(262,'EM À EM ƠI',174,'https://res.cloudinary.com/dz2yltymf/video/upload/v1778084060/music/audio/wkygztz5q8ijgrafh07b.mp3','https://res.cloudinary.com/dz2yltymf/image/upload/v1778084059/music/image/l7wo1urubn0jd5acy1ih.jpg',0,1,'2026-05-06 23:14:23','2026-05-06 23:14:23'),(263,'Em Đừng Khóc',249,'https://res.cloudinary.com/dz2yltymf/video/upload/v1778084066/music/audio/yqbtoo9vnoaqmfgmgqlx.mp3','https://res.cloudinary.com/dz2yltymf/image/upload/v1778084064/music/image/lcpyitbedk4ppch6c6y7.jpg',0,1,'2026-05-06 23:14:27','2026-05-06 23:14:27'),(264,'EM ĐỪNG ĐI',192,'https://res.cloudinary.com/dz2yltymf/video/upload/v1778084070/music/audio/zntlxyvoz6qi44zjt494.mp3','https://res.cloudinary.com/dz2yltymf/image/upload/v1778084069/music/image/kocug4phqgubnxo0nfqi.jpg',0,1,'2026-05-06 23:14:33','2026-05-06 23:14:33'),(265,'Dù cho tận thế (vẫn yêu em)',301,'https://res.cloudinary.com/dz2yltymf/video/upload/v1778084076/music/audio/nmouhmya4mvhgagnpt5h.mp3','https://res.cloudinary.com/dz2yltymf/image/upload/v1778084075/music/image/svaliaggi5tiw5cnhi5y.jpg',0,1,'2026-05-06 23:14:37','2026-05-06 23:14:37'),(266,'MÙA ĐÔNG (WINTER)',239,'https://res.cloudinary.com/dz2yltymf/video/upload/v1778084081/music/audio/y3mlnkcukwdaes3ezf13.mp3','https://res.cloudinary.com/dz2yltymf/image/upload/v1778084079/music/image/eflm9bkl3fxstg9ejelg.jpg',0,1,'2026-05-06 23:14:43','2026-05-06 23:14:43'),(267,'LẠC NHAU CÓ PHẢI MUÔN ĐỜI',317,'https://res.cloudinary.com/dz2yltymf/video/upload/v1778084087/music/audio/t2jlqzqmhjatcd3t9ovk.mp3','https://res.cloudinary.com/dz2yltymf/image/upload/v1778084085/music/image/hg9yi2mqzqk8ao1fma4z.jpg',0,1,'2026-05-06 23:14:48','2026-05-06 23:14:48'),(268,'Nuông Chìll',176,'https://res.cloudinary.com/dz2yltymf/video/upload/v1778084092/music/audio/c78vcjb2rvc9ujqzymh6.mp3','https://res.cloudinary.com/dz2yltymf/image/upload/v1778084090/music/image/gztok3xbnivtksvhejvg.jpg',0,1,'2026-05-06 23:14:53','2026-05-06 23:14:53'),(269,'FALL IN LUV',204,'https://res.cloudinary.com/dz2yltymf/video/upload/v1778084097/music/audio/tmsw6ivllu0u3u1epkzw.mp3','https://res.cloudinary.com/dz2yltymf/image/upload/v1778084095/music/image/nncipfpaquctd3dgbcy0.jpg',0,1,'2026-05-06 23:14:59','2026-05-06 23:14:59'),(270,'FIRST LETTER',197,'https://res.cloudinary.com/dz2yltymf/video/upload/v1778084102/music/audio/edguhix3kd59z7dnlhp5.mp3','https://res.cloudinary.com/dz2yltymf/image/upload/v1778084101/music/image/ije6yha10gdtm4sbsa6o.jpg',0,1,'2026-05-06 23:15:04','2026-05-06 23:15:04'),(271,'VẾT THƯƠNG',258,'https://res.cloudinary.com/dz2yltymf/video/upload/v1778084107/music/audio/mdyr6ishdbnymuvji5va.mp3','https://res.cloudinary.com/dz2yltymf/image/upload/v1778084106/music/image/ihf11m6jbikonsmp05si.jpg',0,1,'2026-05-06 23:15:09','2026-05-06 23:15:09'),(272,'CHEMICAL',974,'https://res.cloudinary.com/dz2yltymf/video/upload/v1778084113/music/audio/rlxs81dgfvnubgcikdc0.mp3','https://res.cloudinary.com/dz2yltymf/image/upload/v1778084111/music/image/fq0mtioqkzuvsmegkusu.jpg',0,1,'2026-05-06 23:15:16','2026-05-06 23:15:16'),(273,'muốn nhau',152,'https://res.cloudinary.com/dz2yltymf/video/upload/v1778084119/music/audio/f8ekvw9jskmdiw03i5m9.mp3','https://res.cloudinary.com/dz2yltymf/image/upload/v1778084118/music/image/vc2stzimvulwdmwav3kb.jpg',0,1,'2026-05-06 23:15:21','2026-05-06 23:15:21'),(274,'Giấc Mơ Của Em',191,'https://res.cloudinary.com/dz2yltymf/video/upload/v1778084124/music/audio/ngaxhnw2rzkzknelcd5e.mp3','https://res.cloudinary.com/dz2yltymf/image/upload/v1778084123/music/image/swpy9wzqk33dl1malmzp.jpg',0,1,'2026-05-06 23:15:26','2026-05-06 23:15:26'),(275,'GIẤC MƠ KHÁC',225,'https://res.cloudinary.com/dz2yltymf/video/upload/v1778084129/music/audio/lsoeevxfm3vkpv6xxu1i.mp3','https://res.cloudinary.com/dz2yltymf/image/upload/v1778084128/music/image/hgnhqqhmzr2oo1ovakvy.jpg',0,1,'2026-05-06 23:15:31','2026-05-06 23:15:31'),(276,'Giống Như Em',220,'https://res.cloudinary.com/dz2yltymf/video/upload/v1778084134/music/audio/x6ud4xuhg8u7uulti4rv.mp3','https://res.cloudinary.com/dz2yltymf/image/upload/v1778084133/music/image/olq5dpb6kdmrwlpktwcs.jpg',0,1,'2026-05-06 23:15:36','2026-05-06 23:15:36'),(277,'Giờ Em Đã Biết',204,'https://res.cloudinary.com/dz2yltymf/video/upload/v1778084139/music/audio/rxfzle6owkkkguqpd1gi.mp3','https://res.cloudinary.com/dz2yltymf/image/upload/v1778084138/music/image/kizq6xmzr6ml5igmywbl.jpg',0,1,'2026-05-06 23:15:41','2026-05-06 23:15:41'),(278,'Giờ Thì',238,'https://res.cloudinary.com/dz2yltymf/video/upload/v1778084144/music/audio/yqpgspamokncrxwruihj.mp3','https://res.cloudinary.com/dz2yltymf/image/upload/v1778084143/music/image/uf8uu6iusxbgnxa4dlxp.jpg',0,1,'2026-05-06 23:15:46','2026-05-06 23:15:46'),(279,'Giữa Đại Lộ Đông Tây',227,'https://res.cloudinary.com/dz2yltymf/video/upload/v1778084149/music/audio/s3ecsry97ips9fkdemup.mp3','https://res.cloudinary.com/dz2yltymf/image/upload/v1778084148/music/image/o3cfo8gei20q0lgmdzd9.jpg',0,1,'2026-05-06 23:15:51','2026-05-06 23:15:51'),(280,'Cho Dù',239,'https://res.cloudinary.com/dz2yltymf/video/upload/v1778084155/music/audio/lybaolafugvithsg9lno.mp3','https://res.cloudinary.com/dz2yltymf/image/upload/v1778084154/music/image/zdb3rejovdkw6wjymiqe.jpg',0,1,'2026-05-06 23:15:56','2026-05-06 23:15:56'),(281,'PHAI TÀN',162,'https://res.cloudinary.com/dz2yltymf/video/upload/v1778084160/music/audio/lq1xkl82glhnejd91x3t.mp3','https://res.cloudinary.com/dz2yltymf/image/upload/v1778084158/music/image/dhqqslnzditcbg1gfw5g.jpg',0,1,'2026-05-06 23:16:01','2026-05-06 23:16:01'),(282,'Gác lại âu lo',307,'https://res.cloudinary.com/dz2yltymf/video/upload/v1778084165/music/audio/tq2lagprazfuowxsyhbo.mp3','https://res.cloudinary.com/dz2yltymf/image/upload/v1778084163/music/image/zkl7rldvrae1bv3gt13p.jpg',0,1,'2026-05-06 23:16:07','2026-05-06 23:16:07'),(283,'Exit Sign',202,'https://res.cloudinary.com/dz2yltymf/video/upload/v1778084170/music/audio/izka32fikyt7fokre4je.mp3','https://res.cloudinary.com/dz2yltymf/image/upload/v1778084169/music/image/zhkwzlbrscmac6efvbsh.jpg',0,1,'2026-05-06 23:16:12','2026-05-06 23:16:12'),(284,'NOLOVENOLIFE',172,'https://res.cloudinary.com/dz2yltymf/video/upload/v1778084175/music/audio/p9ggoput0b6hdmhg77b4.mp3','https://res.cloudinary.com/dz2yltymf/image/upload/v1778084174/music/image/mnbzjkzwzapletyuyywv.jpg',0,1,'2026-05-06 23:16:17','2026-05-06 23:16:17'),(285,'KHÔNG BUÔNG',204,'https://res.cloudinary.com/dz2yltymf/video/upload/v1778084179/music/audio/n5sdbk16riqkhbfdwisy.mp3','https://res.cloudinary.com/dz2yltymf/image/upload/v1778084179/music/image/t7stekzmyfjhslegczoj.jpg',0,1,'2026-05-06 23:16:21','2026-05-06 23:16:21'),(286,'GIỮ ANH CHO NGÀY HÔM QUA',344,'https://res.cloudinary.com/dz2yltymf/video/upload/v1778084184/music/audio/jovxfvqh55dggqhpmpsq.mp3','https://res.cloudinary.com/dz2yltymf/image/upload/v1778084183/music/image/r4ycvjcj3bcycagbpcig.jpg',0,1,'2026-05-06 23:16:28','2026-05-06 23:16:28'),(287,'PHONECERT',206,'https://res.cloudinary.com/dz2yltymf/video/upload/v1778084191/music/audio/wym1gt2qv3xmgny6vn1x.mp3','https://res.cloudinary.com/dz2yltymf/image/upload/v1778084190/music/image/e1jj967qdz5k1b49joct.jpg',0,1,'2026-05-06 23:16:33','2026-05-06 23:16:33'),(288,'ĐOẠN KẾT MỚI',295,'https://res.cloudinary.com/dz2yltymf/video/upload/v1778084196/music/audio/n3vihvpiqh12oczsffxk.mp3','https://res.cloudinary.com/dz2yltymf/image/upload/v1778084195/music/image/hb3xwzmpx1lruj9th6ri.jpg',0,1,'2026-05-06 23:16:38','2026-05-06 23:16:38'),(289,'Dành Cho Em',260,'https://res.cloudinary.com/dz2yltymf/video/upload/v1778084201/music/audio/tcxyrhbrloyjcceqafft.mp3','https://res.cloudinary.com/dz2yltymf/image/upload/v1778084200/music/image/bvux52hvspkfochxqlmj.jpg',0,1,'2026-05-06 23:16:43','2026-05-06 23:16:43'),(290,'Hẹn Gặp Em Dưới Ánh Trăng',232,'https://res.cloudinary.com/dz2yltymf/video/upload/v1778084206/music/audio/c2jx3qurzlogitkaxln9.mp3','https://res.cloudinary.com/dz2yltymf/image/upload/v1778084205/music/image/kjfl8sh8e5ofgjasxpco.jpg',0,1,'2026-05-06 23:16:49','2026-05-06 23:16:49'),(291,'Hẹn Lần Sau',277,'https://res.cloudinary.com/dz2yltymf/video/upload/v1778084212/music/audio/speqayrbdfowqhrrs1oc.mp3','https://res.cloudinary.com/dz2yltymf/image/upload/v1778084211/music/image/miku7th9emfm3bpforbq.jpg',0,1,'2026-05-06 23:16:54','2026-05-06 23:16:54'),(292,'nhưng mà em, anh',200,'https://res.cloudinary.com/dz2yltymf/video/upload/v1778084217/music/audio/iofxegwikaz2kjgrpkxd.mp3','https://res.cloudinary.com/dz2yltymf/image/upload/v1778084216/music/image/tcrap42zkwbtes1bpqjb.jpg',0,1,'2026-05-06 23:16:59','2026-05-06 23:16:59'),(293,'I’m Fine Without You Here',193,'https://res.cloudinary.com/dz2yltymf/video/upload/v1778084222/music/audio/dthqn2y7keekuxflmcew.mp3','https://res.cloudinary.com/dz2yltymf/image/upload/v1778084221/music/image/nkphxtpoy0g4hsjrhnn0.jpg',0,1,'2026-05-06 23:17:04','2026-05-06 23:17:04'),(294,'Câu Trả Lời \"thuê bao quý khách\"',207,'https://res.cloudinary.com/dz2yltymf/video/upload/v1778084227/music/audio/bozczpbbhnm3oftlhkap.mp3','https://res.cloudinary.com/dz2yltymf/image/upload/v1778084226/music/image/ygcnm5k2caqbvgamitys.jpg',0,1,'2026-05-06 23:17:09','2026-05-06 23:17:09'),(295,'CHIỀU HÔM ẤY',317,'https://res.cloudinary.com/dz2yltymf/video/upload/v1778084232/music/audio/pr3azcyzybvkxlvtk6in.mp3','https://res.cloudinary.com/dz2yltymf/image/upload/v1778084231/music/image/gbrukmybds858e5dc8h6.jpg',0,1,'2026-05-06 23:17:14','2026-05-06 23:17:14'),(296,'PHẢI CHĂNG EM ĐÃ YÊU',215,'https://res.cloudinary.com/dz2yltymf/video/upload/v1778084237/music/audio/jencvcqfnjpucwogwyul.mp3','https://res.cloudinary.com/dz2yltymf/image/upload/v1778084236/music/image/svqg9xogkodfamzwjite.jpg',0,1,'2026-05-06 23:17:19','2026-05-06 23:17:19'),(297,'Bâng Khuâng',313,'https://res.cloudinary.com/dz2yltymf/video/upload/v1778084242/music/audio/ntpywzjxncvzjw7fl6b1.mp3','https://res.cloudinary.com/dz2yltymf/image/upload/v1778084241/music/image/zbjqoh0byhnjvkw3i6bg.jpg',0,1,'2026-05-06 23:17:24','2026-05-06 23:17:24'),(298,'SỢ RẰNG EM BIẾT ANH CÒN YÊU EM (Afraid You Know I\'m Still In Love)',321,'https://res.cloudinary.com/dz2yltymf/video/upload/v1778084247/music/audio/yjvn9izbxjc9rx5c6mdj.mp3','https://res.cloudinary.com/dz2yltymf/image/upload/v1778084246/music/image/iojhezq2bnlqcxynhjj7.jpg',0,1,'2026-05-06 23:17:29','2026-05-06 23:17:29'),(299,'ĐIỀU BUỒN NHẤT',318,'https://res.cloudinary.com/dz2yltymf/video/upload/v1778084253/music/audio/eoeourzxo2n7nh4yjke2.mp3','https://res.cloudinary.com/dz2yltymf/image/upload/v1778084251/music/image/knwuwdamf7oldyznrkcr.jpg',0,1,'2026-05-06 23:17:35','2026-05-06 23:17:35'),(301,'Nếu Anh Không Phiền',181,'https://res.cloudinary.com/dz2yltymf/video/upload/v1778084263/music/audio/q6zppqi9xxcr87uivz4q.mp3','https://res.cloudinary.com/dz2yltymf/image/upload/v1778084262/music/image/ykaa9aumd4vksudk4li5.jpg',0,1,'2026-05-06 23:17:44','2026-05-06 23:17:44'),(302,'KHI ANH CÓ EM',269,'https://res.cloudinary.com/dz2yltymf/video/upload/v1778084268/music/audio/y8vxidpqbmhvdvxqfb8o.mp3','https://res.cloudinary.com/dz2yltymf/image/upload/v1778084267/music/image/jpxqaxeal7gu5ff51md0.jpg',0,1,'2026-05-06 23:17:50','2026-05-06 23:17:50'),(303,'Anh Cũng Muốn Là Đứa Trẻ',263,'https://res.cloudinary.com/dz2yltymf/video/upload/v1778084273/music/audio/nyena3q5p6xnuapcy73g.mp3','https://res.cloudinary.com/dz2yltymf/image/upload/v1778084272/music/image/xxtt9knigawt1pa3amwz.jpg',0,1,'2026-05-06 23:17:55','2026-05-06 23:17:55'),(304,'Lỡ Một Mai Tôi Quên Tên Người',167,'https://res.cloudinary.com/dz2yltymf/video/upload/v1778084277/music/audio/lyvgpv5iqihzhcsc8vah.mp3','https://res.cloudinary.com/dz2yltymf/image/upload/v1778084277/music/image/r2minqeuhazai7mr2wwa.jpg',0,1,'2026-05-06 23:17:59','2026-05-06 23:17:59'),(305,'Đừng Yêu Ai Đó Quá Nhiều',134,'https://res.cloudinary.com/dz2yltymf/video/upload/v1778084282/music/audio/p0rmeat8d0gp9sgwue2p.mp3','https://res.cloudinary.com/dz2yltymf/image/upload/v1778084281/music/image/hc6ledxq4xff6icg65rn.jpg',0,1,'2026-05-06 23:18:05','2026-05-06 23:18:05'),(306,'Không chờ đợi nữa (Sleepless ver.)',251,'https://res.cloudinary.com/dz2yltymf/video/upload/v1778084289/music/audio/nufuu5gu77iohg03fmee.mp3','https://res.cloudinary.com/dz2yltymf/image/upload/v1778084287/music/image/adztpuxzvek2sebrzznc.jpg',0,1,'2026-05-06 23:18:12','2026-05-06 23:18:12'),(307,'Không Cần',224,'https://res.cloudinary.com/dz2yltymf/video/upload/v1778084296/music/audio/riuol6fohdrdsiawsfst.mp3','https://res.cloudinary.com/dz2yltymf/image/upload/v1778084295/music/image/ysznei87mq5qou4x04iq.jpg',0,1,'2026-05-06 23:18:17','2026-05-06 23:18:17'),(308,'KHÔNG DÁM NÓI',296,'https://res.cloudinary.com/dz2yltymf/video/upload/v1778084300/music/audio/vjnxtqvpgjaatxs5yo4q.mp3','https://res.cloudinary.com/dz2yltymf/image/upload/v1778084299/music/image/sd2fxotkylhipiz3o0g6.jpg',0,1,'2026-05-06 23:18:22','2026-05-06 23:18:22'),(309,'KHÔNG ĐAU NỮA RỒI',291,'https://res.cloudinary.com/dz2yltymf/video/upload/v1778084305/music/audio/wmhozc7lthpsa60w4t3c.mp3','https://res.cloudinary.com/dz2yltymf/image/upload/v1778084304/music/image/dvxzrww1nxd7lheutkm5.jpg',0,1,'2026-05-06 23:18:27','2026-05-06 23:18:27'),(310,'Em Không Được Phép Buồn Rầu',190,'https://res.cloudinary.com/dz2yltymf/video/upload/v1778084313/music/audio/yzd7o25lsmtxsee1qice.mp3','https://res.cloudinary.com/dz2yltymf/image/upload/v1778084309/music/image/tha9jxpdbtat8enlpoxn.jpg',0,1,'2026-05-06 23:18:35','2026-05-06 23:18:35'),(311,'Mình anh thôi',265,'https://res.cloudinary.com/dz2yltymf/video/upload/v1778084319/music/audio/xlhwwmasf3hqci4aczcq.mp3','https://res.cloudinary.com/dz2yltymf/image/upload/v1778084317/music/image/yur4mdnuvi5bikbdibp7.jpg',0,1,'2026-05-06 23:18:40','2026-05-06 23:18:40'),(312,'LANG THANG TRÊN MÁI NHÀ',147,'https://res.cloudinary.com/dz2yltymf/video/upload/v1778084324/music/audio/oxpsm7v09gpcgdmovxaj.mp3','https://res.cloudinary.com/dz2yltymf/image/upload/v1778084322/music/image/beycekatbjn5sd1vxt91.jpg',0,1,'2026-05-06 23:18:45','2026-05-06 23:18:45'),(313,'YÊU LÀ KHI',254,'https://res.cloudinary.com/dz2yltymf/video/upload/v1778084328/music/audio/bsirydmfjbmnvt15wuje.mp3','https://res.cloudinary.com/dz2yltymf/image/upload/v1778084327/music/image/f4noqgmuvgsyyueemnrn.jpg',0,1,'2026-05-06 23:18:50','2026-05-06 23:18:50'),(314,'Lúc em nhớ anh',186,'https://res.cloudinary.com/dz2yltymf/video/upload/v1778084333/music/audio/tkqtw1feggtlji8vtfpg.mp3','https://res.cloudinary.com/dz2yltymf/image/upload/v1778084332/music/image/qm16ak01fc8cvmxwgpup.jpg',0,1,'2026-05-06 23:18:55','2026-05-06 23:18:55'),(315,'ONLY ME',220,'https://res.cloudinary.com/dz2yltymf/video/upload/v1778084338/music/audio/ss1qgexcxjobbneld5td.mp3','https://res.cloudinary.com/dz2yltymf/image/upload/v1778084337/music/image/gfjzjyai1k1qd9means0.jpg',0,1,'2026-05-06 23:19:01','2026-05-06 23:19:01'),(316,'TỪ EM MÀ RA',228,'https://res.cloudinary.com/dz2yltymf/video/upload/v1778084344/music/audio/bxy5qe4tv3nnc6lh5xcv.mp3','https://res.cloudinary.com/dz2yltymf/image/upload/v1778084343/music/image/uzogye6nppwzpvae6ndf.jpg',0,1,'2026-05-06 23:19:06','2026-05-06 23:19:06'),(317,'TÌNH MÌNH LẠ KÌ',274,'https://res.cloudinary.com/dz2yltymf/video/upload/v1778084349/music/audio/zjilp4wzqjvmytch1wvy.mp3','https://res.cloudinary.com/dz2yltymf/image/upload/v1778084348/music/image/zbed8crmcxo1ovshazob.jpg',0,1,'2026-05-06 23:19:12','2026-05-06 23:19:12'),(318,'cho riêng em',179,'https://res.cloudinary.com/dz2yltymf/video/upload/v1778084355/music/audio/vp5lssljclrzebuzbdoz.mp3','https://res.cloudinary.com/dz2yltymf/image/upload/v1778084354/music/image/hwifo8r17yvhrk2rpcyh.jpg',0,1,'2026-05-06 23:19:17','2026-05-06 23:19:17'),(319,'Lonely Star',342,'https://res.cloudinary.com/dz2yltymf/video/upload/v1778084360/music/audio/zprm11nprxtp6vi1l3ll.mp3','https://res.cloudinary.com/dz2yltymf/image/upload/v1778084359/music/image/jsfqgvurvggileolfolv.jpg',0,1,'2026-05-06 23:19:23','2026-05-06 23:19:23'),(320,'NGÀY ĐẸP TRỜI ĐỂ NÓI CHIA TAY',231,'https://res.cloudinary.com/dz2yltymf/video/upload/v1778084366/music/audio/lhiozmudvg8gnltpgncb.mp3','https://res.cloudinary.com/dz2yltymf/image/upload/v1778084365/music/image/kxpw5jiwggitetfa2ooo.jpg',0,1,'2026-05-06 23:19:28','2026-05-06 23:19:28'),(321,'LOVE YOU NEED YOU',150,'https://res.cloudinary.com/dz2yltymf/video/upload/v1778084371/music/audio/b2x5xppanqjmcxslxho1.mp3','https://res.cloudinary.com/dz2yltymf/image/upload/v1778084370/music/image/gfjy0yw4uj1mcred2vdy.jpg',0,1,'2026-05-06 23:19:33','2026-05-06 23:19:33'),(322,'Luna',121,'https://res.cloudinary.com/dz2yltymf/video/upload/v1778084376/music/audio/vfeacsfivutnxv9wzv9f.mp3','https://res.cloudinary.com/dz2yltymf/image/upload/v1778084375/music/image/cf4tyhigrtkn81fudzn5.jpg',0,1,'2026-05-06 23:19:38','2026-05-06 23:19:38'),(323,'LUVYOU',128,'https://res.cloudinary.com/dz2yltymf/video/upload/v1778084381/music/audio/joixwwelrqk0p5gutyw2.mp3','https://res.cloudinary.com/dz2yltymf/image/upload/v1778084380/music/image/ivh9vwydehcc92nusxtd.jpg',0,1,'2026-05-06 23:19:43','2026-05-06 23:19:43'),(324,'Đó chỉ là thành phố của anh',114,'https://res.cloudinary.com/dz2yltymf/video/upload/v1778084386/music/audio/vktuflulpwaybmiuwzjn.mp3','https://res.cloudinary.com/dz2yltymf/image/upload/v1778084385/music/image/ryxjtadx7hswaptwip5b.jpg',0,1,'2026-05-06 23:19:48','2026-05-06 23:19:48'),(325,'Là Vì Ai',243,'https://res.cloudinary.com/dz2yltymf/video/upload/v1778084391/music/audio/ze7abl0deufpzqunrlvz.mp3','https://res.cloudinary.com/dz2yltymf/image/upload/v1778084390/music/image/jrk5o63paskzd3pvrtvq.jpg',0,1,'2026-05-06 23:19:53','2026-05-06 23:19:53'),(326,'LÀM SAO ANH BIẾT ĐƯỢC',217,'https://res.cloudinary.com/dz2yltymf/video/upload/v1778084396/music/audio/sph4kbtshjnc9dvqovst.mp3','https://res.cloudinary.com/dz2yltymf/image/upload/v1778084394/music/image/gkahcpysgq8rmrdilrla.jpg',0,1,'2026-05-06 23:20:01','2026-05-06 23:20:01'),(327,'Chillies',235,'https://res.cloudinary.com/dz2yltymf/video/upload/v1778084403/music/audio/iefmopvf2dcqcvs8xp43.mp3','https://res.cloudinary.com/dz2yltymf/image/upload/v1778084403/music/image/fsxtlywpr0xmfwziq8y0.jpg',0,1,'2026-05-06 23:20:06','2026-05-06 23:20:06'),(328,'LÂU KHÔNG CƯỜI',331,'https://res.cloudinary.com/dz2yltymf/video/upload/v1778084409/music/audio/abtxy91jnvd0sxscnffy.mp3','https://res.cloudinary.com/dz2yltymf/image/upload/v1778084408/music/image/tbzspyyneyyvobkrfksv.jpg',0,1,'2026-05-06 23:20:11','2026-05-06 23:20:11'),(329,'LỄ ĐƯỜNG',251,'https://res.cloudinary.com/dz2yltymf/video/upload/v1778084414/music/audio/sbfe4cnesfgy0ioirmii.mp3','https://res.cloudinary.com/dz2yltymf/image/upload/v1778084413/music/image/o3ze83oyhnfnfhlnfhh9.jpg',0,1,'2026-05-06 23:20:16','2026-05-06 23:20:16'),(330,'LỜI NÓI DỐI CHÂN THẬT',269,'https://res.cloudinary.com/dz2yltymf/video/upload/v1778084419/music/audio/hothwoka3pdji2c3bimt.mp3','https://res.cloudinary.com/dz2yltymf/image/upload/v1778084418/music/image/q79f43ofsbhw2svetufw.jpg',0,1,'2026-05-06 23:20:21','2026-05-06 23:20:21'),(332,'Có em',225,'https://res.cloudinary.com/dz2yltymf/video/upload/v1778084429/music/audio/ofrvqygttoh2qenw4gas.mp3','https://res.cloudinary.com/dz2yltymf/image/upload/v1778084428/music/image/aoegu5p5fbacygc6kosg.jpg',0,1,'2026-05-06 23:20:31','2026-05-06 23:20:31'),(333,'Không Còn Em',319,'https://res.cloudinary.com/dz2yltymf/video/upload/v1778084434/music/audio/tz9myedgl22y6ctuieig.mp3','https://res.cloudinary.com/dz2yltymf/image/upload/v1778084433/music/image/jgnsjame0o6hom1mlzqp.jpg',0,1,'2026-05-06 23:20:36','2026-05-06 23:20:36'),(334,'dấu chân',199,'https://res.cloudinary.com/dz2yltymf/video/upload/v1778084439/music/audio/ckpfd322hr49gvkbm6ec.mp3','https://res.cloudinary.com/dz2yltymf/image/upload/v1778084438/music/image/jit7irzcfvrbwxpqovhd.jpg',0,1,'2026-05-06 23:20:41','2026-05-06 23:20:41'),(335,'MARIO',170,'https://res.cloudinary.com/dz2yltymf/video/upload/v1778084444/music/audio/nswfpvr2getihbtcbx6p.mp3','https://res.cloudinary.com/dz2yltymf/image/upload/v1778084443/music/image/vjbhkclkp3ffy8hhuf0j.jpg',0,1,'2026-05-06 23:20:45','2026-05-06 23:20:45'),(336,'Mascara',300,'https://res.cloudinary.com/dz2yltymf/video/upload/v1778084448/music/audio/tasfezgjnxq8gh5qqye3.mp3','https://res.cloudinary.com/dz2yltymf/image/upload/v1778084447/music/image/hs87fzzpm1biilaihqhi.jpg',0,1,'2026-05-06 23:20:51','2026-05-06 23:20:51'),(337,'MHERE',177,'https://res.cloudinary.com/dz2yltymf/video/upload/v1778084453/music/audio/fu5qaymld0sql3ml0b9i.mp3','https://res.cloudinary.com/dz2yltymf/image/upload/v1778084453/music/image/uvxvy9hplihfnqxdwamd.jpg',0,1,'2026-05-06 23:20:55','2026-05-06 23:20:55'),(338,'Có Em Chờ',244,'https://res.cloudinary.com/dz2yltymf/video/upload/v1778084458/music/audio/iqgios7uddlsqtyryukc.mp3','https://res.cloudinary.com/dz2yltymf/image/upload/v1778084457/music/image/vznbqcj64pfq6keqfxiy.jpg',0,1,'2026-05-06 23:21:00','2026-05-06 23:21:00'),(339,'Ngày Rời Chuyến Bay',275,'https://res.cloudinary.com/dz2yltymf/video/upload/v1778084463/music/audio/v1v6f4uesf8j71zea8xv.mp3','https://res.cloudinary.com/dz2yltymf/image/upload/v1778084462/music/image/hcsjopyadqt4x7e0tt9u.jpg',0,1,'2026-05-06 23:21:05','2026-05-06 23:21:05'),(340,'NHỮNG GIAI ĐIỆU KHÁC 3',264,'https://res.cloudinary.com/dz2yltymf/video/upload/v1778084468/music/audio/om57vzhriwjgukkdmemw.mp3','https://res.cloudinary.com/dz2yltymf/image/upload/v1778084467/music/image/o5g97b1gkii7gnb6vptt.jpg',0,1,'2026-05-06 23:21:10','2026-05-06 23:21:10'),(341,'Chăm Hoa',260,'https://res.cloudinary.com/dz2yltymf/video/upload/v1778084474/music/audio/aerydmaqvhndztnt1pei.mp3','https://res.cloudinary.com/dz2yltymf/image/upload/v1778084472/music/image/yppob3amwwmkixuhrdif.jpg',0,1,'2026-05-06 23:21:15','2026-05-06 23:21:15'),(342,'Trà Sữa',226,'https://res.cloudinary.com/dz2yltymf/video/upload/v1778084478/music/audio/fxdt8ttbdnjd4wtx1qxk.mp3','https://res.cloudinary.com/dz2yltymf/image/upload/v1778084477/music/image/d5lbketcdl1wxcxdoqms.jpg',0,1,'2026-05-06 23:21:21','2026-05-06 23:21:21'),(343,'Mãi Chẳng Thuộc Về Nhau',378,'https://res.cloudinary.com/dz2yltymf/video/upload/v1778084485/music/audio/ek4yo9uuzf7rxrprjzr3.mp3','https://res.cloudinary.com/dz2yltymf/image/upload/v1778084483/music/image/sq8i8hnzwwmarmlrwmcb.jpg',0,1,'2026-05-06 23:21:27','2026-05-06 23:21:27'),(344,'Mãi Mãi Không Phải Anh',356,'https://res.cloudinary.com/dz2yltymf/video/upload/v1778084489/music/audio/o8qlmvs2wymthiny1gmp.mp3','https://res.cloudinary.com/dz2yltymf/image/upload/v1778084488/music/image/uqzjg0jafzuxgl986vic.jpg',0,1,'2026-05-06 23:21:32','2026-05-06 23:21:32'),(345,'Mùa Đông Ấy',181,'https://res.cloudinary.com/dz2yltymf/video/upload/v1778084495/music/audio/kefz0sjc8s6cqkz8z7ks.mp3','https://res.cloudinary.com/dz2yltymf/image/upload/v1778084494/music/image/m2x5sth6ggxxmvazbwyv.jpg',0,1,'2026-05-06 23:21:36','2026-05-06 23:21:36'),(346,'MẶT MỘC',220,'https://res.cloudinary.com/dz2yltymf/video/upload/v1778084499/music/audio/c7yagntjrt0dl2lkpsmi.mp3','https://res.cloudinary.com/dz2yltymf/image/upload/v1778084498/music/image/fljo8sgeystbj8dutmbt.jpg',0,1,'2026-05-06 23:21:41','2026-05-06 23:21:41'),(347,'MỌI CHUYỆN RỒI CŨNG SẼ QUA',149,'https://res.cloudinary.com/dz2yltymf/video/upload/v1778084504/music/audio/fxcumxiiudjx64m5niik.mp3','https://res.cloudinary.com/dz2yltymf/image/upload/v1778084503/music/image/t0maonmypxepfevvd8tu.jpg',0,1,'2026-05-06 23:21:46','2026-05-06 23:21:46'),(348,'Một Cái Tên',242,'https://res.cloudinary.com/dz2yltymf/video/upload/v1778084508/music/audio/swhh6rh2flmq0enuwtqf.mp3','https://res.cloudinary.com/dz2yltymf/image/upload/v1778084507/music/image/pyudmmz2i8mrcwedouem.jpg',0,1,'2026-05-06 23:21:50','2026-05-06 23:21:50'),(349,'Một Lời Đồn',254,'https://res.cloudinary.com/dz2yltymf/video/upload/v1778084513/music/audio/mz53jihygsr9cqhqguju.mp3','https://res.cloudinary.com/dz2yltymf/image/upload/v1778084512/music/image/lsfr7iihwxpddfa1zlbb.jpg',0,1,'2026-05-06 23:21:55','2026-05-06 23:21:55'),(350,'MỘT NGÀY BUỒN',206,'https://res.cloudinary.com/dz2yltymf/video/upload/v1778084518/music/audio/aado13yebxx4okd7yx6p.mp3','https://res.cloudinary.com/dz2yltymf/image/upload/v1778084517/music/image/lcecqtwjochnlhnrdsvr.jpg',0,1,'2026-05-06 23:22:00','2026-05-06 23:22:00'),(351,'MỦN GỖ',327,'https://res.cloudinary.com/dz2yltymf/video/upload/v1778084524/music/audio/alkoefqhbw7m33vrdfxj.mp3','https://res.cloudinary.com/dz2yltymf/image/upload/v1778084522/music/image/hcme9i9cmpk8sftnly66.jpg',0,1,'2026-05-06 23:22:06','2026-05-06 23:22:06'),(352,'Nang co mang em ve',312,'https://res.cloudinary.com/dz2yltymf/video/upload/v1778084530/music/audio/fvekv7c2uhgfasn7jlnu.mp3','https://res.cloudinary.com/dz2yltymf/image/upload/v1778084528/music/image/wos9vwixvqfwws7woi8z.jpg',0,1,'2026-05-06 23:22:12','2026-05-06 23:22:12'),(353,'CHILLINGO',210,'https://res.cloudinary.com/dz2yltymf/video/upload/v1778084535/music/audio/a4pe7laww30qetzw5bym.mp3','https://res.cloudinary.com/dz2yltymf/image/upload/v1778084534/music/image/qalxy24m8us0kymiusfj.jpg',0,1,'2026-05-06 23:22:17','2026-05-06 23:22:17'),(354,'NGÀN NĂM ÁNH SÁNG',215,'https://res.cloudinary.com/dz2yltymf/video/upload/v1778084541/music/audio/ydvqzheitypfbnycdxcu.mp3','https://res.cloudinary.com/dz2yltymf/image/upload/v1778084540/music/image/oxwgbnbjxskvewlgiu4k.jpg',0,1,'2026-05-06 23:22:23','2026-05-06 23:22:23'),(355,'NGÀY NÀY, NGƯỜI CON GÁI NÀY',260,'https://res.cloudinary.com/dz2yltymf/video/upload/v1778084546/music/audio/g6pnmuu32yw3x2q2qmdq.mp3','https://res.cloudinary.com/dz2yltymf/image/upload/v1778084545/music/image/k1gamz2ae3uzirmfeczr.jpg',0,1,'2026-05-06 23:22:28','2026-05-06 23:22:28'),(356,'Ngày Tháng Sau Này',227,'https://res.cloudinary.com/dz2yltymf/video/upload/v1778084551/music/audio/xfwj1f8givnqdxwayzbx.mp3','https://res.cloudinary.com/dz2yltymf/image/upload/v1778084550/music/image/hp4neenoxeged1zugunm.jpg',0,1,'2026-05-06 23:22:33','2026-05-06 23:22:33'),(357,'Ngày Đầu Sau Chia Tay',241,'https://res.cloudinary.com/dz2yltymf/video/upload/v1778084559/music/audio/mt2f6td4vxykleldbtpa.mp3','https://res.cloudinary.com/dz2yltymf/image/upload/v1778084556/music/image/ngpxmdjvmrx8ek8rldan.jpg',0,1,'2026-05-06 23:22:40','2026-05-06 23:22:40'),(358,'NGÂY NGÔ',239,'https://res.cloudinary.com/dz2yltymf/video/upload/v1778084563/music/audio/zqjf6ndto1msizitk7rl.mp3','https://res.cloudinary.com/dz2yltymf/image/upload/v1778084562/music/image/gwfll0ogxswbl3rs2qoi.jpg',0,1,'2026-05-06 23:22:45','2026-05-06 23:22:45'),(359,'Nàng Thơ',305,'https://res.cloudinary.com/dz2yltymf/video/upload/v1778084568/music/audio/zycjx35nc4gvekohq6pm.mp3','https://res.cloudinary.com/dz2yltymf/image/upload/v1778084567/music/image/m93hddkzqtysnewpxptr.jpg',0,1,'2026-05-06 23:22:50','2026-05-06 23:22:50'),(360,'tình đắng như ly cà phê',215,'https://res.cloudinary.com/dz2yltymf/video/upload/v1778084573/music/audio/qds24j8dztmvrmevm4di.mp3','https://res.cloudinary.com/dz2yltymf/image/upload/v1778084572/music/image/kg9msfejd6tgythwfm8h.jpg',0,1,'2026-05-06 23:22:55','2026-05-06 23:22:55'),(361,'NẮNG ĐÃ LÀM MÁ EM THÊM HỒNG',304,'https://res.cloudinary.com/dz2yltymf/video/upload/v1778084578/music/audio/nqxmdgb1zxaoe9xjxbti.mp3','https://res.cloudinary.com/dz2yltymf/image/upload/v1778084577/music/image/ldzr3b2fnficff3wmakz.jpg',0,1,'2026-05-06 23:22:59','2026-05-06 23:22:59'),(362,'Nắng Ấm Xa Dần',192,'https://res.cloudinary.com/dz2yltymf/video/upload/v1778084582/music/audio/zudrnfffbcbshpqwpum1.mp3','https://res.cloudinary.com/dz2yltymf/image/upload/v1778084581/music/image/kjoiyjqohglat9bze2lt.jpg',0,1,'2026-05-06 23:23:04','2026-05-06 23:23:04'),(363,'Nằm Bên Anh',210,'https://res.cloudinary.com/dz2yltymf/video/upload/v1778084587/music/audio/rgvbixo1rkzehiiahslw.mp3','https://res.cloudinary.com/dz2yltymf/image/upload/v1778084586/music/image/rt1zucavihyhcay04vim.jpg',0,1,'2026-05-06 23:23:09','2026-05-06 23:23:09'),(364,'Nếu Không Phải Em',156,'https://res.cloudinary.com/dz2yltymf/video/upload/v1778084593/music/audio/h3unacqr3sc6ag0ynvhm.mp3','https://res.cloudinary.com/dz2yltymf/image/upload/v1778084592/music/image/ofninatxegjoxb3nl6lr.jpg',0,1,'2026-05-06 23:23:14','2026-05-06 23:23:14'),(365,'Nếu Những Tiếc Nuối',270,'https://res.cloudinary.com/dz2yltymf/video/upload/v1778084597/music/audio/ouw4e8bpovednbamwuxj.mp3','https://res.cloudinary.com/dz2yltymf/image/upload/v1778084596/music/image/og27hpyx1wifbvz5nlww.jpg',0,1,'2026-05-06 23:23:19','2026-05-06 23:23:19'),(366,'Mười Năm',247,'https://res.cloudinary.com/dz2yltymf/video/upload/v1778084602/music/audio/t1g077ufdnzlxhu5orbp.mp3','https://res.cloudinary.com/dz2yltymf/image/upload/v1778084601/music/image/jbcjzsijk6ugymdqyrrf.jpg',0,1,'2026-05-06 23:23:24','2026-05-06 23:23:24'),(367,'Ta Cứ Đi Cùng Nhau',359,'https://res.cloudinary.com/dz2yltymf/video/upload/v1778084608/music/audio/ic6of9v7qhtk1xygkevk.mp3','https://res.cloudinary.com/dz2yltymf/image/upload/v1778084606/music/image/avja8mwqditnypjs3eel.jpg',0,1,'2026-05-06 23:23:29','2026-05-06 23:23:29'),(368,'Đi Theo Bóng Mặt Trời',165,'https://res.cloudinary.com/dz2yltymf/video/upload/v1778084612/music/audio/ybvazfahexmlbvw52nd4.mp3','https://res.cloudinary.com/dz2yltymf/image/upload/v1778084611/music/image/xdri8b7a3ggrieriuhwr.jpg',0,1,'2026-05-06 23:23:34','2026-05-06 23:23:34'),(369,'ĐÁNG LÝ RA PHẢI LÀ ANH',257,'https://res.cloudinary.com/dz2yltymf/video/upload/v1778084617/music/audio/k0kvzgvazqoav61sge6h.mp3','https://res.cloudinary.com/dz2yltymf/image/upload/v1778084616/music/image/nlvi6pjfjoypw5qxajru.jpg',0,1,'2026-05-06 23:23:39','2026-05-06 23:23:39'),(370,'đưa em về nhàa',250,'https://res.cloudinary.com/dz2yltymf/video/upload/v1778084623/music/audio/znloqqwvb8jb1le17zur.mp3','https://res.cloudinary.com/dz2yltymf/image/upload/v1778084622/music/image/nwnsmx8dahq5gdp9vpb3.jpg',0,1,'2026-05-06 23:23:45','2026-05-06 23:23:45'),(371,'Mấy giờ anh qua đón em',240,'https://res.cloudinary.com/dz2yltymf/video/upload/v1778084628/music/audio/zdumncwr3mazld5su6cq.mp3','https://res.cloudinary.com/dz2yltymf/image/upload/v1778084627/music/image/ccnhpgpm4iyy3p7hbktz.jpg',0,1,'2026-05-06 23:23:50','2026-05-06 23:23:50'),(372,'ĐỂ GIỮ HÌNH BÓNG EM',152,'https://res.cloudinary.com/dz2yltymf/video/upload/v1778084633/music/audio/dgpsv0htqihhfuw076c6.mp3','https://res.cloudinary.com/dz2yltymf/image/upload/v1778084632/music/image/jxcc8f82ykcws1edx2fj.jpg',0,1,'2026-05-06 23:23:55','2026-05-06 23:23:55'),(373,'Để tôi ôm em bằng giai điệu này',270,'https://res.cloudinary.com/dz2yltymf/video/upload/v1778084638/music/audio/erqnr2tm2kjsqtivfcfq.mp3','https://res.cloudinary.com/dz2yltymf/image/upload/v1778084637/music/image/znb01ovfgpllmtp3rvcj.jpg',0,1,'2026-05-06 23:24:00','2026-05-06 23:24:00'),(374,'Đợi anh ngỏ lời',200,'https://res.cloudinary.com/dz2yltymf/video/upload/v1778084643/music/audio/zep5nfweior0nb26ahsg.mp3','https://res.cloudinary.com/dz2yltymf/image/upload/v1778084642/music/image/iwfmonvls7pxncujvtmc.jpg',0,1,'2026-05-06 23:24:05','2026-05-06 23:24:05'),(375,'Đợi Chờ',197,'https://res.cloudinary.com/dz2yltymf/video/upload/v1778084648/music/audio/phf9bwxvdysgvt5xan0w.mp3','https://res.cloudinary.com/dz2yltymf/image/upload/v1778084646/music/image/bxqkuy9eyyebe3cmbnmc.jpg',0,1,'2026-05-06 23:24:10','2026-05-06 23:24:10'),(376,'ĐỪNG CHỜ ANH NỮA',225,'https://res.cloudinary.com/dz2yltymf/video/upload/v1778084653/music/audio/jkzaexqh47g0cbu0kwlw.mp3','https://res.cloudinary.com/dz2yltymf/image/upload/v1778084652/music/image/maht5ei3rsueslolaa3s.jpg',0,1,'2026-05-06 23:24:15','2026-05-06 23:24:15'),(377,'Đừng Làm Trái Tim Anh Đau',279,'https://res.cloudinary.com/dz2yltymf/video/upload/v1778084658/music/audio/zmogdcgdrymgqr7dxux8.mp3','https://res.cloudinary.com/dz2yltymf/image/upload/v1778084657/music/image/horqj67pbvakcl2wpojr.jpg',0,1,'2026-05-06 23:24:20','2026-05-06 23:24:20'),(378,'NGHE NÓI EM ĐÃ CÓ NGƯỜI MỚI',214,'https://res.cloudinary.com/dz2yltymf/video/upload/v1778084903/music/audio/rcqktxhvizxysmdphuva.mp3','https://res.cloudinary.com/dz2yltymf/image/upload/v1778084901/music/image/mp5m1iwxtkrzj8frchau.jpg',0,1,'2026-05-06 23:28:25','2026-05-06 23:28:25'),(379,'Ngongiodemquaanhtrangdemnay',155,'https://res.cloudinary.com/dz2yltymf/video/upload/v1778084908/music/audio/zx2rg00ha06fycxe3ian.mp3','https://res.cloudinary.com/dz2yltymf/image/upload/v1778084907/music/image/pztlgdlfjlmfetx8eqie.jpg',0,1,'2026-05-06 23:28:30','2026-05-06 23:28:30'),(380,'BƯỚC NHẸ VÀO TIM ANH',180,'https://res.cloudinary.com/dz2yltymf/video/upload/v1778084913/music/audio/r6ipe4uzwtc1xc3mkvlp.mp3','https://res.cloudinary.com/dz2yltymf/image/upload/v1778084912/music/image/pacevk2kgvtsgrbeczx6.jpg',1,1,'2026-05-06 23:28:35','2026-05-06 17:04:43'),(381,'NGƯỜI BÌNH THƯỜNG',285,'https://res.cloudinary.com/dz2yltymf/video/upload/v1778084918/music/audio/zqq6i7cndsvjegvojuvr.mp3','https://res.cloudinary.com/dz2yltymf/image/upload/v1778084917/music/image/qr0choerav4ozpl5vhnf.jpg',0,1,'2026-05-06 23:28:40','2026-05-06 23:28:40'),(382,'Người Em Tìm Kiếm',202,'https://res.cloudinary.com/dz2yltymf/video/upload/v1778084923/music/audio/h8okrd0sd6ct97lvlqvp.mp3','https://res.cloudinary.com/dz2yltymf/image/upload/v1778084922/music/image/x4kyewn5ksvewzg7uwxb.jpg',0,1,'2026-05-06 23:28:45','2026-05-06 23:28:45'),(383,'NGƯỜI YÊU KHÔNG ĐÁ',189,'https://res.cloudinary.com/dz2yltymf/video/upload/v1778084927/music/audio/kuloswtti3lxvo0sf1i0.mp3','https://res.cloudinary.com/dz2yltymf/image/upload/v1778084926/music/image/ctaqxp6hbqf5xvh7sx1o.jpg',0,1,'2026-05-06 23:28:49','2026-05-06 23:28:49'),(384,'NGƯỜI ĐÁNG THƯƠNG LÀ ANH',313,'https://res.cloudinary.com/dz2yltymf/video/upload/v1778084932/music/audio/pzbelstwa0rsmxi4t8j6.mp3','https://res.cloudinary.com/dz2yltymf/image/upload/v1778084931/music/image/haq1nv03uvia8z5ozpbq.jpg',0,1,'2026-05-06 23:28:54','2026-05-06 23:28:54'),(385,'Cho Tôi Lang Thang',259,'https://res.cloudinary.com/dz2yltymf/video/upload/v1778084938/music/audio/pshm1i34rjrefs4nn4d7.mp3','https://res.cloudinary.com/dz2yltymf/image/upload/v1778084936/music/image/povk2uqpfebbyrli9e08.jpg',0,1,'2026-05-06 23:28:59','2026-05-06 23:28:59'),(386,'Những Gì Anh Nói',382,'https://res.cloudinary.com/dz2yltymf/video/upload/v1778084943/music/audio/demx63qvo2uly9i4s0sg.mp3','https://res.cloudinary.com/dz2yltymf/image/upload/v1778084941/music/image/f9ebyaeqyvye0kdkbxq1.jpg',0,1,'2026-05-06 23:29:05','2026-05-06 23:29:05'),(387,'NICE TRY',286,'https://res.cloudinary.com/dz2yltymf/video/upload/v1778084948/music/audio/zt4qjb65xg4xwejzv6jf.mp3','https://res.cloudinary.com/dz2yltymf/image/upload/v1778084947/music/image/hciuair9gyco8c84hecd.jpg',0,1,'2026-05-06 23:29:10','2026-05-06 23:29:10'),(388,'NIKOTINE',186,'https://res.cloudinary.com/dz2yltymf/video/upload/v1778084953/music/audio/vpdebry3ncpxkn9ergmb.mp3','https://res.cloudinary.com/dz2yltymf/image/upload/v1778084952/music/image/ylsd0k8ck6mopmtipfgq.jpg',0,1,'2026-05-06 23:29:15','2026-05-06 23:29:15'),(389,'Mãi Mãi Bên Nhau',280,'https://res.cloudinary.com/dz2yltymf/video/upload/v1778084958/music/audio/vkqissq39jwtj1ahmlqf.mp3','https://res.cloudinary.com/dz2yltymf/image/upload/v1778084957/music/image/hbssrmupno1prvyn3hae.jpg',0,1,'2026-05-06 23:29:19','2026-05-06 23:29:19'),(390,'Nước Mắt Em Lau Bằng Tình Yêu Mới',345,'https://res.cloudinary.com/dz2yltymf/video/upload/v1778084963/music/audio/db4lzdngnofjhswr3yj3.mp3','https://res.cloudinary.com/dz2yltymf/image/upload/v1778084961/music/image/hdjkcolcibhxig9byt5f.jpg',0,1,'2026-05-06 23:29:25','2026-05-06 23:29:25'),(391,'NƠI TA CHỜ EM',305,'https://res.cloudinary.com/dz2yltymf/video/upload/v1778084968/music/audio/xcvonhpd6ndebn56etyc.mp3','https://res.cloudinary.com/dz2yltymf/image/upload/v1778084967/music/image/o90zpbnjinmmngvctrew.jpg',0,1,'2026-05-06 23:29:30','2026-05-06 23:29:30'),(392,'Hà Nội',166,'https://res.cloudinary.com/dz2yltymf/video/upload/v1778084973/music/audio/xeb41wur6zmwxicd5ynq.mp3','https://res.cloudinary.com/dz2yltymf/image/upload/v1778084972/music/image/ih3s2clvmbnbdafw6y8e.jpg',0,1,'2026-05-06 23:29:36','2026-05-06 23:29:36'),(393,'VÌ TA CÓ LÀ GÌ CỦA NHAU',269,'https://res.cloudinary.com/dz2yltymf/video/upload/v1778084980/music/audio/lacldu5desgzvtaalxuq.mp3','https://res.cloudinary.com/dz2yltymf/image/upload/v1778084978/music/image/q5199g74zp7ymghvisbz.jpg',0,1,'2026-05-06 23:29:42','2026-05-06 23:29:42'),(394,'ĐÂU CẦN MỘT BÀI CA TÌNH YÊU',203,'https://res.cloudinary.com/dz2yltymf/video/upload/v1778084985/music/audio/bi6w47trekepcwlh7kuw.mp3','https://res.cloudinary.com/dz2yltymf/image/upload/v1778084984/music/image/c1lip8rcz8yvo16spoya.jpg',0,1,'2026-05-06 23:29:47','2026-05-06 23:29:47'),(395,'Gặp Lại Năm Ta 60',337,'https://res.cloudinary.com/dz2yltymf/video/upload/v1778084990/music/audio/knmdsdcgdnuearz2y08l.mp3','https://res.cloudinary.com/dz2yltymf/image/upload/v1778084989/music/image/wwqut9biwhfinfi3xuko.jpg',0,1,'2026-05-06 23:29:52','2026-05-06 23:29:52'),(396,'Nơi Pháo Hoa Rực Rỡ (Đi Để Trở Về 8)',309,'https://res.cloudinary.com/dz2yltymf/video/upload/v1778084995/music/audio/ndmmvc9iappyhoecbo6x.mp3','https://res.cloudinary.com/dz2yltymf/image/upload/v1778084994/music/image/ecmc5sfddjrlu3lahnox.jpg',0,1,'2026-05-06 23:29:58','2026-05-06 23:29:58'),(397,'Nụ Cười Không Vui',231,'https://res.cloudinary.com/dz2yltymf/video/upload/v1778085001/music/audio/gojcff6jgtoou42y1exz.mp3','https://res.cloudinary.com/dz2yltymf/image/upload/v1778085000/music/image/gon4jzzcbjmnosurt6pu.jpg',0,1,'2026-05-06 23:30:03','2026-05-06 23:30:03'),(398,'PARACHUTE',180,'https://res.cloudinary.com/dz2yltymf/video/upload/v1778085006/music/audio/ezeokuc1jr7e2sfaehyr.mp3','https://res.cloudinary.com/dz2yltymf/image/upload/v1778085005/music/image/lpqrlcdm2tgr9gr3dvyq.jpg',0,1,'2026-05-06 23:30:08','2026-05-06 23:30:08'),(399,'PHONE CALL',198,'https://res.cloudinary.com/dz2yltymf/video/upload/v1778085012/music/audio/ye1kn1lc8mwevnlumbhe.mp3','https://res.cloudinary.com/dz2yltymf/image/upload/v1778085011/music/image/emx9jjmu2nondbmhnzld.jpg',0,1,'2026-05-06 23:30:14','2026-05-06 23:30:14'),(400,'PHÓNG ZÌN ZÌN',203,'https://res.cloudinary.com/dz2yltymf/video/upload/v1778085018/music/audio/mqdphgbmvitafg3pyl1c.mp3','https://res.cloudinary.com/dz2yltymf/image/upload/v1778085016/music/image/mq9otlqg1js3nhpv5hjc.jpg',0,1,'2026-05-06 23:30:20','2026-05-06 23:30:20'),(401,'PICK YOU UP',186,'https://res.cloudinary.com/dz2yltymf/video/upload/v1778085023/music/audio/wfgi5zv1vnwogz9kj7qr.mp3','https://res.cloudinary.com/dz2yltymf/image/upload/v1778085022/music/image/irywrll7n1kflupuaxdb.jpg',0,1,'2026-05-06 23:30:25','2026-05-06 23:30:25'),(402,'Pure',178,'https://res.cloudinary.com/dz2yltymf/video/upload/v1778085029/music/audio/u2kci2c9kdigxmdhbcim.mp3','https://res.cloudinary.com/dz2yltymf/image/upload/v1778085028/music/image/qgspsqyyjvw1ravtfopj.jpg',0,1,'2026-05-06 23:30:30','2026-05-06 23:30:30'),(403,'PUT ME ON YOUR WISHLIST',344,'https://res.cloudinary.com/dz2yltymf/video/upload/v1778085033/music/audio/rfkfzjb0jb73otlsozsb.mp3','https://res.cloudinary.com/dz2yltymf/image/upload/v1778085032/music/image/iqsohzwoach4gnp7roi0.jpg',0,1,'2026-05-06 23:30:35','2026-05-06 23:30:35'),(404,'Qua Khung Cửa Sổ',314,'https://res.cloudinary.com/dz2yltymf/video/upload/v1778085038/music/audio/i4lrhvmccqwrmecsoiwx.mp3','https://res.cloudinary.com/dz2yltymf/image/upload/v1778085037/music/image/eumcdkyspyszmgsdqaqk.jpg',0,1,'2026-05-06 23:30:40','2026-05-06 23:30:40'),(405,'Nếu Anh Chẳng Còn Bên Em',221,'https://res.cloudinary.com/dz2yltymf/video/upload/v1778085044/music/audio/w7bhiierjgloedpfvgej.mp3','https://res.cloudinary.com/dz2yltymf/image/upload/v1778085042/music/image/caqdwmylvjqimssqiieq.jpg',0,1,'2026-05-06 23:30:47','2026-05-06 23:30:47'),(406,'REDRED',163,'https://res.cloudinary.com/dz2yltymf/video/upload/v1778085050/music/audio/fpbi1su3ylxcs3y3u41d.mp3','https://res.cloudinary.com/dz2yltymf/image/upload/v1778085049/music/image/equr1v9sxbrlmfrt7tfh.jpg',0,1,'2026-05-06 23:30:52','2026-05-06 23:30:52'),(407,'Nến Và Hoa',167,'https://res.cloudinary.com/dz2yltymf/video/upload/v1778085055/music/audio/rjz8fiym1bsq5cq1rwlw.mp3','https://res.cloudinary.com/dz2yltymf/image/upload/v1778085054/music/image/wcffyofv4ddjjvcrozvl.jpg',1,1,'2026-05-06 23:30:57','2026-05-06 16:56:21'),(408,'Ôm Trọn Thương Yêu',195,'https://res.cloudinary.com/dz2yltymf/video/upload/v1778085060/music/audio/y5isjbxst9gjhxidw7ut.mp3','https://res.cloudinary.com/dz2yltymf/image/upload/v1778085059/music/image/ewa8gbnqcnjadilwbrto.jpg',0,1,'2026-05-06 23:31:02','2026-05-06 23:31:02'),(409,'Say Yes',223,'https://res.cloudinary.com/dz2yltymf/video/upload/v1778085064/music/audio/bmnztihnaa38ysbp7f6c.mp3','https://res.cloudinary.com/dz2yltymf/image/upload/v1778085064/music/image/mjziz9b4lej3mkzldsf6.jpg',1,1,'2026-05-06 23:31:06','2026-05-07 04:50:27'),(410,'THANH XUÂN CÓ NHAU',222,'https://res.cloudinary.com/dz2yltymf/video/upload/v1778085070/music/audio/v46ihddqgukiyuncsohj.mp3','https://res.cloudinary.com/dz2yltymf/image/upload/v1778085068/music/image/prp4azpui2tfhlgvxkis.jpg',0,1,'2026-05-06 23:31:11','2026-05-06 23:31:11'),(411,'Seenderella',192,'https://res.cloudinary.com/dz2yltymf/video/upload/v1778085075/music/audio/tktblp7hpwss6epkdkor.mp3','https://res.cloudinary.com/dz2yltymf/image/upload/v1778085074/music/image/wos4mwcaymf62vkfob8l.jpg',0,1,'2026-05-06 23:31:17','2026-05-06 23:31:17'),(412,'Có Đôi Điều',174,'https://res.cloudinary.com/dz2yltymf/video/upload/v1778085080/music/audio/eu1ow2r4vkku6tspkniw.mp3','https://res.cloudinary.com/dz2yltymf/image/upload/v1778085079/music/image/ozfnsfjdsvhjewoglxn0.jpg',0,1,'2026-05-06 23:31:22','2026-05-06 23:31:22'),(413,'Perfect',188,'https://res.cloudinary.com/dz2yltymf/video/upload/v1778085085/music/audio/hpvzjhssttsxy98q1dhx.mp3','https://res.cloudinary.com/dz2yltymf/image/upload/v1778085083/music/image/tg8zxj11rzl6sz4g42k0.jpg',1,1,'2026-05-06 23:31:27','2026-05-07 04:44:33'),(414,'Si Mê',190,'https://res.cloudinary.com/dz2yltymf/video/upload/v1778085090/music/audio/s1ylb9dnu0msuxwevus4.mp3','https://res.cloudinary.com/dz2yltymf/image/upload/v1778085089/music/image/i4yyhdqxb0zhsihkyjoz.jpg',0,1,'2026-05-06 23:31:32','2026-05-06 23:31:32'),(415,'Sinh Ra Đã Là Thứ Đối Lập Nhau',248,'https://res.cloudinary.com/dz2yltymf/video/upload/v1778085096/music/audio/gwibtftstjg7dk4j3brb.mp3','https://res.cloudinary.com/dz2yltymf/image/upload/v1778085094/music/image/c3pwzmjgh46zgf3lzwi3.jpg',0,1,'2026-05-06 23:31:38','2026-05-06 23:31:38'),(416,'Anh Đã Chờ Rất Lâu',210,'https://res.cloudinary.com/dz2yltymf/video/upload/v1778085101/music/audio/d1s7ccjenghiouju6tfy.mp3','https://res.cloudinary.com/dz2yltymf/image/upload/v1778085100/music/image/e5dx84jjnsmwdcrdzdig.jpg',0,1,'2026-05-06 23:31:43','2026-05-06 23:31:43'),(417,'Some Tình',186,'https://res.cloudinary.com/dz2yltymf/video/upload/v1778085106/music/audio/lgartl1fi3ufeaohi5aj.mp3','https://res.cloudinary.com/dz2yltymf/image/upload/v1778085105/music/image/vgbqcwilr1x0rvqp4uxe.jpg',0,1,'2026-05-06 23:31:47','2026-05-06 23:31:47'),(418,'SPACE',107,'https://res.cloudinary.com/dz2yltymf/video/upload/v1778085110/music/audio/vlipigocl56pktw5kbxy.mp3','https://res.cloudinary.com/dz2yltymf/image/upload/v1778085109/music/image/gsmezvb8yqokmqj7glnf.jpg',0,1,'2026-05-06 23:31:52','2026-05-06 23:31:52'),(419,'Bullet Train',170,'https://res.cloudinary.com/dz2yltymf/video/upload/v1778085115/music/audio/aiv5f0nuymfvpbob8q3y.mp3','https://res.cloudinary.com/dz2yltymf/image/upload/v1778085114/music/image/uyx1fcczkjpbnqsv5kxd.jpg',0,1,'2026-05-06 23:31:59','2026-05-06 23:31:59'),(420,'วิวาห์',182,'https://res.cloudinary.com/dz2yltymf/video/upload/v1778085122/music/audio/c4nfjyppncypcelyhogs.mp3','https://res.cloudinary.com/dz2yltymf/image/upload/v1778085121/music/image/nn7n26k97tldmrbxndqv.jpg',0,1,'2026-05-06 23:32:04','2026-05-06 23:32:04'),(421,'Chẳng hành trình nào là phung phí',189,'https://res.cloudinary.com/dz2yltymf/video/upload/v1778085127/music/audio/xyxrdgpu77egnij82rmz.mp3','https://res.cloudinary.com/dz2yltymf/image/upload/v1778085126/music/image/k3ubshnr3h2hxsl8wbzw.jpg',1,1,'2026-05-06 23:32:09','2026-05-06 16:38:11'),(422,'SYMY',170,'https://res.cloudinary.com/dz2yltymf/video/upload/v1778085132/music/audio/vitem79tjes5xgndp8nh.mp3','https://res.cloudinary.com/dz2yltymf/image/upload/v1778085131/music/image/g9l2jzilaruc4arfu9b7.jpg',0,1,'2026-05-06 23:32:15','2026-05-06 23:32:15'),(423,'SÀI GÒN ĐAU LÒNG QUÁ',309,'https://res.cloudinary.com/dz2yltymf/video/upload/v1778085139/music/audio/npykg8gyilq2ca7lnx2y.mp3','https://res.cloudinary.com/dz2yltymf/image/upload/v1778085137/music/image/luynbzar2lw6ogbhwbsw.jpg',0,1,'2026-05-06 23:32:21','2026-05-06 23:32:21'),(424,'Lần Sau',267,'https://res.cloudinary.com/dz2yltymf/video/upload/v1778085146/music/audio/azot2njflciy0jrb0knr.mp3','https://res.cloudinary.com/dz2yltymf/image/upload/v1778085143/music/image/xyaquwxivnwli7r8xq4o.jpg',0,1,'2026-05-06 23:32:28','2026-05-06 23:32:28'),(425,'Từ Lúc Em Có Anh',198,'https://res.cloudinary.com/dz2yltymf/video/upload/v1778085153/music/audio/ubobvntmtdfd3jnkmh92.mp3','https://res.cloudinary.com/dz2yltymf/image/upload/v1778085150/music/image/zapisj3ubw18pmj2qozu.jpg',0,1,'2026-05-06 23:32:35','2026-05-06 23:32:35'),(426,'The Mummy',126,'https://res.cloudinary.com/dz2yltymf/video/upload/v1778085160/music/audio/oim1ezmlqkdp1zl4xtbu.mp3','https://res.cloudinary.com/dz2yltymf/image/upload/v1778085157/music/image/pmypvet0hui7vd8d3xvw.jpg',0,1,'2026-05-06 23:32:42','2026-05-06 23:32:42'),(427,'THINKING ABOUT YOU',160,'https://res.cloudinary.com/dz2yltymf/video/upload/v1778085166/music/audio/ibyrtffkvx0j4fpzhnoi.mp3','https://res.cloudinary.com/dz2yltymf/image/upload/v1778085163/music/image/al05ydhgs01ebx90sxto.jpg',0,1,'2026-05-06 23:32:48','2026-05-06 23:32:48'),(428,'This Way',197,'https://res.cloudinary.com/dz2yltymf/video/upload/v1778085174/music/audio/eeaadbpfcpsn6o9rddsy.mp3','https://res.cloudinary.com/dz2yltymf/image/upload/v1778085170/music/image/r7qxtk5jpdp7o9nwr3fy.jpg',0,1,'2026-05-06 23:32:55','2026-05-06 23:32:55'),(429,'Thành phố phía Đông',223,'https://res.cloudinary.com/dz2yltymf/video/upload/v1778085181/music/audio/xxhttz0489vlsxtbi2xc.mp3','https://res.cloudinary.com/dz2yltymf/image/upload/v1778085178/music/image/qkvi5yfwspx8fvqlwo9a.jpg',0,1,'2026-05-06 23:33:03','2026-05-06 23:33:03'),(430,'Thì Thôi',353,'https://res.cloudinary.com/dz2yltymf/video/upload/v1778085189/music/audio/l93eiy6ofuul8lec4knu.mp3','https://res.cloudinary.com/dz2yltymf/image/upload/v1778085185/music/image/xvdfrjgity5fj29xdmdl.jpg',0,1,'2026-05-06 23:33:11','2026-05-06 23:33:11'),(431,'THÔNG THÁI',227,'https://res.cloudinary.com/dz2yltymf/video/upload/v1778085195/music/audio/lxwrm6j2bklhydl3w7qm.mp3','https://res.cloudinary.com/dz2yltymf/image/upload/v1778085193/music/image/itccmohinjyzsixzniu9.jpg',0,1,'2026-05-06 23:33:17','2026-05-06 23:33:17'),(432,'Thương Em Là Điều Anh Không Thể Ngờ (#TELDAKTN)',308,'https://res.cloudinary.com/dz2yltymf/video/upload/v1778085202/music/audio/fpqynij3eeq9hdrntft9.mp3','https://res.cloudinary.com/dz2yltymf/image/upload/v1778085199/music/image/ddppyywaeuw3xdochdwx.jpg',0,1,'2026-05-06 23:33:24','2026-05-06 23:33:24'),(433,'Gửi Ngân',288,'https://res.cloudinary.com/dz2yltymf/video/upload/v1778085208/music/audio/i67d6bc1ahc9jg99c4q1.mp3','https://res.cloudinary.com/dz2yltymf/image/upload/v1778085206/music/image/hxhjuxc5yqjbm5jtkd4b.jpg',0,1,'2026-05-06 23:33:31','2026-05-06 23:33:31'),(434,'Về Phía Mưa',333,'https://res.cloudinary.com/dz2yltymf/video/upload/v1778085216/music/audio/fg21qarumd23eahbomkg.mp3','https://res.cloudinary.com/dz2yltymf/image/upload/v1778085213/music/image/akasfkisfdl1riappyns.jpg',0,1,'2026-05-06 23:33:38','2026-05-06 23:33:38'),(435,'CHUYỆN RẰNG',277,'https://res.cloudinary.com/dz2yltymf/video/upload/v1778085224/music/audio/zvh275wgtefibhexnu7p.mp3','https://res.cloudinary.com/dz2yltymf/image/upload/v1778085221/music/image/jvnfo1qkcdjyqeqt9rew.jpg',0,1,'2026-05-06 23:33:46','2026-05-06 23:33:46'),(436,'tiny love',167,'https://res.cloudinary.com/dz2yltymf/video/upload/v1778085230/music/audio/p93pbqecdw8gijaztrco.mp3','https://res.cloudinary.com/dz2yltymf/image/upload/v1778085229/music/image/rle2w9ubvs8y5qz9lcam.jpg',0,1,'2026-05-06 23:33:52','2026-05-06 23:33:52'),(437,'Thức Giấc',317,'https://res.cloudinary.com/dz2yltymf/video/upload/v1778085237/music/audio/du8tehmmnwnwcgh6jkrs.mp3','https://res.cloudinary.com/dz2yltymf/image/upload/v1778085234/music/image/haws6nghfklpqm3wdjqq.jpg',0,1,'2026-05-06 23:33:58','2026-05-06 23:33:58'),(438,'Ai Đưa Em Về',264,'https://res.cloudinary.com/dz2yltymf/video/upload/v1778085243/music/audio/nhjteoijwi7jf2jb3opc.mp3','https://res.cloudinary.com/dz2yltymf/image/upload/v1778085240/music/image/owewit1xzeexlobh5xcv.jpg',0,1,'2026-05-06 23:34:05','2026-05-06 23:34:05'),(439,'Tinh Cầu Và Tàu Con Thoi',233,'https://res.cloudinary.com/dz2yltymf/video/upload/v1778085249/music/audio/vwa0y9khiuqeosbcpxj2.mp3','https://res.cloudinary.com/dz2yltymf/image/upload/v1778085247/music/image/nefn7ywklvqawz8p72mk.jpg',0,1,'2026-05-06 23:34:11','2026-05-06 23:34:11'),(440,'Tiến Hay Lùi',187,'https://res.cloudinary.com/dz2yltymf/video/upload/v1778085255/music/audio/wr0xysvjswbwjxwttlhu.mp3','https://res.cloudinary.com/dz2yltymf/image/upload/v1778085253/music/image/f2sbgy0azfftoqoxgxil.jpg',1,1,'2026-05-06 23:34:17','2026-05-06 17:01:34'),(441,'Nếu Lúc Đó',325,'https://res.cloudinary.com/dz2yltymf/video/upload/v1778085261/music/audio/kufrbnrrr5tshcsqr2p1.mp3','https://res.cloudinary.com/dz2yltymf/image/upload/v1778085259/music/image/ovcnm620nrdes2beqbpr.jpg',0,1,'2026-05-06 23:34:23','2026-05-06 23:34:23'),(442,'Thích Quá Rùi Nà',177,'https://res.cloudinary.com/dz2yltymf/video/upload/v1778085267/music/audio/jnv8kwndvzj2noenbhkm.mp3','https://res.cloudinary.com/dz2yltymf/image/upload/v1778085265/music/image/suaeo4gylspt8gnys5j2.jpg',0,1,'2026-05-06 23:34:29','2026-05-06 23:34:29'),(443,'NGÀY MAI EM ĐI',227,'https://res.cloudinary.com/dz2yltymf/video/upload/v1778085272/music/audio/o9hilrubng694qxiuhqh.mp3','https://res.cloudinary.com/dz2yltymf/image/upload/v1778085271/music/image/ewlc0tbghmp0b0n1dfad.jpg',0,1,'2026-05-06 23:34:35','2026-05-06 23:34:35'),(444,'Track 06',165,'https://res.cloudinary.com/dz2yltymf/video/upload/v1778085277/music/audio/gysltzv9caoqohwchino.mp3','https://res.cloudinary.com/dz2yltymf/image/upload/v1778085277/music/image/f5oflbzpcikrdio0rlo7.jpg',0,1,'2026-05-06 23:34:40','2026-05-06 23:34:40'),(445,'Trong cơn mưa đêm',244,'https://res.cloudinary.com/dz2yltymf/video/upload/v1778085283/music/audio/digqu0n7zstmqnpkeyig.mp3','https://res.cloudinary.com/dz2yltymf/image/upload/v1778085282/music/image/vrgxsomasjuch7slfqkp.jpg',0,1,'2026-05-06 23:34:45','2026-05-06 23:34:45'),(446,'TÌNH PHÔI PHAI',245,'https://res.cloudinary.com/dz2yltymf/video/upload/v1778085289/music/audio/tzouy6ud5l4nocqvz19h.mp3','https://res.cloudinary.com/dz2yltymf/image/upload/v1778085288/music/image/jvsew5ofesbnaud4o8tc.jpg',0,1,'2026-05-06 23:34:51','2026-05-06 23:34:51'),(447,'Tình Thật Tình Mơ',179,'https://res.cloudinary.com/dz2yltymf/video/upload/v1778085294/music/audio/nsvqtkmdbfddk8wbbeam.mp3','https://res.cloudinary.com/dz2yltymf/image/upload/v1778085293/music/image/jklngfbgpaemad2l3ib2.jpg',0,1,'2026-05-06 23:34:56','2026-05-06 23:34:56'),(448,'Tín Hiệu Từ Trái Tim',200,'https://res.cloudinary.com/dz2yltymf/video/upload/v1778085300/music/audio/l5ldrb8p6hzrgww5f5wk.mp3','https://res.cloudinary.com/dz2yltymf/image/upload/v1778085298/music/image/ogt5vrciuvvmw22bcz9o.jpg',0,1,'2026-05-06 23:35:01','2026-05-06 23:35:01'),(449,'Không Tán Tỉnh Em Đâu',211,'https://res.cloudinary.com/dz2yltymf/video/upload/v1778085304/music/audio/kslqkglp5hobyeirdnyy.mp3','https://res.cloudinary.com/dz2yltymf/image/upload/v1778085303/music/image/jqi7ufzn8h0ccdaaju9n.jpg',0,1,'2026-05-06 23:35:07','2026-05-06 23:35:07'),(450,'Bây Giờ Tháng Mấy',189,'https://res.cloudinary.com/dz2yltymf/video/upload/v1778085310/music/audio/ieckuddrleep3umygxme.mp3','https://res.cloudinary.com/dz2yltymf/image/upload/v1778085309/music/image/kt8kkqxbwfldy9ll3uui.jpg',0,1,'2026-05-06 23:35:12','2026-05-06 23:35:12'),(451,'từ 1 sẽ thành 2',254,'https://res.cloudinary.com/dz2yltymf/video/upload/v1778085315/music/audio/hllbupna1sekup8pdtkm.mp3','https://res.cloudinary.com/dz2yltymf/image/upload/v1778085314/music/image/nratufpkpuzwdvcas9oz.jpg',0,1,'2026-05-06 23:35:18','2026-05-06 23:35:18'),(452,'Từ khi quen em anh đã mơ',136,'https://res.cloudinary.com/dz2yltymf/video/upload/v1778085321/music/audio/rktnzetgkfkgztbpo89n.mp3','https://res.cloudinary.com/dz2yltymf/image/upload/v1778085320/music/image/caecqpqdmq7zkgvtj5p1.jpg',0,1,'2026-05-06 23:35:23','2026-05-06 23:35:23'),(453,'Từ Ngày Hôm Nay',225,'https://res.cloudinary.com/dz2yltymf/video/upload/v1778085326/music/audio/nnrnsytaqwu7iflgfeic.mp3','https://res.cloudinary.com/dz2yltymf/image/upload/v1778085325/music/image/bv32ubmgnezhhiyhvkfr.jpg',0,1,'2026-05-06 23:35:28','2026-05-06 23:35:28'),(454,'TỪNG LÀ',276,'https://res.cloudinary.com/dz2yltymf/video/upload/v1778085331/music/audio/thpieqmi9cteaoxqcahn.mp3','https://res.cloudinary.com/dz2yltymf/image/upload/v1778085330/music/image/sasdn213bfqzwxfar21s.jpg',0,1,'2026-05-06 23:35:33','2026-05-06 23:35:33'),(455,'Từng Ngày Yêu Em',221,'https://res.cloudinary.com/dz2yltymf/video/upload/v1778085336/music/audio/aozekwalydnuta8kqupb.mp3','https://res.cloudinary.com/dz2yltymf/image/upload/v1778085335/music/image/ratmbhtixa05vw2jtyvr.jpg',0,1,'2026-05-06 23:35:38','2026-05-06 23:35:38'),(456,'Vegas',175,'https://res.cloudinary.com/dz2yltymf/video/upload/v1778085342/music/audio/n6fqgicm90fd9azj4j5b.mp3','https://res.cloudinary.com/dz2yltymf/image/upload/v1778085340/music/image/twspkxjazqebd5ottari.jpg',0,1,'2026-05-06 23:35:44','2026-05-06 23:35:44'),(457,'Gửi em',174,'https://res.cloudinary.com/dz2yltymf/video/upload/v1778085347/music/audio/ni79ul9ztlggor37ye0h.mp3','https://res.cloudinary.com/dz2yltymf/image/upload/v1778085346/music/image/urujvdrbi5enavweluwz.jpg',0,1,'2026-05-06 23:35:49','2026-05-06 23:35:49'),(458,'Ai Ngoài Anh',199,'https://res.cloudinary.com/dz2yltymf/video/upload/v1778085352/music/audio/ya1ctoxlutvvutfm6i1a.mp3','https://res.cloudinary.com/dz2yltymf/image/upload/v1778085351/music/image/exaeq7iakpo5ismtkvcb.jpg',1,1,'2026-05-06 23:35:53','2026-05-06 16:59:18'),(459,'Mơ (Dreaming)',334,'https://res.cloudinary.com/dz2yltymf/video/upload/v1778085357/music/audio/glh7zvj84palpwhcgqrj.mp3','https://res.cloudinary.com/dz2yltymf/image/upload/v1778085356/music/image/yvhhb4qgjvwre5yqj6sv.jpg',0,1,'2026-05-06 23:35:58','2026-05-06 23:35:58'),(460,'Và Thế Giới Đã Mất Đi Một Người Cô Đơn',201,'https://res.cloudinary.com/dz2yltymf/video/upload/v1778085361/music/audio/xxczf0mjofgzfuqq68sf.mp3','https://res.cloudinary.com/dz2yltymf/image/upload/v1778085360/music/image/fs0gyjpzy6jjcqu0ridk.jpg',2,1,'2026-05-06 23:36:03','2026-05-07 04:40:28'),(461,'Vì Anh Đâu Có Biết',260,'https://res.cloudinary.com/dz2yltymf/video/upload/v1778085366/music/audio/cxv60l4w2g2iyun9oulo.mp3','https://res.cloudinary.com/dz2yltymf/image/upload/v1778085365/music/image/xjk1nofk6rcff7lhsjdi.jpg',0,1,'2026-05-06 23:36:08','2026-05-06 23:36:08'),(462,'VÌ MỘT CÂU NÓI',399,'https://res.cloudinary.com/dz2yltymf/video/upload/v1778085372/music/audio/dydatrxeepzu2dorxks0.mp3','https://res.cloudinary.com/dz2yltymf/image/upload/v1778085371/music/image/jxs5xpaotxcfnd31unyg.jpg',0,1,'2026-05-06 23:36:15','2026-05-06 23:36:15'),(463,'Vùng Ký Ức',328,'https://res.cloudinary.com/dz2yltymf/video/upload/v1778085378/music/audio/tohqaktiuu60vdmc8lou.mp3','https://res.cloudinary.com/dz2yltymf/image/upload/v1778085377/music/image/yivpvyqhheiv8cx0cwds.jpg',0,1,'2026-05-06 23:36:20','2026-05-06 23:36:20'),(464,'MỘT NGÀN NỖI ĐAU',322,'https://res.cloudinary.com/dz2yltymf/video/upload/v1778085383/music/audio/tebvjcsqlocuzgoyt6y6.mp3','https://res.cloudinary.com/dz2yltymf/image/upload/v1778085382/music/image/ctq5jujavpeczqkk3lzh.jpg',0,1,'2026-05-06 23:36:25','2026-05-06 23:36:25'),(465,'ƯỚT LÒNG',282,'https://res.cloudinary.com/dz2yltymf/video/upload/v1778085388/music/audio/ihxibnggzc3kbosskwpg.mp3','https://res.cloudinary.com/dz2yltymf/image/upload/v1778085387/music/image/ngic4uf3spuihwrebvhq.jpg',0,1,'2026-05-06 23:36:30','2026-05-06 23:36:30'),(466,'Vườn Hoa Con Cá',236,'https://res.cloudinary.com/dz2yltymf/video/upload/v1778085393/music/audio/mtiszllsgyhrdmgchcpf.mp3','https://res.cloudinary.com/dz2yltymf/image/upload/v1778085392/music/image/sbqrcfp4jbnv8g0jn6i5.jpg',1,1,'2026-05-06 23:36:35','2026-05-06 16:53:48'),(467,'Vườn mây vừa hay',269,'https://res.cloudinary.com/dz2yltymf/video/upload/v1778085398/music/audio/ngcjzfhkmnxypcuwy2jf.mp3','https://res.cloudinary.com/dz2yltymf/image/upload/v1778085397/music/image/g9tdn8lekpjkle8oqut9.jpg',1,1,'2026-05-06 23:36:40','2026-05-06 17:26:14'),(468,'Vạn Vật Như Muốn Ta Bên Nhau',186,'https://res.cloudinary.com/dz2yltymf/video/upload/v1778085403/music/audio/apfqa5ixg22jaaegol8y.mp3','https://res.cloudinary.com/dz2yltymf/image/upload/v1778085402/music/image/d15kovejatufhijoloie.jpg',1,1,'2026-05-06 23:36:45','2026-05-06 17:23:06'),(469,'Wassup',185,'https://res.cloudinary.com/dz2yltymf/video/upload/v1778085408/music/audio/lreauqwhccuifbdvvlhq.mp3','https://res.cloudinary.com/dz2yltymf/image/upload/v1778085407/music/image/bz3gip6ipxxtwhqr5cml.jpg',0,1,'2026-05-06 23:36:51','2026-05-06 23:36:51'),(470,'badbye',212,'https://res.cloudinary.com/dz2yltymf/video/upload/v1778085413/music/audio/yld4bpdn0yfswcyrl6vc.mp3','https://res.cloudinary.com/dz2yltymf/image/upload/v1778085413/music/image/fjlgzxaqdjmm9r2ps9rh.jpg',1,1,'2026-05-06 23:36:56','2026-05-07 04:40:08'),(471,'BAO LÂU RỒI EM',205,'https://res.cloudinary.com/dz2yltymf/video/upload/v1778085419/music/audio/mulku2fz10kolpsnf2dw.mp3','https://res.cloudinary.com/dz2yltymf/image/upload/v1778085418/music/image/mmfifsqz4zegbviaxhux.jpg',1,1,'2026-05-06 23:37:01','2026-05-07 04:47:42'),(472,'Welcome to My Boring Life',193,'https://res.cloudinary.com/dz2yltymf/video/upload/v1778085424/music/audio/tzengo4avbm3qgrvaex9.mp3','https://res.cloudinary.com/dz2yltymf/image/upload/v1778085423/music/image/p4boznopjrfq7vrxjlph.jpg',0,1,'2026-05-06 23:37:06','2026-05-06 23:37:06'),(473,'WHAT\'LL YOU SAY？',156,'https://res.cloudinary.com/dz2yltymf/video/upload/v1778085430/music/audio/ls44dlcyfqfqyv5ijz7h.mp3','https://res.cloudinary.com/dz2yltymf/image/upload/v1778085428/music/image/f7wp8ueqrwwpbbpleytz.jpg',0,1,'2026-05-06 23:37:11','2026-05-06 23:37:11'),(474,'W⧸n',302,'https://res.cloudinary.com/dz2yltymf/video/upload/v1778085435/music/audio/efujxt8dmpckp5p7elhh.mp3','https://res.cloudinary.com/dz2yltymf/image/upload/v1778085434/music/image/brbfiydjgq7kq1pzpske.jpg',0,1,'2026-05-06 23:37:17','2026-05-06 23:37:17'),(475,'Xin Anh Đừng',232,'https://res.cloudinary.com/dz2yltymf/video/upload/v1778085440/music/audio/q9ld4vanfenun43sl7yd.mp3','https://res.cloudinary.com/dz2yltymf/image/upload/v1778085439/music/image/rfbg2o3nqa6sifjgxvo5.jpg',0,1,'2026-05-06 23:37:22','2026-05-06 23:37:22'),(476,'XIN ĐỪNG NHẤC MÁY',224,'https://res.cloudinary.com/dz2yltymf/video/upload/v1778085445/music/audio/qjlehzljgvr9ys77ul6s.mp3','https://res.cloudinary.com/dz2yltymf/image/upload/v1778085444/music/image/mnonsb7viimjcthghyuz.jpg',0,1,'2026-05-06 23:37:27','2026-05-06 23:37:27'),(477,'XẮN TAY ÁO LÊN (CHILL VERSION)',200,'https://res.cloudinary.com/dz2yltymf/video/upload/v1778085450/music/audio/f7778xl54fgccivymdxq.mp3','https://res.cloudinary.com/dz2yltymf/image/upload/v1778085449/music/image/qo0z5enin4ypc6qjvru9.jpg',0,1,'2026-05-06 23:37:32','2026-05-06 23:37:32'),(478,'YOUNG CREATOR CREW',177,'https://res.cloudinary.com/dz2yltymf/video/upload/v1778085454/music/audio/jbynqjgpmaqdbo3dmdsq.mp3','https://res.cloudinary.com/dz2yltymf/image/upload/v1778085454/music/image/hvcne8vkcrrpjjfx1mdr.jpg',0,1,'2026-05-06 23:37:36','2026-05-06 23:37:36'),(479,'Yêu Một Người Có Lẻ',264,'https://res.cloudinary.com/dz2yltymf/video/upload/v1778085460/music/audio/b2sxpndbgi2yha39d5il.mp3','https://res.cloudinary.com/dz2yltymf/image/upload/v1778085458/music/image/cngndfqikd2xkfzljfep.jpg',0,1,'2026-05-06 23:37:41','2026-05-06 23:37:41'),(480,'YÊU ĐƠN PHƯƠNG',203,'https://res.cloudinary.com/dz2yltymf/video/upload/v1778085465/music/audio/rohbcmzknboylgcp0r5p.mp3','https://res.cloudinary.com/dz2yltymf/image/upload/v1778085464/music/image/ghvfdqtlqk453dby3zfs.jpg',0,1,'2026-05-06 23:37:46','2026-05-06 23:37:46'),(481,'YÊU, ĐỢI, VỠ 2',165,'https://res.cloudinary.com/dz2yltymf/video/upload/v1778085469/music/audio/rl0kpdwelfnybtyjmenc.mp3','https://res.cloudinary.com/dz2yltymf/image/upload/v1778085468/music/image/u80ykeu5nn8jibluq0ik.jpg',1,1,'2026-05-06 23:37:51','2026-05-07 04:39:31'),(482,'ÔM TRỌN NỖI NHỚ',227,'https://res.cloudinary.com/dz2yltymf/video/upload/v1778085474/music/audio/aemsa5nvmtxgj6u61slr.mp3','https://res.cloudinary.com/dz2yltymf/image/upload/v1778085473/music/image/k9ofcexofb1c9kyqpei7.jpg',2,1,'2026-05-06 23:37:56','2026-05-07 04:43:50'),(483,'BIẾT ĐÂU SAU NÀY',196,'https://res.cloudinary.com/dz2yltymf/video/upload/v1778086059/music/audio/nc8ukm2rkpb5cjl3lsu7.mp3','https://res.cloudinary.com/dz2yltymf/image/upload/v1778076777/music/image/cuem0iwtaiogk0lzpzpo.jpg',2,1,'2026-05-06 23:47:41','2026-05-06 17:11:16');
/*!40000 ALTER TABLE `songs` ENABLE KEYS */;
UNLOCK TABLES;

--
-- Table structure for table `users`
--

DROP TABLE IF EXISTS `users`;
/*!40101 SET @saved_cs_client     = @@character_set_client */;
/*!50503 SET character_set_client = utf8mb4 */;
CREATE TABLE `users` (
  `user_id` int NOT NULL AUTO_INCREMENT,
  `username` varchar(100) NOT NULL,
  `email` varchar(100) NOT NULL,
  `password` varchar(255) NOT NULL,
  `first_name` varchar(100) DEFAULT NULL,
  `last_name` varchar(100) DEFAULT NULL,
  `birthday` date DEFAULT NULL,
  `phone_number` varchar(20) DEFAULT NULL,
  `address` varchar(255) DEFAULT NULL,
  `gender` enum('male','female','other') DEFAULT NULL,
  `avatar_url` varchar(500) DEFAULT NULL,
  `role` enum('user','admin','super_admin') NOT NULL DEFAULT 'user',
  `is_active` tinyint(1) NOT NULL DEFAULT '0',
  `activity_status` enum('online','offline') NOT NULL DEFAULT 'offline',
  `created_at` datetime DEFAULT CURRENT_TIMESTAMP,
  `updated_at` datetime DEFAULT CURRENT_TIMESTAMP,
  PRIMARY KEY (`user_id`),
  UNIQUE KEY `unique_users_username` (`username`),
  UNIQUE KEY `unique_users_email` (`email`)
) ENGINE=InnoDB AUTO_INCREMENT=5 DEFAULT CHARSET=utf8mb4 COLLATE=utf8mb4_0900_ai_ci;
/*!40101 SET character_set_client = @saved_cs_client */;

--
-- Dumping data for table `users`
--

LOCK TABLES `users` WRITE;
/*!40000 ALTER TABLE `users` DISABLE KEYS */;
INSERT INTO `users` VALUES (1,'dinhbao05','ddinhbao05@gmail.com','$2b$10$N9/2DQDFxxGIqmPYW6iJnuheIsY/EQ2SQDoZQLXd1oCIQPM8U1mdq',NULL,NULL,NULL,NULL,NULL,NULL,NULL,'user',0,'online','2026-04-26 04:19:35','2026-05-07 03:53:29'),(2,'adminvippro','admin@gmail.com','$2b$10$rGzN4OKYmDJPd4C3hme5wOMDrv2vlQRXjg2o7B9JUk/G7pvYFcBgi','ai ','vậy',NULL,NULL,NULL,NULL,NULL,'super_admin',1,'offline','2026-04-26 09:38:17','2026-05-01 01:37:33'),(3,'user01','user01@gmail.com','$2b$10$vWpUQI0VK/Zd1feginRt3uxd3oqnZcFKFs/3.8kUvjqej1SWGvWLS',NULL,NULL,NULL,NULL,NULL,NULL,NULL,'user',0,'offline','2026-04-27 04:32:25','2026-04-27 04:36:47'),(4,'user11','user11@gmail.com','$2b$10$QjE/Cg5KMfH3n7WsfjxScu0UYhSpYWYe5O74SFZpSEqN97bSB5JmO','Huỳnh Đình','Thạch','2026-05-07',NULL,NULL,'male',NULL,'user',0,'online','2026-05-05 08:37:25','2026-05-06 17:12:13');
/*!40000 ALTER TABLE `users` ENABLE KEYS */;
UNLOCK TABLES;
/*!40103 SET TIME_ZONE=@OLD_TIME_ZONE */;

/*!40101 SET SQL_MODE=@OLD_SQL_MODE */;
/*!40014 SET FOREIGN_KEY_CHECKS=@OLD_FOREIGN_KEY_CHECKS */;
/*!40014 SET UNIQUE_CHECKS=@OLD_UNIQUE_CHECKS */;
/*!40101 SET CHARACTER_SET_CLIENT=@OLD_CHARACTER_SET_CLIENT */;
/*!40101 SET CHARACTER_SET_RESULTS=@OLD_CHARACTER_SET_RESULTS */;
/*!40101 SET COLLATION_CONNECTION=@OLD_COLLATION_CONNECTION */;
/*!40111 SET SQL_NOTES=@OLD_SQL_NOTES */;

-- Dump completed on 2026-05-07  5:13:59
